"Name","TID","Type","TypeCN","Disabled","ExistsApple","ExistsAndroid","ExistsCN","DisabledCN","ExistsAppleCN","ExistsAndroidCN","GeoSet","Diamonds","BonusPercentage","USD","Order","RMB","TencentID","IconExportName","FrameNumber","StarterPackNumber","XpLevelReq","ValueFactor","LabelTID","LabelValue","TagLabelTID","Bg","Decor","IsPromotion","Coins","RefundGemValue","PricingValueEqualGems","SCIDStore","PremiumPass","PremiumPlusPass","BundledTierCount","DiscountOf","BundledXP"
"String","String","int","int","boolean","boolean","boolean","boolean","boolean","boolean","boolean","int","int","int","int","int","int","string","string","int","int","int","int","String","int","String","int","int","boolean","int","int","int","boolean","boolean","boolean","int","String","int"
"com.supercell.laser.gempack0","TID_SHOP_GEM_PACK_1_TITLE",1,,,"TRUE","TRUE","FALSE","TRUE",,,100,30,,199,1,,,"shop_gem_0",0,,,,,,,,,,,30,,,,"FALSE",,,
"com.supercell.laser.gempack1","TID_SHOP_GEM_PACK_2_TITLE",1,,,"TRUE","TRUE","FALSE","TRUE",,,100,80,0,499,2,,,"shop_gem_1",1,,,,"TID_SHOP_LABEL_BREAKDOWN",5,,,,,,80,,,,"FALSE",,,
"com.supercell.laser.gempack2","TID_SHOP_GEM_PACK_3_TITLE",1,,,"TRUE","TRUE","FALSE","TRUE",,,100,170,5,999,3,,,"shop_gem_2",2,,,,"TID_SHOP_LABEL_BREAKDOWN",19,"TID_SHOP_LABEL_POPULAR",,,,,170,,,,"FALSE",,,
"com.supercell.laser.gempack3","TID_SHOP_GEM_PACK_4_TITLE",1,,,"TRUE","TRUE","FALSE","TRUE",,,100,360,15,1999,4,,,"shop_gem_3",3,,,,"TID_SHOP_LABEL_BREAKDOWN",59,,,,,,360,,,,"FALSE",,,
"com.supercell.laser.gempack4","TID_SHOP_GEM_PACK_5_TITLE",1,,,"TRUE","TRUE","FALSE","TRUE",,,100,950,20,4999,5,,,"shop_gem_4",4,,,,"TID_SHOP_LABEL_BREAKDOWN",196,,,,,,950,,,,"FALSE",,,
"com.supercell.laser.gempack5","TID_SHOP_GEM_PACK_6_TITLE",1,,,"TRUE","TRUE","FALSE","TRUE",,,100,2000,25,9999,6,,,"shop_gem_5",5,,,,"TID_SHOP_LABEL_BREAKDOWN",493,"TID_SHOP_LABEL_BEST_VALUE",,,,,2000,,,,"FALSE",,,
"com.supercell.laser.starterpack1","TID_STARTER_PACK_1",2,,"TRUE","FALSE","FALSE","FALSE","TRUE",,,,110,,299,0,,,,,1,5,4,,,,1,0,,600,181,,,,"FALSE",,,
"com.supercell.laser.starterpack2","TID_STARTER_PACK_2",2,,"TRUE","FALSE","FALSE","FALSE","TRUE",,,,190,,399,0,,,,,2,15,4,,,,1,0,,450,243,,,,"FALSE",,,
"com.supercell.laser.starterpack3","TID_STARTER_PACK_3",2,,"TRUE","FALSE","FALSE","FALSE","TRUE",,,,240,,499,0,,,,,3,25,4,,,,1,0,,700,322,,,,"FALSE",,,
"com.supercell.laser.starterpack4","TID_STARTER_PACK_4",2,,"TRUE","FALSE","FALSE","FALSE","TRUE",,,,320,,599,0,,,,,4,35,4,,,,1,0,,700,402,,,,"FALSE",,,
"com.supercell.laser.xmas2018pack","TID_IAP_XMAS2018_PACK",3,,"TRUE","FALSE","FALSE","FALSE","TRUE",,,,330,,499,9,,,,,,,4,,,,3,1,,,330,,,,"FALSE",,,
"com.supercell.laser.starterpackx","TID_STARTER_PACK_0",2,,"TRUE","FALSE","FALSE","FALSE","TRUE",,,,330,,499,0,,,,,0,0,4,,,,1,3,,,330,,,,"FALSE",,,
"com.supercell.laser.starterpack5","TID_STARTER_PACK_5",2,,"TRUE","FALSE","FALSE","FALSE","TRUE",,,,340,,699,0,,,,,5,50,4,,,,1,0,,900,446,,,,"FALSE",,,
"com.supercell.laser.starterpack6","TID_STARTER_PACK_6",2,,"TRUE","FALSE","FALSE","FALSE","TRUE",,,,420,,799,0,,,,,6,75,4,,,,1,0,,900,526,,,,"FALSE",,,
"com.supercell.laser.starterpack7","TID_STARTER_PACK_7",2,,"TRUE","FALSE","FALSE","FALSE","TRUE",,,,390,,899,0,,,,,7,100,4,,,,1,0,,2000,625,,,,"FALSE",,,
"com.supercell.laser.lny2019pack","TID_IAP_LNY2019_PACK",3,,"TRUE","FALSE","FALSE","FALSE","TRUE",,,,330,,999,9,,,,,,,3,,,,3,2,,1500,506,,,,"FALSE",,,
"com.supercell.laser.march2019pack","TID_IAP_REFRESHER_PACK",3,,"TRUE","FALSE","FALSE","FALSE","TRUE",,,,191,,499,9,,,,,,,4,,,,1,3,,1111,322,,,,"FALSE",,,
"com.supercell.laser.starterpack8","TID_STARTER_PACK_8",2,,"TRUE","FALSE","FALSE","FALSE","TRUE",,,,470,,999,0,,,,,8,125,4,,,,1,0,,2000,705,,,,"FALSE",,,
"com.supercell.laser.goldenweek","TID_IAP_GOLDENWEEK_PACK",3,,"TRUE","FALSE","FALSE","FALSE","TRUE",,,,330,,999,9,,,,,,,3,,,,4,4,,1500,506,,,,"FALSE",,,
"com.supercell.laser.retropolisgempack","TID_IAP_RETROPOLIS_PACK",3,,"TRUE","FALSE","FALSE","FALSE","TRUE",,,,250,,499,0,,,,,,,3,,,,4,5,,,250,,,,"FALSE",,,
"com.supercell.laser.retropoliscoins1","TID_IAP_RETROCOIN_PACK_1",3,,"TRUE","FALSE","FALSE","FALSE","TRUE",,,,0,,499,0,,,,,,,3,,,,3,5,,2100,247,,,,"FALSE",,,
"com.supercell.laser.retropoliscoins2","TID_IAP_RETROCOIN_PACK_2",3,,"TRUE","FALSE","FALSE","FALSE","TRUE",,,,0,,499,1,,,,,,,3,,,,3,5,,2100,247,,,,"FALSE",,,
"com.supercell.laser.retropoliscoins3","TID_IAP_RETROCOIN_PACK_3",3,,"TRUE","FALSE","FALSE","FALSE","TRUE",,,,0,,499,2,,,,,,,3,,,,3,5,,2100,247,,,,"FALSE",,,
"com.supercell.laser.sprinkle0","TID_PROMOCODE_PACK",4,,,"FALSE","TRUE","FALSE","TRUE",,,,80,,99,9,,,,,,,,,,,,,"TRUE",0,0,,,,"FALSE",,,
"com.supercell.laser.sprinkle1","TID_PROMOCODE_PACK",4,,,"FALSE","TRUE","FALSE","TRUE",,,,1,,99,9,,,,,,,,,,,,,"TRUE",0,0,,,,"FALSE",,,
"com.supercell.laser.sprinkle2","TID_PROMOCODE_PACK",4,,,"FALSE","TRUE","FALSE","TRUE",,,,80,,99,9,,,,,,,,,,,,,"TRUE",0,0,,,,"FALSE",,,
"com.supercell.laser.sprinkle3","TID_PROMOCODE_PACK",4,,,"FALSE","TRUE","FALSE","TRUE",,,,0,,99,9,,,,,,,,,,,,,"TRUE",0,0,,,,"FALSE",,,
"com.supercell.laser.sprinkle4","TID_PROMOCODE_PACK",4,,,"FALSE","TRUE","FALSE","TRUE",,,,0,,99,9,,,,,,,,,,,,,"TRUE",0,0,,,,"FALSE",,,
"com.supercell.laser.sprinkle5","TID_PROMOCODE_PACK",4,,,"FALSE","TRUE","FALSE","TRUE",,,,0,,99,9,,,,,,,,,,,,,"TRUE",0,0,,,,"FALSE",,,
"com.supercell.laser.sprinkle6","TID_PROMOCODE_PACK",4,,,"FALSE","TRUE","FALSE","TRUE",,,,0,,99,9,,,,,,,,,,,,,"TRUE",0,0,,,,"FALSE",,,
"com.supercell.laser.sprinkle7","TID_PROMOCODE_PACK",4,,,"FALSE","TRUE","FALSE","TRUE",,,,0,,99,9,,,,,,,,,,,,,"TRUE",0,0,,,,"FALSE",,,
"com.supercell.laser.sprinkle8","TID_PROMOCODE_PACK",4,,,"FALSE","TRUE","FALSE","TRUE",,,,0,,99,9,,,,,,,,,,,,,"TRUE",0,0,,,,"FALSE",,,
"com.supercell.laser.sprinkle9","TID_PROMOCODE_PACK",4,,,"FALSE","TRUE","FALSE","TRUE",,,,0,,99,9,,,,,,,,,,,,,"TRUE",0,0,,,,"FALSE",,,
"com.supercell.laser.som1","TID_IAP_SOM_PACK_1",3,,"TRUE","FALSE","FALSE","FALSE","TRUE",,,,0,,499,9,,,,,,,2,,,,3,4,,1700,200,,,,"FALSE",,,
"com.supercell.laser.som2","TID_IAP_SOM_PACK_2",3,,"TRUE","FALSE","FALSE","FALSE","TRUE",,,,0,,999,9,,,,,,,2,,,,3,4,,4200,494,,,,"FALSE",,,
"com.supercell.laser.som3","TID_IAP_SOM_PACK_3",3,,"TRUE","FALSE","FALSE","FALSE","TRUE",,,,820,,1999,9,,,,,,,2,,,,1,4,,0,820,,,,"FALSE",,,
"com.supercell.laser.som4","TID_IAP_SOM_PACK_4",3,,"TRUE","FALSE","FALSE","FALSE","TRUE",,,,570,,999,9,,,,,,,4,,,,1,4,,2000,805,,,,"FALSE",,,
"com.supercell.laser.august1","TID_IAP_AUGUST_PACK_1",3,,"TRUE","FALSE","FALSE","FALSE","TRUE",,,,370,,999,9,,,,,,,3,,,,1,4,,2000,605,,,,"FALSE",,,
"com.supercell.laser.august2","TID_IAP_AUGUST_PACK_2",3,,"TRUE","FALSE","FALSE","FALSE","TRUE",,,,790,,1999,9,,,,,,,3,,,,1,4,,2000,1025,,,,"FALSE",,,
"com.supercell.laser.flash1","TID_IAP_FLASH_PACK_1",3,,"TRUE","FALSE","FALSE","FALSE","TRUE",,,,100,,499,9,,,,,,,,"TID_BEST_VALUE_EXTRA",25,,4,4,,0,100,,,,"FALSE",,,
"com.supercell.laser.flash2","TID_IAP_FLASH_PACK_2",3,,"TRUE","FALSE","FALSE","FALSE","TRUE",,,,1100,,2999,9,,,,,,,4,,,,1,4,,8000,2041,,,,"FALSE",,,
"com.supercell.laser.moon191","TID_IAP_MOON_19_PACK_1",3,,"TRUE","FALSE","FALSE","FALSE","TRUE",,,,260,,999,9,,,,,,,3,,,,1,4,,2000,495,,,,"FALSE",,,
"com.supercell.laser.moon192","TID_IAP_MOON_19_PACK_2",3,,"TRUE","FALSE","FALSE","FALSE","TRUE",,,,1250,,4999,9,,,,,,,,"TID_BEST_VALUE_EXTRA",30,,4,4,,0,1250,,,,"FALSE",,,
"com.supercell.laser.b2s191","TID_IAP_B2S_19_PACK_1",3,,"TRUE","FALSE","FALSE","FALSE","TRUE",,,,340,,999,9,,,,,,,3,,,,1,4,,1500,516,,,,"FALSE",,,
"com.supercell.laser.b2s192","TID_IAP_B2S_19_PACK_2",3,,"TRUE","FALSE","FALSE","FALSE","TRUE",,,,0,,499,9,,,,,,,5,,,,3,4,,3500,412,,,,"FALSE",,,
"com.supercell.laser.b2s193","TID_IAP_B2S_19_PACK_3",3,,"TRUE","FALSE","FALSE","FALSE","TRUE",,,,45,,199,9,,,,,,,,"TID_BEST_VALUE_EXTRA",50,,4,4,,0,45,,,,"FALSE",,,
"com.supercell.laser.cw191","TID_IAP_CYBER_WEEK_19_1",3,,"TRUE","FALSE","FALSE","FALSE","TRUE",,,,80,,199,9,,,,,,,,"TID_BEST_VALUE_DISCOUNT",60,,1,4,,0,80,,,,"FALSE",,,
"com.supercell.laser.cw192","TID_IAP_CYBER_WEEK_19_2",3,,"TRUE","FALSE","FALSE","FALSE","TRUE",,,,0,,499,9,,,,,,,3,,,,3,4,,2100,247,,,,"FALSE",,,
"com.supercell.laser.cw193","TID_IAP_CYBER_WEEK_19_3",3,,"TRUE","FALSE","FALSE","FALSE","TRUE",,,,190,,299,9,,,,,,,5,,,,1,4,,500,249,,,,"FALSE",,,
"com.supercell.laser.gstar2019","TID_IAP_GSTAR2019_FINALS",3,,"TRUE","FALSE","FALSE","FALSE","TRUE",,,,1110,,4999,9,,,,,,,3,,,,6,4,,12000,2522,,,,"FALSE",,,
"com.supercell.laser.bow191","TID_IAP_BRAWLOWEEN_19_1",3,,"TRUE","FALSE","FALSE","FALSE","TRUE",,,,420,,999,9,,,,,,,4,,,,1,4,,2100,667,,,,"FALSE",,,
"com.supercell.laser.bow192","TID_IAP_BRAWLOWEEN_19_2",3,,"TRUE","FALSE","FALSE","FALSE","TRUE",,,,0,,699,9,,,,,,,3,,,,3,4,,3000,353,,,,"FALSE",,,
"com.supercell.laser.bow193","TID_IAP_BRAWLOWEEN_19_3",3,,"TRUE","FALSE","FALSE","FALSE","TRUE",,,,380,,1499,9,,,,,,,,"TID_BEST_VALUE_DISCOUNT",25,,4,4,,0,380,,,,"FALSE",,,
"com.supercell.laser.arabic01","TID_IAP_ARABIC_19_1",3,,"TRUE","FALSE","FALSE","FALSE","TRUE",,,,110,,199,9,,,,,,,5,,,,1,4,,480,166,,,,"FALSE",,,
"com.supercell.laser.arabic02","TID_IAP_ARABIC_19_2",3,,"TRUE","FALSE","FALSE","FALSE","TRUE",,,,0,,499,9,,,,,,,4,,,,3,4,,2800,329,,,,"FALSE",,,
"com.supercell.laser.xmas190","TID_IAP_XMAS_19_0",3,,"TRUE","FALSE","FALSE","FALSE","TRUE",,,,360,,999,9,,,,,,,3,,,,7,4,,1200,501,,,,"FALSE",,,
"com.supercell.laser.xmas191","TID_IAP_XMAS_19_1",3,,"TRUE","FALSE","FALSE","FALSE","TRUE",,,,80,,99,9,,,,,,,5,,,,7,4,,0,80,,,,"FALSE",,,
"com.supercell.laser.xmas192","TID_IAP_XMAS_19_2",3,,"TRUE","FALSE","FALSE","FALSE","TRUE",,,,340,,499,9,,,,,,,5,,,,7,4,,600,411,,,,"FALSE",,,
"com.supercell.laser.xmas193","TID_IAP_XMAS_19_3",3,,"TRUE","FALSE","FALSE","FALSE","TRUE",,,,510,,999,9,,,,,,,5,,,,7,4,,2700,828,,,,"FALSE",,,
"com.supercell.laser.xmas194","TID_IAP_XMAS_19_4",3,,"TRUE","FALSE","FALSE","FALSE","TRUE",,,,930,,1999,9,,,,,,,5,,,,7,4,,6000,1636,,,,"FALSE",,,
"com.supercell.laser.cp1119","TID_IAP_COINPACK_11_19",3,,"TRUE","FALSE","FALSE","FALSE","TRUE",,,,0,,299,9,,,,,,,3,,,,3,4,,1250,147,,,,"FALSE",,,
"com.supercell.laser.xmas195","TID_IAP_XMAS_19_GENERIC",3,,"TRUE","FALSE","FALSE","FALSE","TRUE",,,,160,,199,9,,,,,,,5,,,,7,4,,0,160,,,,"FALSE",,,
"com.supercell.laser.xmas196","TID_IAP_XMAS_19_GENERIC",3,,"TRUE","FALSE","FALSE","FALSE","TRUE",,,,470,,699,9,,,,,,,5,,,,7,4,,900,576,,,,"FALSE",,,
"com.supercell.laser.xmas197","TID_IAP_XMAS_19_GENERIC",3,,"TRUE","FALSE","FALSE","FALSE","TRUE",,,,640,,1299,9,,,,,,,5,,,,7,4,,3500,1052,,,,"FALSE",,,
"com.supercell.laser.xmas198","TID_IAP_XMAS_19_GENERIC",3,,"TRUE","FALSE","FALSE","FALSE","TRUE",,,,1140,,2499,9,,,,,,,5,,,,7,4,,8000,2081,,,,"FALSE",,,
"com.supercell.laser.xmas199","TID_IAP_XMAS_19_GENERIC",3,,"TRUE","FALSE","FALSE","FALSE","TRUE",,,,160,,299,9,,,,,,,5,,,,7,4,,700,242,,,,"FALSE",,,
"com.supercell.laser.xmas200","TID_IAP_XMAS_19_GENERIC",3,,"TRUE","FALSE","FALSE","FALSE","TRUE",,,,470,,799,9,,,,,,,5,,,,7,4,,1700,670,,,,"FALSE",,,
"com.supercell.laser.xmas201","TID_IAP_XMAS_19_GENERIC",3,,"TRUE","FALSE","FALSE","FALSE","TRUE",,,,640,,1499,9,,,,,,,5,,,,7,4,,5100,1240,,,,"FALSE",,,
"com.supercell.laser.xmas202","TID_IAP_XMAS_19_GENERIC",3,,"TRUE","FALSE","FALSE","FALSE","TRUE",,,,1140,,2999,9,,,,,,,5,,,,7,4,,11500,2493,,,,"FALSE",,,
"com.supercell.laser.ny201","TID_IAP_NEW_YEAR_20",3,,"TRUE","FALSE","FALSE","FALSE","TRUE",,,,180,,499,9,,,,,,,3,,,,1,4,,600,251,,,,"FALSE",,,
"com.supercell.laser.cp0120","TID_IAP_COINPACK_GENERIC",3,,"TRUE","FALSE","FALSE","FALSE","TRUE",,,,0,,99,9,,,,,,,4,,,,3,4,,550,65,,,,"FALSE",,,
"com.supercell.laser.cp0121","TID_IAP_COINPACK_GENERIC",3,,"TRUE","FALSE","FALSE","FALSE","TRUE",,,,0,,199,9,,,,,,,3,,,,3,4,,1400,165,,,,"FALSE",,,
"com.supercell.laser.lny201","TID_IAP_LNY2020",3,,"TRUE","FALSE","FALSE","FALSE","TRUE",,,,160,,299,9,,,,,,,5,,,,8,4,,800,254,,,,"FALSE",,,
"com.supercell.laser.lny202","TID_IAP_LNY2020",3,,"TRUE","FALSE","FALSE","FALSE","TRUE",,,,160,,299,9,,,,,,,4,,,,8,4,,350,201,,,,"FALSE",,,
"com.supercell.laser.lny203","TID_IAP_LNY2020",3,,"TRUE","FALSE","FALSE","FALSE","TRUE",,,,230,,499,9,,,,,,,4,,,,8,4,,900,336,,,,"FALSE",,,
"com.supercell.laser.lny204","TID_IAP_LNY2020",3,,"TRUE","FALSE","FALSE","FALSE","TRUE",,,,460,,999,9,,,,,,,4,,,,8,4,,1700,660,,,,"FALSE",,,
"com.supercell.laser.lny205","TID_IAP_LNY2020",3,,"TRUE","FALSE","FALSE","FALSE","TRUE",,,,900,,1999,9,,,,,,,4,,,,8,4,,3600,1324,,,,"FALSE",,,
"com.supercell.laser.lny206","TID_IAP_LNY2020",3,,"TRUE","FALSE","FALSE","FALSE","TRUE",,,,240,,399,9,,,,,,,5,,,,8,4,,800,334,,,,"FALSE",,,
"com.supercell.laser.lny207","TID_IAP_LNY2020",3,,"TRUE","FALSE","FALSE","FALSE","TRUE",,,,240,,499,9,,,,,,,4,,,,8,4,,800,334,,,,"FALSE",,,
"com.supercell.laser.lny208","TID_IAP_LNY2020",3,,"TRUE","FALSE","FALSE","FALSE","TRUE",,,,520,,999,9,,,,,,,4,,,,8,4,,1200,661,,,,"FALSE",,,
"com.supercell.laser.lny209","TID_IAP_LNY2020",3,,"TRUE","FALSE","FALSE","FALSE","TRUE",,,,750,,1499,9,,,,,,,4,,,,8,4,,2100,997,,,,"FALSE",,,
"com.supercell.laser.lny2010","TID_IAP_LNY2020",3,,"TRUE","FALSE","FALSE","FALSE","TRUE",,,,1300,,2999,9,,,,,,,4,,,,8,4,,6000,2006,,,,"FALSE",,,
"com.supercell.laser.lny2011","TID_IAP_LNY2020",3,,"TRUE","FALSE","FALSE","FALSE","TRUE",,,,130,,199,9,,,,,,,5,,,,8,4,,300,165,,,,"FALSE",,,
"com.supercell.laser.tgs201","TID_IAP_TGS2020",3,,"TRUE","FALSE","FALSE","FALSE","TRUE",,,,160,,499,9,,,,,,,3,,,,1,4,,750,248,,,,"FALSE",,,
"com.supercell.laser.tgs202","TID_IAP_TGS2020",3,,"TRUE","FALSE","FALSE","FALSE","TRUE",,,,320,,999,9,,,,,,,3,,,,1,4,,1500,496,,,,"FALSE",,,
"com.supercell.laser.vd20","TID_IAP_VD2020",3,,"TRUE","FALSE","FALSE","FALSE","TRUE",,,,230,,499,9,,,,,,,3,,,,1,4,,300,265,,,,"FALSE",,,
"com.supercell.laser.mar20","TID_IAP_MAR2020",3,,"TRUE","FALSE","FALSE","FALSE","TRUE",,,,470,,999,9,,,,,,,3,,,,1,4,,200,494,,,,"FALSE",,,
"com.supercell.laser.brawlpass0","TID_SHOP_SPECIAL_OFFER",5,,"TRUE","FALSE","FALSE","FALSE","TRUE",,,,0,,499,0,,,,,,,,,,,,,,,0,,,,"FALSE",,,
"com.supercell.laser.brawlpass1","TID_SHOP_SPECIAL_OFFER",5,,"TRUE","FALSE","FALSE","FALSE","TRUE",,,,0,,499,0,,,,,,,,,,,,,,,0,,,,"FALSE",,,
"com.supercell.laser.0320gp","TID_SHOP_SPECIAL_OFFER",3,,"TRUE","FALSE","FALSE","FALSE","TRUE",,,,415,,1999,9,,,,,,,,"TID_BEST_VALUE_EXTRA",15,,4,4,,0,415,,,,"FALSE",,,
"com.supercell.laser.0320backup","TID_SHOP_SPECIAL_OFFER",3,,"TRUE","FALSE","FALSE","FALSE","TRUE",,,,270,,499,9,,,,,,,3,,,,1,4,,0,270,,,,"FALSE",,,
"com.supercell.laser.bundle099","TID_IAP_BUNDLE_OFFER",6,,,"TRUE","TRUE","FALSE","TRUE",,,,0,,99,0,,,,,,,,,,,,,,,,15,,,"FALSE",,,
"com.supercell.laser.bundle199","TID_IAP_BUNDLE_OFFER",6,,,"TRUE","TRUE","FALSE","TRUE",,,,0,,199,0,,,,,,,,,,,,,,,,30,,,"FALSE",,,
"com.supercell.laser.bundle299","TID_IAP_BUNDLE_OFFER",6,,,"TRUE","TRUE","FALSE","TRUE",,,,0,,299,0,,,,,,,,,,,,,,,,48,,,"FALSE",,,
"com.supercell.laser.bundle399","TID_IAP_BUNDLE_OFFER",6,,,"TRUE","TRUE","FALSE","TRUE",,,,0,,399,0,,,,,,,,,,,,,,,,64,,,"FALSE",,,
"com.supercell.laser.bundle499","TID_IAP_BUNDLE_OFFER",6,,,"TRUE","TRUE","FALSE","TRUE",,,,0,,499,0,,,,,,,,,,,,,,,,80,,,"FALSE",,,
"com.supercell.laser.bundle599","TID_IAP_BUNDLE_OFFER",6,,,"TRUE","TRUE","FALSE","TRUE",,,,0,,599,0,,,,,,,,,,,,,,,,102,,,"FALSE",,,
"com.supercell.laser.bundle699","TID_IAP_BUNDLE_OFFER",6,,,"TRUE","TRUE","FALSE","TRUE",,,,0,,699,0,,,,,,,,,,,,,,,,119,,,"FALSE",,,
"com.supercell.laser.bundle799","TID_IAP_BUNDLE_OFFER",6,,,"TRUE","TRUE","FALSE","TRUE",,,,0,,799,0,,,,,,,,,,,,,,,,136,,,"FALSE",,,
"com.supercell.laser.bundle899","TID_IAP_BUNDLE_OFFER",6,,,"TRUE","TRUE","FALSE","TRUE",,,,0,,899,0,,,,,,,,,,,,,,,,153,,,"FALSE",,,
"com.supercell.laser.bundle999","TID_IAP_BUNDLE_OFFER",6,,,"TRUE","TRUE","FALSE","TRUE",,,,0,,999,0,,,,,,,,,,,,,,,,170,,,"FALSE",,,
"com.supercell.laser.bundle1099","TID_IAP_BUNDLE_OFFER",6,,,"TRUE","TRUE","FALSE","TRUE",,,,0,,1099,0,,,,,,,,,,,,,,,,198,,,"FALSE",,,
"com.supercell.laser.bundle1199","TID_IAP_BUNDLE_OFFER",6,,,"TRUE","TRUE","FALSE","TRUE",,,,0,,1199,0,,,,,,,,,,,,,,,,216,,,"FALSE",,,
"com.supercell.laser.bundle1299","TID_IAP_BUNDLE_OFFER",6,,,"TRUE","TRUE","FALSE","TRUE",,,,0,,1299,0,,,,,,,,,,,,,,,,234,,,"FALSE",,,
"com.supercell.laser.bundle1399","TID_IAP_BUNDLE_OFFER",6,,,"TRUE","TRUE","FALSE","TRUE",,,,0,,1399,0,,,,,,,,,,,,,,,,252,,,"FALSE",,,
"com.supercell.laser.bundle1499","TID_IAP_BUNDLE_OFFER",6,,,"TRUE","TRUE","FALSE","TRUE",,,,0,,1499,0,,,,,,,,,,,,,,,,270,,,"FALSE",,,
"com.supercell.laser.bundle1599","TID_IAP_BUNDLE_OFFER",6,,,"TRUE","TRUE","FALSE","TRUE",,,,0,,1599,0,,,,,,,,,,,,,,,,288,,,"FALSE",,,
"com.supercell.laser.bundle1699","TID_IAP_BUNDLE_OFFER",6,,,"TRUE","TRUE","FALSE","TRUE",,,,0,,1699,0,,,,,,,,,,,,,,,,306,,,"FALSE",,,
"com.supercell.laser.bundle1799","TID_IAP_BUNDLE_OFFER",6,,,"TRUE","TRUE","FALSE","TRUE",,,,0,,1799,0,,,,,,,,,,,,,,,,324,,,"FALSE",,,
"com.supercell.laser.bundle1899","TID_IAP_BUNDLE_OFFER",6,,,"TRUE","TRUE","FALSE","TRUE",,,,0,,1899,0,,,,,,,,,,,,,,,,342,,,"FALSE",,,
"com.supercell.laser.bundle1999","TID_IAP_BUNDLE_OFFER",6,,,"TRUE","TRUE","FALSE","TRUE",,,,0,,1999,0,,,,,,,,,,,,,,,,360,,,"FALSE",,,
"com.supercell.laser.bundle2999","TID_IAP_BUNDLE_OFFER",6,,,"TRUE","TRUE","FALSE","TRUE",,,,0,,2999,0,,,,,,,,,,,,,,,,570,,,"FALSE",,,
"com.supercell.laser.bundle3999","TID_IAP_BUNDLE_OFFER",6,,,"TRUE","TRUE","FALSE","TRUE",,,,0,,3999,0,,,,,,,,,,,,,,,,760,,,"FALSE",,,
"com.supercell.laser.bundle4999","TID_IAP_BUNDLE_OFFER",6,,,"TRUE","TRUE","FALSE","TRUE",,,,0,,4999,0,,,,,,,,,,,,,,,,950,,,"FALSE",,,
"com.supercell.laser.bundle9999","TID_IAP_BUNDLE_OFFER",6,,,"TRUE","TRUE","FALSE","TRUE",,,,0,,9999,0,,,,,,,,,,,,,,,,2000,,,"FALSE",,,
"com.supercell.laser.psg1","TID_IAP_PSG_WEEKEND",3,,"TRUE","FALSE","FALSE","FALSE","TRUE",,,,240,,499,0,,,,,,,4,,,,1,4,,700,322,,,,"FALSE",,,
"com.supercell.laser.psg2","TID_IAP_PSG_WEEKEND",3,,"TRUE","FALSE","FALSE","FALSE","TRUE",,,,490,,999,0,,,,,,,4,,,,1,4,,1700,690,,,,"FALSE",,,
"com.supercell.laser.04200","TID_IAP_APRIL20_0",3,,"TRUE","FALSE","FALSE","FALSE","TRUE",,,,160,,499,0,,,,,,,3,,,,1,4,,700,242,,,,"FALSE",,,
"com.supercell.laser.gw200","TID_IAP_GOLDENWEEK20",3,,"TRUE","FALSE","FALSE","FALSE","TRUE",,,,320,,499,0,,,,,,,5,,,,1,4,,700,402,,,,"FALSE",,,
"com.supercell.laser.gw201","TID_IAP_GOLDENWEEK20",3,,"TRUE","FALSE","FALSE","FALSE","TRUE",,,,570,,999,0,,,,,,,5,,,,1,4,,2400,852,,,,"FALSE",,,
"com.supercell.laser.gw202","TID_IAP_GOLDENWEEK20",3,,"TRUE","FALSE","FALSE","FALSE","TRUE",,,,1740,,2999,0,,,,,,,5,,,,1,4,,8200,2705,,,,"FALSE",,,
"com.supercell.laser.04201","TID_IAP_APRIL20_1",3,,"TRUE","FALSE","FALSE","FALSE","TRUE",,,,80,,199,0,,,,,,,4,,,,1,4,,350,121,,,,"FALSE",,,
"com.supercell.laser.04202","TID_IAP_APRIL20_2",3,,"TRUE","FALSE","FALSE","FALSE","TRUE",,,,0,,299,0,,,,,,,4,,,,3,4,,1100,129,,,,"FALSE",,,
"com.supercell.laser.sc101","TID_IAP_SC10_1",3,,"TRUE","FALSE","FALSE","FALSE","TRUE",,,,200,,499,0,,,,,,,4,,,,1,4,,1100,329,,,,"FALSE",,,
"com.supercell.laser.sc102","TID_IAP_SC10_2",3,,"TRUE","FALSE","FALSE","FALSE","TRUE",,,,400,,999,0,,,,,,,4,,,,1,4,,2400,682,,,,"FALSE",,,
"com.supercell.laser.0620","TID_IAP_0620",3,,"TRUE","FALSE","FALSE","FALSE","TRUE",,,,160,,499,0,,,,,,,3,,,,1,4,,700,242,,,,"FALSE",,,
"com.supercell.laser.0720","TID_IAP_0720",3,,"TRUE","FALSE","FALSE","FALSE","TRUE",,,,160,,499,0,,,,,,,3,,,,1,4,,700,242,,,,"FALSE",,,
"com.supercell.laser.0520c","TID_IAP_0520C",3,,"TRUE","FALSE","FALSE","FALSE","TRUE",,,,110,,199,0,,,,,,,5,,,,1,4,,350,151,,,,"FALSE",,,
"com.supercell.laser.0620c","TID_IAP_0620C",3,,"TRUE","FALSE","FALSE","FALSE","TRUE",,,,205,,299,0,,,,,,,5,,,,1,4,,250,234,,,,"FALSE",,,
"com.supercell.laser.0620d","TID_IAP_0620D",3,,"TRUE","FALSE","FALSE","FALSE","TRUE",,,,410,,999,0,,,,,,,5,,,,1,4,,4000,881,,,,"FALSE",,,
"com.supercell.laser.ms201","TID_IAP_MS20_1",3,,"TRUE","FALSE","FALSE","FALSE","TRUE",,,,125,,299,0,,,,,,,4,,,,1,4,,500,184,,,,"FALSE",,,
"com.supercell.laser.ms202","TID_IAP_MS20_2",3,,"TRUE","FALSE","FALSE","FALSE","TRUE",,,,240,,499,0,,,,,,,4,,,,1,4,,700,322,,,,"FALSE",,,
"com.supercell.laser.ms203","TID_IAP_MS20_3",3,,"TRUE","FALSE","FALSE","FALSE","TRUE",,,,760,,1999,0,,,,,,,4,,,,1,4,,6000,1466,,,,"FALSE",,,
"com.supercell.laser.coins0620","TID_IAP_COINS_0620",3,,"TRUE","FALSE","FALSE","FALSE","TRUE",,,,0,,499,0,,,,,,,6,,,,3,4,,4000,471,,,,"FALSE",,,
"com.supercell.laser.0520g","TID_IAP_0520G",3,,"TRUE","FALSE","FALSE","FALSE","TRUE",,,,1200,,4999,0,,,,,,,,"TID_BEST_VALUE_EXTRA",25,,4,4,,0,1200,,,,"FALSE",,,
"com.supercell.laser_cn.gempack0","TID_SHOP_GEM_PACK_1_TITLE",,1,"TRUE",,,"TRUE",,"TRUE","TRUE",100,30,,199,1,1200,"GD2020041015865097539219","shop_gem_0",0,,,,,,,,,,,30,,,,"FALSE",,,
"com.supercell.laser_cn.gempack1","TID_SHOP_GEM_PACK_2_TITLE",,1,"TRUE",,,"TRUE",,"TRUE","TRUE",100,80,,499,2,3000,"GD2020041015865097822442","shop_gem_1",1,,,,"TID_SHOP_LABEL_BREAKDOWN",5,,,,,,80,,,,"FALSE",,,
"com.supercell.laser_cn.gempack2","TID_SHOP_GEM_PACK_3_TITLE",,1,"TRUE",,,"TRUE",,"TRUE","TRUE",100,170,,999,3,6800,"GD2020041015865098164257","shop_gem_2",2,,,,"TID_SHOP_LABEL_BREAKDOWN",19,"TID_SHOP_LABEL_POPULAR",,,,,170,,,,"FALSE",,,
"com.supercell.laser_cn.gempack3","TID_SHOP_GEM_PACK_4_TITLE",,1,"TRUE",,,"TRUE",,"TRUE","TRUE",100,360,,1999,4,12800,"GD2020041015865098475583","shop_gem_3",3,,,,"TID_SHOP_LABEL_BREAKDOWN",59,,,,,,360,,,,"FALSE",,,
"com.supercell.laser_cn.gempack4","TID_SHOP_GEM_PACK_5_TITLE",,1,"TRUE",,,"TRUE",,"TRUE","TRUE",100,950,,4999,5,32800,"GD2020041015865098866520","shop_gem_4",4,,,,"TID_SHOP_LABEL_BREAKDOWN",196,,,,,,950,,,,"FALSE",,,
"com.supercell.laser_cn.gempack5","TID_SHOP_GEM_PACK_6_TITLE",,1,"TRUE",,,"TRUE",,"TRUE","TRUE",100,2000,,9999,6,64800,"GD2020041015865099143688","shop_gem_5",5,,,,"TID_SHOP_LABEL_BREAKDOWN",493,"TID_SHOP_LABEL_BEST_VALUE",,,,,2000,,,,"FALSE",,,
"com.supercell.laser_cn.starterpack1","TID_STARTER_PACK_1",,2,"TRUE",,,"FALSE","TRUE","FALSE","FALSE",,110,,299,0,1800,"GD2020051315893438495358",,,1,5,4,,,,1,0,,600,181,,,,"FALSE",,,
"com.supercell.laser_cn.starterpack2","TID_STARTER_PACK_2",,2,"TRUE",,,"FALSE","TRUE","FALSE","FALSE",,190,,399,0,2500,"GD2020051315893554469821",,,2,15,4,,,,1,0,,450,243,,,,"FALSE",,,
"com.supercell.laser_cn.starterpack3","TID_STARTER_PACK_3",,2,"TRUE",,,"FALSE","TRUE","FALSE","FALSE",,240,,499,0,3000,"GD2020051315893556064734",,,3,25,4,,,,1,0,,700,322,,,,"FALSE",,,
"com.supercell.laser_cn.starterpack4","TID_STARTER_PACK_4",,2,"TRUE",,,"FALSE","TRUE","FALSE","FALSE",,320,,599,0,4000,"GD2020051315893556850503",,,4,35,4,,,,1,0,,700,402,,,,"FALSE",,,
"com.supercell.laser_cn.starterpack5","TID_STARTER_PACK_5",,2,"TRUE",,,"FALSE","TRUE","FALSE","FALSE",,340,,699,0,4500,"GD2020051315893557620869",,,5,50,4,,,,1,0,,900,446,,,,"FALSE",,,
"com.supercell.laser_cn.starterpack6","TID_STARTER_PACK_6",,2,"TRUE",,,"FALSE","TRUE","FALSE","FALSE",,420,,799,0,5000,"GD2020051315893558367029",,,6,75,4,,,,1,0,,900,526,,,,"FALSE",,,
"com.supercell.laser_cn.starterpack7","TID_STARTER_PACK_7",,2,"TRUE",,,"FALSE","TRUE","FALSE","FALSE",,390,,899,0,6000,"GD2020051315893559247326",,,7,100,4,,,,1,0,,2000,625,,,,"FALSE",,,
"com.supercell.laser_cn.starterpack8","TID_STARTER_PACK_8",,2,"TRUE",,,"FALSE","TRUE","FALSE","FALSE",,470,,999,0,6800,"GD2020051315893559900801",,,8,125,4,,,,1,0,,2000,705,,,,"FALSE",,,
"com.supercell.laser_cn.bundle099","TID_IAP_BUNDLE_OFFER",,6,"TRUE",,,"TRUE",,"TRUE","TRUE",,0,,99,0,600,"GD2020051315893560974566",,,,,,,,,,,,,,15,,,"FALSE",,,
"com.supercell.laser_cn.bundle199","TID_IAP_BUNDLE_OFFER",,6,"TRUE",,,"TRUE",,"TRUE","TRUE",,0,,199,0,1200,"GD2020051315893561777109",,,,,,,,,,,,,,30,,,"FALSE",,,
"com.supercell.laser_cn.bundle299","TID_IAP_BUNDLE_OFFER",,6,"TRUE",,,"TRUE",,"TRUE","TRUE",,0,,299,0,1800,"GD2020051315893562768024",,,,,,,,,,,,,,48,,,"FALSE",,,
"com.supercell.laser_cn.bundle399","TID_IAP_BUNDLE_OFFER",,6,"TRUE",,,"TRUE",,"TRUE","TRUE",,0,,399,0,2500,"GD2020051315893563393233",,,,,,,,,,,,,,67,,,"FALSE",,,
"com.supercell.laser_cn.bundle499","TID_IAP_BUNDLE_OFFER",,6,"TRUE",,,"TRUE",,"TRUE","TRUE",,0,,499,0,3000,"GD2020051315893564519131",,,,,,,,,,,,,,80,,,"FALSE",,,
"com.supercell.laser_cn.bundle599","TID_IAP_BUNDLE_OFFER",,6,"TRUE",,,"TRUE",,"TRUE","TRUE",,0,,599,0,4000,"GD2020051315893565054481",,,,,,,,,,,,,,100,,,"FALSE",,,
"com.supercell.laser_cn.bundle699","TID_IAP_BUNDLE_OFFER",,6,"TRUE",,,"TRUE",,"TRUE","TRUE",,0,,699,0,4500,"GD2020051315893565736928",,,,,,,,,,,,,,113,,,"FALSE",,,
"com.supercell.laser_cn.bundle799","TID_IAP_BUNDLE_OFFER",,6,"TRUE",,,"TRUE",,"TRUE","TRUE",,0,,799,0,5000,"GD2020051315893566861518",,,,,,,,,,,,,,125,,,"FALSE",,,
"com.supercell.laser_cn.bundle899","TID_IAP_BUNDLE_OFFER",,6,"TRUE",,,"TRUE",,"TRUE","TRUE",,0,,899,0,6000,"GD2020051315893567448771",,,,,,,,,,,,,,150,,,"FALSE",,,
"com.supercell.laser_cn.bundle999","TID_IAP_BUNDLE_OFFER",,6,"TRUE",,,"TRUE",,"TRUE","TRUE",,0,,999,0,6800,"GD2020051315893568147279",,,,,,,,,,,,,,170,,,"FALSE",,,
"com.supercell.laser_cn.bundle1099","TID_IAP_BUNDLE_OFFER",,6,"TRUE",,,"TRUE",,"TRUE","TRUE",,0,,1099,0,7300,"GD2020051315893568691926",,,,,,,,,,,,,,205,,,"FALSE",,,
"com.supercell.laser_cn.bundle1199","TID_IAP_BUNDLE_OFFER",,6,"TRUE",,,"TRUE",,"TRUE","TRUE",,0,,1199,0,7800,"GD2020051315893569305245",,,,,,,,,,,,,,219,,,"FALSE",,,
"com.supercell.laser_cn.bundle1299","TID_IAP_BUNDLE_OFFER",,6,"TRUE",,,"TRUE",,"TRUE","TRUE",,0,,1299,0,8800,"GD2020051315893570022200",,,,,,,,,,,,,,248,,,"FALSE",,,
"com.supercell.laser_cn.bundle1399","TID_IAP_BUNDLE_OFFER",,6,"TRUE",,,"TRUE",,"TRUE","TRUE",,0,,1399,0,9300,"GD2020051315893570953471",,,,,,,,,,,,,,262,,,"FALSE",,,
"com.supercell.laser_cn.bundle1499","TID_IAP_BUNDLE_OFFER",,6,"TRUE",,,"TRUE",,"TRUE","TRUE",,0,,1499,0,9800,"GD2020051315893571525843",,,,,,,,,,,,,,276,,,"FALSE",,,
"com.supercell.laser_cn.bundle1599","TID_IAP_BUNDLE_OFFER",,6,"TRUE",,,"TRUE",,"TRUE","TRUE",,0,,1599,0,10800,"GD2020051315893572164344",,,,,,,,,,,,,,304,,,"FALSE",,,
"com.supercell.laser_cn.bundle1699","TID_IAP_BUNDLE_OFFER",,6,"TRUE",,,"TRUE",,"TRUE","TRUE",,0,,1699,0,11300,"GD2020051315893573188100",,,,,,,,,,,,,,318,,,"FALSE",,,
"com.supercell.laser_cn.bundle1799","TID_IAP_BUNDLE_OFFER",,6,"TRUE",,,"TRUE",,"TRUE","TRUE",,0,,1799,0,11800,"GD2020051315893573675868",,,,,,,,,,,,,,332,,,"FALSE",,,
"com.supercell.laser_cn.bundle1899","TID_IAP_BUNDLE_OFFER",,6,"TRUE",,,"TRUE",,"TRUE","TRUE",,0,,1899,0,12300,"GD2020051315893574244963",,,,,,,,,,,,,,346,,,"FALSE",,,
"com.supercell.laser_cn.bundle1999","TID_IAP_BUNDLE_OFFER",,6,"TRUE",,,"TRUE",,"TRUE","TRUE",,0,,1999,0,12800,"GD2020051315893574803116",,,,,,,,,,,,,,360,,,"FALSE",,,
"com.supercell.laser_cn.bundle2999","TID_IAP_BUNDLE_OFFER",,6,"TRUE",,,"TRUE",,"TRUE","TRUE",,0,,2999,0,19800,"GD2020051315893575482563",,,,,,,,,,,,,,573,,,"FALSE",,,
"com.supercell.laser_cn.bundle3999","TID_IAP_BUNDLE_OFFER",,6,"TRUE",,,"TRUE",,"TRUE","TRUE",,0,,3999,0,25800,"GD2020051315893576448461",,,,,,,,,,,,,,747,,,"FALSE",,,
"com.supercell.laser_cn.bundle4999","TID_IAP_BUNDLE_OFFER",,6,"TRUE",,,"TRUE",,"TRUE","TRUE",,0,,4999,0,32800,"GD2020051315893576957327",,,,,,,,,,,,,,950,,,"FALSE",,,
"com.supercell.laser_cn.bundle9999","TID_IAP_BUNDLE_OFFER",,6,"TRUE",,,"TRUE",,"TRUE","TRUE",,0,,9999,0,64800,"GD2020051315893577550063",,,,,,,,,,,,,,2000,,,"FALSE",,,
"com.supercell.laser_cn.0720","TID_IAP_0720",,3,"TRUE",,,"FALSE","TRUE","FALSE","FALSE",,160,,499,0,3000,"GD2020051315893578491695",,,,,3,,,,1,4,,700,242,,,,"FALSE",,,
"com.supercell.laser_cn.0620c","TID_IAP_0620C",,3,"TRUE",,,"FALSE","TRUE","FALSE","FALSE",,205,,299,0,1800,"GD2020051315893579540286",,,,,5,,,,1,4,,250,234,,,,"FALSE",,,
"com.supercell.laser_cn.0620d","TID_IAP_0620D",,3,"TRUE",,,"FALSE","TRUE","FALSE","FALSE",,410,,999,0,6800,"GD2020051315893580080168",,,,,5,,,,1,4,,4000,881,,,,"FALSE",,,
"com.supercell.laser_cn.ms201","TID_IAP_MS20_1",,3,"TRUE",,,"FALSE","TRUE","FALSE","FALSE",,125,,299,0,1800,"GD2020051415894427544118",,,,,4,,,,1,4,,500,184,,,,"FALSE",,,
"com.supercell.laser_cn.ms202","TID_IAP_MS20_2",,3,"TRUE",,,"FALSE","TRUE","FALSE","FALSE",,240,,499,0,3000,"GD2020051315893581952366",,,,,4,,,,1,4,,700,322,,,,"FALSE",,,
"com.supercell.laser_cn.ms203","TID_IAP_MS20_3",,3,"TRUE",,,"FALSE","TRUE","FALSE","FALSE",,760,,1999,0,12800,"GD2020051315893582613473",,,,,4,,,,1,4,,6000,1466,,,,"FALSE",,,
"com.supercell.laser_cn.coins0620","TID_IAP_COINS_0620",,3,"TRUE",,,"FALSE","TRUE","FALSE","FALSE",,0,,499,0,3000,"GD2020051315893583148280",,,,,6,,,,3,4,,4000,471,,,,"FALSE",,,
"com.supercell.laser_cn.0520g","TID_IAP_0520G",,3,"TRUE",,,"FALSE","TRUE","FALSE","FALSE",,1200,,4999,0,32800,"GD2020051315893583984100",,,,,,"TID_BEST_VALUE_EXTRA",25,,4,4,,0,1200,,,,"FALSE",,,
"com.supercell.laser.som_072001","TID_IAP_SOM_072001",3,,"TRUE","FALSE","FALSE",,"TRUE",,,,240,,499,0,3000,,,,,,4,,,,1,4,,700,322,,,,"FALSE",,,
"com.supercell.laser.som_072002","TID_IAP_SOM_072002",3,,"TRUE","FALSE","FALSE",,"TRUE",,,,390,,999,0,6800,,,,,,3,,,,1,4,,1000,508,,,,"FALSE",,,
"com.supercell.laser.som_072003","TID_IAP_SOM_072003",3,,"TRUE","FALSE","FALSE",,"TRUE",,,,160,,499,0,3000,,,,,,3,,,,1,4,,700,242,,,,"FALSE",,,
"com.supercell.laser.som_072004","TID_IAP_SOM_072004",3,,"TRUE","FALSE","FALSE",,"TRUE",,,,110,,199,0,1200,,,,,,5,,,,1,4,,350,151,,,,"FALSE",,,
"com.supercell.laser.som_072005","TID_IAP_SOM_072005",3,,"TRUE","FALSE","FALSE",,"TRUE",,,,110,,199,0,1200,,,,,,5,,,,1,4,,350,151,,,,"FALSE",,,
"com.supercell.laser.som_072006","TID_IAP_SOM_072006",3,,"TRUE","FALSE","FALSE",,"TRUE",,,,600,,2999,0,19800,,,,,,,"TID_BEST_VALUE_EXTRA",10,,4,4,,0,600,,,,"FALSE",,,
"com.supercell.laser.som_072007","TID_IAP_SOM_072007",3,,"TRUE","FALSE","FALSE",,"TRUE",,,,2400,,9999,0,64800,,,,,,,"TID_BEST_VALUE_EXTRA",20,,4,4,,0,2400,,,,"FALSE",,,
"com.supercell.laser.som_072008","TID_IAP_SOM_072008",3,,"TRUE","FALSE","FALSE",,"TRUE",,,,330,,999,0,6800,,,,,,4,,,,1,4,,3000,683,,,,"FALSE",,,
"com.supercell.laser.som_072009","TID_IAP_SOM_072009",3,,"TRUE","FALSE","FALSE",,"TRUE",,,,330,,999,0,6800,,,,,,3,,,,1,4,,2000,565,,,,"FALSE",,,
"com.supercell.laser.som_072010","TID_IAP_SOM_072010",3,,"TRUE","FALSE","FALSE",,"TRUE",,,,0,,499,0,3000,,,,,,5,,,,3,4,,3400,400,,,,"FALSE",,,
"com.supercell.laser_cn.som_072001","TID_IAP_SOM_072001",,3,"TRUE",,,"FALSE","TRUE","FALSE","FALSE",,240,,499,0,3000,"GD2020062815933124419699",,,,,4,,,,1,4,,700,322,,,,"FALSE",,,
"com.supercell.laser_cn.som_072002","TID_IAP_SOM_072002",,3,"TRUE",,,"FALSE","TRUE","FALSE","FALSE",,390,,999,0,6800,"GD2020062815933125447645",,,,,3,,,,1,4,,1000,508,,,,"FALSE",,,
"com.supercell.laser_cn.som_072003","TID_IAP_SOM_072003",,3,"TRUE",,,"FALSE","TRUE","FALSE","FALSE",,160,,499,0,3000,"GD2020062815933127234459",,,,,3,,,,1,4,,700,242,,,,"FALSE",,,
"com.supercell.laser_cn.som_072004","TID_IAP_SOM_072004",,3,"TRUE",,,"FALSE","TRUE","FALSE","FALSE",,110,,199,0,1200,"GD2020062815933128285051",,,,,5,,,,1,4,,350,151,,,,"FALSE",,,
"com.supercell.laser_cn.som_072005","TID_IAP_SOM_072005",,3,"TRUE",,,"FALSE","TRUE","FALSE","FALSE",,110,,199,0,1200,"GD2020062815933134747209",,,,,5,,,,1,4,,350,151,,,,"FALSE",,,
"com.supercell.laser_cn.som_072006","TID_IAP_SOM_072006",,3,"TRUE",,,"FALSE","TRUE","FALSE","FALSE",,600,,2999,0,19800,"GD2020062815933130685206",,,,,,"TID_BEST_VALUE_EXTRA",10,,4,4,,0,600,,,,"FALSE",,,
"com.supercell.laser_cn.som_072007","TID_IAP_SOM_072007",,3,"TRUE",,,"FALSE","TRUE","FALSE","FALSE",,2400,,9999,0,64800,"GD2020062815933131621533",,,,,,"TID_BEST_VALUE_EXTRA",20,,4,4,,0,2400,,,,"FALSE",,,
"com.supercell.laser_cn.som_072008","TID_IAP_SOM_072008",,3,"TRUE",,,"FALSE","TRUE","FALSE","FALSE",,330,,999,0,6800,"GD2020062815933132375996",,,,,4,,,,1,4,,3000,683,,,,"FALSE",,,
"com.supercell.laser_cn.som_072009","TID_IAP_SOM_072009",,3,"TRUE",,,"FALSE","TRUE","FALSE","FALSE",,330,,999,0,6800,"GD2020062815933133239896",,,,,3,,,,1,4,,2000,565,,,,"FALSE",,,
"com.supercell.laser_cn.som_072010","TID_IAP_SOM_072010",,3,"TRUE",,,"FALSE","TRUE","FALSE","FALSE",,0,,499,0,3000,"GD2020062815933134021369",,,,,5,,,,3,4,,3400,400,,,,"FALSE",,,
"com.supercell.laser.starr_09001","TID_IAP_STARR_09001",3,,"TRUE","FALSE","FALSE",,"TRUE",,,,490,,999,0,6800,,,,,,4,,,,1,4,,2000,725,,,,"FALSE",,,
"com.supercell.laser.starr_09002","TID_IAP_STARR_09002",3,,"TRUE","FALSE","FALSE",,"TRUE",,,,330,,999,0,6800,,,,,,3,,,,1,4,,2000,565,,,,"FALSE",,,
"com.supercell.laser.starr_09003","TID_IAP_STARR_09003",3,,"TRUE","FALSE","FALSE",,"TRUE",,,,30,,199,0,1200,,,,,,5,,,,1,4,,1020,150,,,,"FALSE",,,
"com.supercell.laser.starr_09004","TID_IAP_STARR_09004",3,,"TRUE","FALSE","FALSE",,"TRUE",,,,110,,199,0,1200,,,,,,5,,,,1,4,,340,150,,,,"FALSE",,,
"com.supercell.laser.starr_09005","TID_IAP_STARR_09005",3,,"TRUE","FALSE","FALSE",,"TRUE",,,,110,,199,0,1200,,,,,,5,,,,12,4,,360,152,,,,"FALSE",,,
"com.supercell.laser.starr_09006","TID_IAP_STARR_09006",3,,"TRUE","FALSE","FALSE",,"TRUE",,,,570,,999,0,6800,,,,,,5,,,,12,4,,2400,852,,,,"FALSE",,,
"com.supercell.laser_cn.starr_09001","TID_IAP_STARR_09001",,3,"TRUE",,,"FALSE","TRUE","FALSE","FALSE",,490,,999,0,6800,"GD2020090315991135284938",,,,,4,,,,1,4,,2000,725,,,,"FALSE",,,
"com.supercell.laser_cn.starr_09002","TID_IAP_STARR_09002",,3,"TRUE",,,"FALSE","TRUE","FALSE","FALSE",,330,,999,0,6800,"GD2020090315991136759594",,,,,3,,,,1,4,,2000,565,,,,"FALSE",,,
"com.supercell.laser_cn.starr_09003","TID_IAP_STARR_09003",,3,"TRUE",,,"FALSE","TRUE","FALSE","FALSE",,30,,199,0,1200,"GD2020090315991138132399",,,,,5,,,,1,4,,1020,150,,,,"FALSE",,,
"com.supercell.laser_cn.starr_09004","TID_IAP_STARR_09004",,3,"TRUE",,,"FALSE","TRUE","FALSE","FALSE",,110,,199,0,1200,"GD2020090315991139533500",,,,,5,,,,1,4,,340,150,,,,"FALSE",,,
"com.supercell.laser_cn.starr_09005","TID_IAP_STARR_09005",,3,"TRUE",,,"FALSE","TRUE","FALSE","FALSE",,110,,199,0,1200,"GD2020090315991140992899",,,,,5,,,,12,4,,360,152,,,,"FALSE",,,
"com.supercell.laser_cn.starr_09006","TID_IAP_STARR_09006",,3,"TRUE",,,"FALSE","TRUE","FALSE","FALSE",,570,,999,0,6800,"GD2020090315991142104145",,,,,5,,,,12,4,,2400,852,,,,"FALSE",,,
"com.supercell.laser_cn.starr_09007","TID_IAP_STARR_09006",,3,"TRUE",,,"FALSE","TRUE","FALSE","FALSE",,760,,1999,0,12800,"GD2020090315991142639030",,,,,5,,,,12,4,,8800,1795,,,,"FALSE",,,
"com.supercell.laser.starr_09007","TID_IAP_STARR_09006",3,,"TRUE","FALSE","FALSE",,"TRUE",,,,760,,1999,0,12800,,,,,,5,,,,12,4,,8800,1795,,,,"FALSE",,,
"com.supercell.laser.bundle2499","TID_IAP_BUNDLE_OFFER",6,,,"TRUE","TRUE",,"TRUE",,,,0,,2499,0,,,,,,,,,,,,,,,,475,,,"FALSE",,,
"com.supercell.laser.bundle2799","TID_IAP_BUNDLE_OFFER",6,,,"TRUE","TRUE",,"TRUE",,,,0,,2799,0,,,,,,,,,,,,,,,,532,,,"FALSE",,,
"com.supercell.laser_cn.bundle2499","TID_IAP_BUNDLE_OFFER",,6,"TRUE",,,"TRUE",,"TRUE","TRUE",,0,,2999,0,16300,"GD2021051116207151686700",,,,,,,,,,,,,,472,,,"FALSE",,,
"com.supercell.laser_cn.bundle2799","TID_IAP_BUNDLE_OFFER",,6,"TRUE",,,"TRUE",,"TRUE","TRUE",,0,,2999,0,18800,"GD2021051116207151320041",,,,,,,,,,,,,,545,,,"FALSE",,,
"com.supercell.laser.newstarterpack1","TID_STARTER_PACK_1",2,,"TRUE","FALSE","FALSE","FALSE","TRUE",,,,100,,99,0,,,,,1,5,5,,,,1,0,,100,112,,,,"FALSE",,,
"com.supercell.laser.newstarterpack2","TID_STARTER_PACK_2",2,,"TRUE","FALSE","FALSE","FALSE","TRUE",,,,160,,199,0,,,,,2,15,5,,,,1,0,,0,160,,,,"FALSE",,,
"com.supercell.laser.newstarterpack3","TID_STARTER_PACK_3",2,,"TRUE","FALSE","FALSE","FALSE","TRUE",,,,205,,299,0,,,,,3,25,5,,,,1,0,,300,240,,,,"FALSE",,,
"com.supercell.laser.newstarterpack4","TID_STARTER_PACK_4",2,,"TRUE","FALSE","FALSE","FALSE","TRUE",,,,400,,499,0,,,,,4,35,5,,,,1,0,,400,447,,,,"FALSE",,,
"com.supercell.laser.newstarterpack5","TID_STARTER_PACK_5",2,,"TRUE","FALSE","FALSE","FALSE","TRUE",,,,500,,599,0,,,,,5,50,5,,,,1,0,,500,559,,,,"FALSE",,,
"com.supercell.laser.newstarterpack6","TID_STARTER_PACK_6",2,,"TRUE","FALSE","FALSE","FALSE","TRUE",,,,610,,799,0,,,,,6,75,5,,,,1,0,,600,681,,,,"FALSE",,,
"com.supercell.laser.newstarterpack7","TID_STARTER_PACK_7",2,,"TRUE","FALSE","FALSE","FALSE","TRUE",,,,730,,999,0,,,,,7,100,5,,,,1,0,,1700,930,,,,"FALSE",,,
"com.supercell.laser.newstarterpack8","TID_STARTER_PACK_8",2,,"TRUE","FALSE","FALSE","FALSE","TRUE",,,,890,,1499,0,,,,,8,125,5,,,,1,0,,5000,1478,,,,"FALSE",,,
"com.supercell.laser_cn.newstarterpack1","TID_STARTER_PACK_1",,2,"TRUE",,,"FALSE","TRUE","FALSE","FALSE",,100,,99,0,600,"GD2021081116286537055113",,,1,5,5,,,,1,0,,100,112,,,,"FALSE",,,
"com.supercell.laser_cn.newstarterpack2","TID_STARTER_PACK_2",,2,"TRUE",,,"FALSE","TRUE","FALSE","FALSE",,160,,199,0,1200,"GD2021081116286537694577",,,2,15,5,,,,1,0,,0,160,,,,"FALSE",,,
"com.supercell.laser_cn.newstarterpack3","TID_STARTER_PACK_3",,2,"TRUE",,,"FALSE","TRUE","FALSE","FALSE",,205,,299,0,1800,"GD2021081116286537969006",,,3,25,5,,,,1,0,,300,240,,,,"FALSE",,,
"com.supercell.laser_cn.newstarterpack4","TID_STARTER_PACK_4",,2,"TRUE",,,"FALSE","TRUE","FALSE","FALSE",,400,,499,0,3000,"GD2021081116286538846049",,,4,35,5,,,,1,0,,400,447,,,,"FALSE",,,
"com.supercell.laser_cn.newstarterpack5","TID_STARTER_PACK_5",,2,"TRUE",,,"FALSE","TRUE","FALSE","FALSE",,500,,599,0,4000,"GD2021081116286539149716",,,5,50,5,,,,1,0,,500,559,,,,"FALSE",,,
"com.supercell.laser_cn.newstarterpack6","TID_STARTER_PACK_6",,2,"TRUE",,,"FALSE","TRUE","FALSE","FALSE",,610,,799,0,5000,"GD2021081116286539519246",,,6,75,5,,,,1,0,,600,681,,,,"FALSE",,,
"com.supercell.laser_cn.newstarterpack7","TID_STARTER_PACK_7",,2,"TRUE",,,"FALSE","TRUE","FALSE","FALSE",,730,,999,0,6800,"GD2021081116286539868726",,,7,100,5,,,,1,0,,1700,930,,,,"FALSE",,,
"com.supercell.laser_cn.newstarterpack8","TID_STARTER_PACK_8",,2,"TRUE",,,"FALSE","TRUE","FALSE","FALSE",,890,,1499,0,9800,"GD2021081116286540077144",,,8,125,5,,,,1,0,,5000,1478,,,,"FALSE",,,
"com.supercell.laser.seasonpass999","TID_SHOP_SPECIAL_OFFER",7,,"TRUE",,,,"TRUE",,,,0,,999,0,,,,,,,,,,,,,,,169,,,,"FALSE",,,
"com.supercell.laser_cn.seasonpass999","TID_SHOP_SPECIAL_OFFER",,7,"TRUE",,,"FALSE","TRUE","FALSE","FALSE",,0,,999,0,6800,,,,,,,,,,,,,,169,,,,"FALSE",,,
"com.supercell.laser.gempack0_yt","TID_PROMOCODE_PACK",4,,,"FALSE","TRUE","FALSE","TRUE",,,,30,,199,9,,,,,,,,,,,,,"TRUE",0,0,,,,"FALSE",,,
"com.supercell.laser.gempack2_yt","TID_PROMOCODE_PACK",4,,,"FALSE","TRUE","FALSE","TRUE",,,,170,,999,9,,,,,,,,,,,,,"TRUE",0,0,,,,"FALSE",,,
"com.supercell.laser.scid.gempack0","TID_SUPERCELL_STORE_GEM_PACK_1_TITLE",1,,"FALSE","FALSE","FALSE","FALSE","TRUE","FALSE","FALSE",100,30,,199,1,,,"shop_gem_0",0,,,,,,,,,,,30,,"TRUE","FALSE","FALSE",,,
"com.supercell.laser.scid.gempack1","TID_SUPERCELL_STORE_GEM_PACK_2_TITLE",1,,"FALSE","FALSE","FALSE","FALSE","TRUE","FALSE","FALSE",100,80,,499,2,,,"shop_gem_1",1,,,,"TID_SHOP_LABEL_BREAKDOWN",5,,,,,,80,,"TRUE","FALSE","FALSE",,,
"com.supercell.laser.scid.gempack2","TID_SUPERCELL_STORE_GEM_PACK_3_TITLE",1,,"FALSE","FALSE","FALSE","FALSE","TRUE","FALSE","FALSE",100,170,,999,3,,,"shop_gem_2",2,,,,"TID_SHOP_LABEL_BREAKDOWN",19,"TID_SHOP_LABEL_POPULAR",,,,,170,,"TRUE","FALSE","FALSE",,,
"com.supercell.laser.scid.gempack3","TID_SUPERCELL_STORE_GEM_PACK_4_TITLE",1,,"FALSE","FALSE","FALSE","FALSE","TRUE","FALSE","FALSE",100,360,,1999,4,,,"shop_gem_3",3,,,,"TID_SHOP_LABEL_BREAKDOWN",59,,,,,,360,,"TRUE","FALSE","FALSE",,,
"com.supercell.laser.scid.gempack4","TID_SUPERCELL_STORE_GEM_PACK_5_TITLE",1,,"FALSE","FALSE","FALSE","FALSE","TRUE","FALSE","FALSE",100,950,,4999,5,,,"shop_gem_4",4,,,,"TID_SHOP_LABEL_BREAKDOWN",196,,,,,,950,,"TRUE","FALSE","FALSE",,,
"com.supercell.laser.scid.gempack5","TID_SUPERCELL_STORE_GEM_PACK_6_TITLE",1,,"FALSE","FALSE","FALSE","FALSE","TRUE","FALSE","FALSE",100,2000,,9999,6,,,"shop_gem_5",5,,,,"TID_SHOP_LABEL_BREAKDOWN",493,"TID_SHOP_LABEL_BEST_VALUE",,,,,2000,,"TRUE","FALSE","FALSE",,,
"com.supercell.laser.scid.seasonpass","TID_SUPERCELL_STORE_BRAWL_PASS",7,,"FALSE","FALSE","FALSE","FALSE","TRUE","FALSE","FALSE",100,0,,999,2,,,,,,,,,,,,,,,169,,"TRUE","TRUE","TRUE",,,
"com.supercell.laser.scid.seasonpassbundle","TID_SUPERCELL_STORE_BRAWL_PASS_BUNDLE",7,,"FALSE","FALSE","FALSE","FALSE","TRUE","FALSE","FALSE",100,0,,1999,3,,,,,,,,,,,,,,,169,,"TRUE","TRUE","TRUE",,,
"com.supercell.laser.gempack1_yt","TID_PROMOCODE_PACK",4,,,"FALSE","TRUE","FALSE","TRUE",,,,80,,499,9,,,,,,,,,,,,,"TRUE",0,0,,,,"FALSE",,,
"com.supercell.laser.scid.seasonpassbundle10","TID_SUPERCELL_STORE_BRAWL_PASS_BUNDLE",7,,"FALSE","FALSE","FALSE","FALSE","TRUE","FALSE","FALSE",100,0,,999,3,,,,,,,,,,,,,,,469,,"TRUE","TRUE","TRUE",,,
"com.supercell.laser.seasonpassbundle5","TID_SHOP_SPECIAL_OFFER",7,,"FALSE","TRUE","TRUE","FALSE","TRUE","FALSE","FALSE",,0,,999,0,,,,,,,,,,,,,,,319,,,"TRUE","TRUE",,,
"com.supercell.laser.scid10.gempack0","TID_SUPERCELL_STORE_GEM_PACK_1_TITLE",1,,"FALSE","FALSE","FALSE","FALSE","TRUE","FALSE","FALSE",100,33,,199,1,,,"shop_gem_0",0,,,,,,,,,,,33,,"TRUE","FALSE","FALSE",,,
"com.supercell.laser.scid10.gempack1","TID_SUPERCELL_STORE_GEM_PACK_2_TITLE",1,,"FALSE","FALSE","FALSE","FALSE","TRUE","FALSE","FALSE",100,88,,499,2,,,"shop_gem_1",1,,,,"TID_SHOP_LABEL_BREAKDOWN",5,,,,,,88,,"TRUE","FALSE","FALSE",,,
"com.supercell.laser.scid10.gempack2","TID_SUPERCELL_STORE_GEM_PACK_3_TITLE",1,,"FALSE","FALSE","FALSE","FALSE","TRUE","FALSE","FALSE",100,187,,999,3,,,"shop_gem_2",2,,,,"TID_SHOP_LABEL_BREAKDOWN",19,"TID_SHOP_LABEL_POPULAR",,,,,187,,"TRUE","FALSE","FALSE",,,
"com.supercell.laser.scid10.gempack3","TID_SUPERCELL_STORE_GEM_PACK_4_TITLE",1,,"FALSE","FALSE","FALSE","FALSE","TRUE","FALSE","FALSE",100,396,,1999,4,,,"shop_gem_3",3,,,,"TID_SHOP_LABEL_BREAKDOWN",59,,,,,,396,,"TRUE","FALSE","FALSE",,,
"com.supercell.laser.scid10.gempack4","TID_SUPERCELL_STORE_GEM_PACK_5_TITLE",1,,"FALSE","FALSE","FALSE","FALSE","TRUE","FALSE","FALSE",100,1045,,4999,5,,,"shop_gem_4",4,,,,"TID_SHOP_LABEL_BREAKDOWN",196,,,,,,1045,,"TRUE","FALSE","FALSE",,,
"com.supercell.laser.scid10.gempack5","TID_SUPERCELL_STORE_GEM_PACK_6_TITLE",1,,"FALSE","FALSE","FALSE","FALSE","TRUE","FALSE","FALSE",100,2200,,9999,6,,,"shop_gem_5",5,,,,"TID_SHOP_LABEL_BREAKDOWN",493,"TID_SHOP_LABEL_BEST_VALUE",,,,,2200,,"TRUE","FALSE","FALSE",,,
"com.supercell.laser.razer.seasonpassbundle5","TID_RAZER_STORE_BRAWL_PASS_BUNDLE5",7,,"FALSE","FALSE","FALSE","FALSE","TRUE","FALSE","FALSE",,0,,999,3,,,,,,,,,,,,,,,319,,"TRUE","TRUE","TRUE",,,
"com.supercell.laser.razer5.gempack0","TID_RAZER5_STORE_GEM_PACK_1_TITLE",1,,"FALSE","FALSE","FALSE","FALSE","TRUE","FALSE","FALSE",,32,,199,1,,,"shop_gem_0",0,,,,,,,,,,,32,,"TRUE","FALSE","FALSE",,,
"com.supercell.laser.razer5.gempack1","TID_RAZER5_STORE_GEM_PACK_2_TITLE",1,,"FALSE","FALSE","FALSE","FALSE","TRUE","FALSE","FALSE",,84,,499,2,,,"shop_gem_1",1,,,,,,,,,,,84,,"TRUE","FALSE","FALSE",,,
"com.supercell.laser.razer5.gempack2","TID_RAZER5_STORE_GEM_PACK_3_TITLE",1,,"FALSE","FALSE","FALSE","FALSE","TRUE","FALSE","FALSE",,179,,999,3,,,"shop_gem_2",2,,,,"TID_SHOP_LABEL_POPULAR",,"TID_SHOP_LABEL_POPULAR",,,,,179,,"TRUE","FALSE","FALSE",,,
"com.supercell.laser.razer5.gempack3","TID_RAZER5_STORE_GEM_PACK_4_TITLE",1,,"FALSE","FALSE","FALSE","FALSE","TRUE","FALSE","FALSE",,378,,1999,4,,,"shop_gem_3",3,,,,,,,,,,,378,,"TRUE","FALSE","FALSE",,,
"com.supercell.laser.razer5.gempack4","TID_RAZER5_STORE_GEM_PACK_5_TITLE",1,,"FALSE","FALSE","FALSE","FALSE","TRUE","FALSE","FALSE",,998,,4999,5,,,"shop_gem_4",4,,,,,,,,,,,998,,"TRUE","FALSE","FALSE",,,
"com.supercell.laser.razer5.gempack5","TID_RAZER5_STORE_GEM_PACK_6_TITLE",1,,"FALSE","FALSE","FALSE","FALSE","TRUE","FALSE","FALSE",,2100,,9999,6,,,"shop_gem_5",5,,,,"TID_SHOP_LABEL_BEST_VALUE",,"TID_SHOP_LABEL_BEST_VALUE",,,,,2100,,"TRUE","FALSE","FALSE",,,
"com.supercell.laser.razer10.gempack0","TID_RAZER10_STORE_GEM_PACK_1_TITLE",1,,"FALSE","FALSE","FALSE","FALSE","TRUE","FALSE","FALSE",,33,,199,1,,,"shop_gem_0",0,,,,,,,,,,,33,,"TRUE","FALSE","FALSE",,,
"com.supercell.laser.razer10.gempack1","TID_RAZER10_STORE_GEM_PACK_2_TITLE",1,,"FALSE","FALSE","FALSE","FALSE","TRUE","FALSE","FALSE",,88,,499,2,,,"shop_gem_1",1,,,,,,,,,,,88,,"TRUE","FALSE","FALSE",,,
"com.supercell.laser.razer10.gempack2","TID_RAZER10_STORE_GEM_PACK_3_TITLE",1,,"FALSE","FALSE","FALSE","FALSE","TRUE","FALSE","FALSE",,187,,999,3,,,"shop_gem_2",2,,,,"TID_SHOP_LABEL_POPULAR",,"TID_SHOP_LABEL_POPULAR",,,,,187,,"TRUE","FALSE","FALSE",,,
"com.supercell.laser.razer10.gempack3","TID_RAZER10_STORE_GEM_PACK_4_TITLE",1,,"FALSE","FALSE","FALSE","FALSE","TRUE","FALSE","FALSE",,396,,1999,4,,,"shop_gem_3",3,,,,,,,,,,,396,,"TRUE","FALSE","FALSE",,,
"com.supercell.laser.razer10.gempack4","TID_RAZER10_STORE_GEM_PACK_5_TITLE",1,,"FALSE","FALSE","FALSE","FALSE","TRUE","FALSE","FALSE",,1045,,4999,5,,,"shop_gem_4",4,,,,,,,,,,,1045,,"TRUE","FALSE","FALSE",,,
"com.supercell.laser.razer10.gempack5","TID_RAZER10_STORE_GEM_PACK_6_TITLE",1,,"FALSE","FALSE","FALSE","FALSE","TRUE","FALSE","FALSE",,2200,,9999,6,,,"shop_gem_5",5,,,,"TID_SHOP_LABEL_BEST_VALUE",,"TID_SHOP_LABEL_BEST_VALUE",,,,,2200,,"TRUE","FALSE","FALSE",,,
"com.supercell.laser.razer20.gempack0","TID_RAZER20_STORE_GEM_PACK_1_TITLE",1,,"FALSE","FALSE","FALSE","FALSE","TRUE","FALSE","FALSE",,36,,199,1,,,"shop_gem_0",0,,,,,,,,,,,36,,"TRUE","FALSE","FALSE",,,
"com.supercell.laser.razer20.gempack1","TID_RAZER20_STORE_GEM_PACK_2_TITLE",1,,"FALSE","FALSE","FALSE","FALSE","TRUE","FALSE","FALSE",,96,,499,2,,,"shop_gem_1",1,,,,,,,,,,,96,,"TRUE","FALSE","FALSE",,,
"com.supercell.laser.razer20.gempack2","TID_RAZER20_STORE_GEM_PACK_3_TITLE",1,,"FALSE","FALSE","FALSE","FALSE","TRUE","FALSE","FALSE",,204,,999,3,,,"shop_gem_2",2,,,,"TID_SHOP_LABEL_POPULAR",,"TID_SHOP_LABEL_POPULAR",,,,,204,,"TRUE","FALSE","FALSE",,,
"com.supercell.laser.razer20.gempack3","TID_RAZER20_STORE_GEM_PACK_4_TITLE",1,,"FALSE","FALSE","FALSE","FALSE","TRUE","FALSE","FALSE",,432,,1999,4,,,"shop_gem_3",3,,,,,,,,,,,432,,"TRUE","FALSE","FALSE",,,
"com.supercell.laser.razer20.gempack4","TID_RAZER20_STORE_GEM_PACK_5_TITLE",1,,"FALSE","FALSE","FALSE","FALSE","TRUE","FALSE","FALSE",,1140,,4999,5,,,"shop_gem_4",4,,,,,,,,,,,1140,,"TRUE","FALSE","FALSE",,,
"com.supercell.laser.razer20.gempack5","TID_RAZER20_STORE_GEM_PACK_6_TITLE",1,,"FALSE","FALSE","FALSE","FALSE","TRUE","FALSE","FALSE",,2400,,9999,6,,,"shop_gem_5",5,,,,"TID_SHOP_LABEL_BEST_VALUE",,"TID_SHOP_LABEL_BEST_VALUE",,,,,2400,,"TRUE","FALSE","FALSE",,,
"com.supercell.laser.coda.seasonpassbundle5","TID_CODA_STORE_BRAWL_PASS_BUNDLE5",7,,"FALSE","FALSE","FALSE","FALSE","TRUE","FALSE","FALSE",,0,,999,3,,,,,,,,,,,,,,,319,,"TRUE","TRUE","TRUE",,,
"com.supercell.laser.coda5.gempack0","TID_CODA5_STORE_GEM_PACK_1_TITLE",1,,"FALSE","FALSE","FALSE","FALSE","TRUE","FALSE","FALSE",,32,,199,1,,,"shop_gem_0",0,,,,,,,,,,,32,,"TRUE","FALSE","FALSE",,,
"com.supercell.laser.coda5.gempack1","TID_CODA5_STORE_GEM_PACK_2_TITLE",1,,"FALSE","FALSE","FALSE","FALSE","TRUE","FALSE","FALSE",,84,,499,2,,,"shop_gem_1",1,,,,,,,,,,,84,,"TRUE","FALSE","FALSE",,,
"com.supercell.laser.coda5.gempack2","TID_CODA5_STORE_GEM_PACK_3_TITLE",1,,"FALSE","FALSE","FALSE","FALSE","TRUE","FALSE","FALSE",,179,,999,3,,,"shop_gem_2",2,,,,"TID_SHOP_LABEL_POPULAR",,"TID_SHOP_LABEL_POPULAR",,,,,179,,"TRUE","FALSE","FALSE",,,
"com.supercell.laser.coda5.gempack3","TID_CODA5_STORE_GEM_PACK_4_TITLE",1,,"FALSE","FALSE","FALSE","FALSE","TRUE","FALSE","FALSE",,378,,1999,4,,,"shop_gem_3",3,,,,,,,,,,,378,,"TRUE","FALSE","FALSE",,,
"com.supercell.laser.coda5.gempack4","TID_CODA5_STORE_GEM_PACK_5_TITLE",1,,"FALSE","FALSE","FALSE","FALSE","TRUE","FALSE","FALSE",,998,,4999,5,,,"shop_gem_4",4,,,,,,,,,,,998,,"TRUE","FALSE","FALSE",,,
"com.supercell.laser.coda5.gempack5","TID_CODA5_STORE_GEM_PACK_6_TITLE",1,,"FALSE","FALSE","FALSE","FALSE","TRUE","FALSE","FALSE",,2100,,9999,6,,,"shop_gem_5",5,,,,"TID_SHOP_LABEL_BEST_VALUE",,"TID_SHOP_LABEL_BEST_VALUE",,,,,2100,,"TRUE","FALSE","FALSE",,,
"com.supercell.laser.coda10.gempack0","TID_CODA10_STORE_GEM_PACK_1_TITLE",1,,"FALSE","FALSE","FALSE","FALSE","TRUE","FALSE","FALSE",,33,,199,1,,,"shop_gem_0",0,,,,,,,,,,,33,,"TRUE","FALSE","FALSE",,,
"com.supercell.laser.coda10.gempack1","TID_CODA10_STORE_GEM_PACK_2_TITLE",1,,"FALSE","FALSE","FALSE","FALSE","TRUE","FALSE","FALSE",,88,,499,2,,,"shop_gem_1",1,,,,,,,,,,,88,,"TRUE","FALSE","FALSE",,,
"com.supercell.laser.coda10.gempack2","TID_CODA10_STORE_GEM_PACK_3_TITLE",1,,"FALSE","FALSE","FALSE","FALSE","TRUE","FALSE","FALSE",,187,,999,3,,,"shop_gem_2",2,,,,"TID_SHOP_LABEL_POPULAR",,"TID_SHOP_LABEL_POPULAR",,,,,187,,"TRUE","FALSE","FALSE",,,
"com.supercell.laser.coda10.gempack3","TID_CODA10_STORE_GEM_PACK_4_TITLE",1,,"FALSE","FALSE","FALSE","FALSE","TRUE","FALSE","FALSE",,396,,1999,4,,,"shop_gem_3",3,,,,,,,,,,,396,,"TRUE","FALSE","FALSE",,,
"com.supercell.laser.coda10.gempack4","TID_CODA10_STORE_GEM_PACK_5_TITLE",1,,"FALSE","FALSE","FALSE","FALSE","TRUE","FALSE","FALSE",,1045,,4999,5,,,"shop_gem_4",4,,,,,,,,,,,1045,,"TRUE","FALSE","FALSE",,,
"com.supercell.laser.coda10.gempack5","TID_CODA10_STORE_GEM_PACK_6_TITLE",1,,"FALSE","FALSE","FALSE","FALSE","TRUE","FALSE","FALSE",,2200,,9999,6,,,"shop_gem_5",5,,,,"TID_SHOP_LABEL_BEST_VALUE",,"TID_SHOP_LABEL_BEST_VALUE",,,,,2200,,"TRUE","FALSE","FALSE",,,
"com.supercell.laser.coda20.gempack0","TID_CODA20_STORE_GEM_PACK_1_TITLE",1,,"FALSE","FALSE","FALSE","FALSE","TRUE","FALSE","FALSE",,36,,199,1,,,"shop_gem_0",0,,,,,,,,,,,36,,"TRUE","FALSE","FALSE",,,
"com.supercell.laser.coda20.gempack1","TID_CODA20_STORE_GEM_PACK_2_TITLE",1,,"FALSE","FALSE","FALSE","FALSE","TRUE","FALSE","FALSE",,96,,499,2,,,"shop_gem_1",1,,,,,,,,,,,96,,"TRUE","FALSE","FALSE",,,
"com.supercell.laser.coda20.gempack2","TID_CODA20_STORE_GEM_PACK_3_TITLE",1,,"FALSE","FALSE","FALSE","FALSE","TRUE","FALSE","FALSE",,204,,999,3,,,"shop_gem_2",2,,,,"TID_SHOP_LABEL_POPULAR",,"TID_SHOP_LABEL_POPULAR",,,,,204,,"TRUE","FALSE","FALSE",,,
"com.supercell.laser.coda20.gempack3","TID_CODA20_STORE_GEM_PACK_4_TITLE",1,,"FALSE","FALSE","FALSE","FALSE","TRUE","FALSE","FALSE",,432,,1999,4,,,"shop_gem_3",3,,,,,,,,,,,432,,"TRUE","FALSE","FALSE",,,
"com.supercell.laser.coda20.gempack4","TID_CODA20_STORE_GEM_PACK_5_TITLE",1,,"FALSE","FALSE","FALSE","FALSE","TRUE","FALSE","FALSE",,1140,,4999,5,,,"shop_gem_4",4,,,,,,,,,,,1140,,"TRUE","FALSE","FALSE",,,
"com.supercell.laser.coda20.gempack5","TID_CODA20_STORE_GEM_PACK_6_TITLE",1,,"FALSE","FALSE","FALSE","FALSE","TRUE","FALSE","FALSE",,2400,,9999,6,,,"shop_gem_5",5,,,,"TID_SHOP_LABEL_BEST_VALUE",,"TID_SHOP_LABEL_BEST_VALUE",,,,,2400,,"TRUE","FALSE","FALSE",,,
"com.supercell.laser.midas.seasonpassbundle5","TID_MIDAS_STORE_BRAWL_PASS_BUNDLE5",7,,"FALSE","FALSE","FALSE","FALSE","TRUE","FALSE","FALSE",,0,,999,3,,,,,,,,,,,,,,,319,,"TRUE","TRUE","TRUE",,,
"com.supercell.laser.midas5.gempack0","TID_MIDAS5_STORE_GEM_PACK_1_TITLE",1,,"FALSE","FALSE","FALSE","FALSE","TRUE","FALSE","FALSE",,32,,199,1,,,"shop_gem_0",0,,,,,,,,,,,32,,"TRUE","FALSE","FALSE",,,
"com.supercell.laser.midas5.gempack1","TID_MIDAS5_STORE_GEM_PACK_2_TITLE",1,,"FALSE","FALSE","FALSE","FALSE","TRUE","FALSE","FALSE",,84,,499,2,,,"shop_gem_1",1,,,,,,,,,,,84,,"TRUE","FALSE","FALSE",,,
"com.supercell.laser.midas5.gempack2","TID_MIDAS5_STORE_GEM_PACK_3_TITLE",1,,"FALSE","FALSE","FALSE","FALSE","TRUE","FALSE","FALSE",,179,,999,3,,,"shop_gem_2",2,,,,"TID_SHOP_LABEL_POPULAR",,"TID_SHOP_LABEL_POPULAR",,,,,179,,"TRUE","FALSE","FALSE",,,
"com.supercell.laser.midas5.gempack3","TID_MIDAS5_STORE_GEM_PACK_4_TITLE",1,,"FALSE","FALSE","FALSE","FALSE","TRUE","FALSE","FALSE",,378,,1999,4,,,"shop_gem_3",3,,,,,,,,,,,378,,"TRUE","FALSE","FALSE",,,
"com.supercell.laser.midas5.gempack4","TID_MIDAS5_STORE_GEM_PACK_5_TITLE",1,,"FALSE","FALSE","FALSE","FALSE","TRUE","FALSE","FALSE",,998,,4999,5,,,"shop_gem_4",4,,,,,,,,,,,998,,"TRUE","FALSE","FALSE",,,
"com.supercell.laser.midas5.gempack5","TID_MIDAS5_STORE_GEM_PACK_6_TITLE",1,,"FALSE","FALSE","FALSE","FALSE","TRUE","FALSE","FALSE",,2100,,9999,6,,,"shop_gem_5",5,,,,"TID_SHOP_LABEL_BEST_VALUE",,"TID_SHOP_LABEL_BEST_VALUE",,,,,2100,,"TRUE","FALSE","FALSE",,,
"com.supercell.laser.midas10.gempack0","TID_MIDAS10_STORE_GEM_PACK_1_TITLE",1,,"FALSE","FALSE","FALSE","FALSE","TRUE","FALSE","FALSE",,33,,199,1,,,"shop_gem_0",0,,,,,,,,,,,33,,"TRUE","FALSE","FALSE",,,
"com.supercell.laser.midas10.gempack1","TID_MIDAS10_STORE_GEM_PACK_2_TITLE",1,,"FALSE","FALSE","FALSE","FALSE","TRUE","FALSE","FALSE",,88,,499,2,,,"shop_gem_1",1,,,,,,,,,,,88,,"TRUE","FALSE","FALSE",,,
"com.supercell.laser.midas10.gempack2","TID_MIDAS10_STORE_GEM_PACK_3_TITLE",1,,"FALSE","FALSE","FALSE","FALSE","TRUE","FALSE","FALSE",,187,,999,3,,,"shop_gem_2",2,,,,"TID_SHOP_LABEL_POPULAR",,"TID_SHOP_LABEL_POPULAR",,,,,187,,"TRUE","FALSE","FALSE",,,
"com.supercell.laser.midas10.gempack3","TID_MIDAS10_STORE_GEM_PACK_4_TITLE",1,,"FALSE","FALSE","FALSE","FALSE","TRUE","FALSE","FALSE",,396,,1999,4,,,"shop_gem_3",3,,,,,,,,,,,396,,"TRUE","FALSE","FALSE",,,
"com.supercell.laser.midas10.gempack4","TID_MIDAS10_STORE_GEM_PACK_5_TITLE",1,,"FALSE","FALSE","FALSE","FALSE","TRUE","FALSE","FALSE",,1045,,4999,5,,,"shop_gem_4",4,,,,,,,,,,,1045,,"TRUE","FALSE","FALSE",,,
"com.supercell.laser.midas10.gempack5","TID_MIDAS10_STORE_GEM_PACK_6_TITLE",1,,"FALSE","FALSE","FALSE","FALSE","TRUE","FALSE","FALSE",,2200,,9999,6,,,"shop_gem_5",5,,,,"TID_SHOP_LABEL_BEST_VALUE",,"TID_SHOP_LABEL_BEST_VALUE",,,,,2200,,"TRUE","FALSE","FALSE",,,
"com.supercell.laser.midas20.gempack0","TID_MIDAS20_STORE_GEM_PACK_1_TITLE",1,,"FALSE","FALSE","FALSE","FALSE","TRUE","FALSE","FALSE",,36,,199,1,,,"shop_gem_0",0,,,,,,,,,,,36,,"TRUE","FALSE","FALSE",,,
"com.supercell.laser.midas20.gempack1","TID_MIDAS20_STORE_GEM_PACK_2_TITLE",1,,"FALSE","FALSE","FALSE","FALSE","TRUE","FALSE","FALSE",,96,,499,2,,,"shop_gem_1",1,,,,,,,,,,,96,,"TRUE","FALSE","FALSE",,,
"com.supercell.laser.midas20.gempack2","TID_MIDAS20_STORE_GEM_PACK_3_TITLE",1,,"FALSE","FALSE","FALSE","FALSE","TRUE","FALSE","FALSE",,204,,999,3,,,"shop_gem_2",2,,,,"TID_SHOP_LABEL_POPULAR",,"TID_SHOP_LABEL_POPULAR",,,,,204,,"TRUE","FALSE","FALSE",,,
"com.supercell.laser.midas20.gempack3","TID_MIDAS20_STORE_GEM_PACK_4_TITLE",1,,"FALSE","FALSE","FALSE","FALSE","TRUE","FALSE","FALSE",,432,,1999,4,,,"shop_gem_3",3,,,,,,,,,,,432,,"TRUE","FALSE","FALSE",,,
"com.supercell.laser.midas20.gempack4","TID_MIDAS20_STORE_GEM_PACK_5_TITLE",1,,"FALSE","FALSE","FALSE","FALSE","TRUE","FALSE","FALSE",,1140,,4999,5,,,"shop_gem_4",4,,,,,,,,,,,1140,,"TRUE","FALSE","FALSE",,,
"com.supercell.laser.midas20.gempack5","TID_MIDAS20_STORE_GEM_PACK_6_TITLE",1,,"FALSE","FALSE","FALSE","FALSE","TRUE","FALSE","FALSE",,2400,,9999,6,,,"shop_gem_5",5,,,,"TID_SHOP_LABEL_BEST_VALUE",,"TID_SHOP_LABEL_BEST_VALUE",,,,,2400,,"TRUE","FALSE","FALSE",,,
"com.supercell.laser.coinpack2000_playpoints","TID_PROMOCODE_PACK",4,,"FALSE","FALSE","TRUE","FALSE","TRUE","FALSE","FALSE",,0,,999,9,,,,,,,,,,,,,"TRUE",2000,0,,"FALSE","FALSE","FALSE",,,
"com.supercell.laser.carry.seasonpassbundle5","TID_CARRY_STORE_BRAWL_PASS_BUNDLE5",7,,"FALSE","FALSE","FALSE","FALSE","TRUE","FALSE","FALSE",,0,,999,3,,,,,,,,,,,,,,,319,,"TRUE","TRUE","TRUE",,,
"com.supercell.laser.carry5.gempack0","TID_CARRY5_STORE_GEM_PACK_1_TITLE",1,,"FALSE","FALSE","FALSE","FALSE","TRUE","FALSE","FALSE",,32,,199,1,,,"shop_gem_0",0,,,,,,,,,,,32,,"TRUE","FALSE","FALSE",,,
"com.supercell.laser.carry5.gempack1","TID_CARRY5_STORE_GEM_PACK_2_TITLE",1,,"FALSE","FALSE","FALSE","FALSE","TRUE","FALSE","FALSE",,84,,499,2,,,"shop_gem_1",1,,,,,,,,,,,84,,"TRUE","FALSE","FALSE",,,
"com.supercell.laser.carry5.gempack2","TID_CARRY5_STORE_GEM_PACK_3_TITLE",1,,"FALSE","FALSE","FALSE","FALSE","TRUE","FALSE","FALSE",,179,,999,3,,,"shop_gem_2",2,,,,"TID_SHOP_LABEL_POPULAR",,"TID_SHOP_LABEL_POPULAR",,,,,179,,"TRUE","FALSE","FALSE",,,
"com.supercell.laser.carry5.gempack3","TID_CARRY5_STORE_GEM_PACK_4_TITLE",1,,"FALSE","FALSE","FALSE","FALSE","TRUE","FALSE","FALSE",,378,,1999,4,,,"shop_gem_3",3,,,,,,,,,,,378,,"TRUE","FALSE","FALSE",,,
"com.supercell.laser.carry5.gempack4","TID_CARRY5_STORE_GEM_PACK_5_TITLE",1,,"FALSE","FALSE","FALSE","FALSE","TRUE","FALSE","FALSE",,998,,4999,5,,,"shop_gem_4",4,,,,,,,,,,,998,,"TRUE","FALSE","FALSE",,,
"com.supercell.laser.carry5.gempack5","TID_CARRY5_STORE_GEM_PACK_6_TITLE",1,,"FALSE","FALSE","FALSE","FALSE","TRUE","FALSE","FALSE",,2100,,9999,6,,,"shop_gem_5",5,,,,"TID_SHOP_LABEL_BEST_VALUE",,"TID_SHOP_LABEL_BEST_VALUE",,,,,2100,,"TRUE","FALSE","FALSE",,,
"com.supercell.laser.carry10.gempack0","TID_CARRY10_STORE_GEM_PACK_1_TITLE",1,,"FALSE","FALSE","FALSE","FALSE","TRUE","FALSE","FALSE",,33,,199,1,,,"shop_gem_0",0,,,,,,,,,,,33,,"TRUE","FALSE","FALSE",,,
"com.supercell.laser.carry10.gempack1","TID_CARRY10_STORE_GEM_PACK_2_TITLE",1,,"FALSE","FALSE","FALSE","FALSE","TRUE","FALSE","FALSE",,88,,499,2,,,"shop_gem_1",1,,,,,,,,,,,88,,"TRUE","FALSE","FALSE",,,
"com.supercell.laser.carry10.gempack2","TID_CARRY10_STORE_GEM_PACK_3_TITLE",1,,"FALSE","FALSE","FALSE","FALSE","TRUE","FALSE","FALSE",,187,,999,3,,,"shop_gem_2",2,,,,"TID_SHOP_LABEL_POPULAR",,"TID_SHOP_LABEL_POPULAR",,,,,187,,"TRUE","FALSE","FALSE",,,
"com.supercell.laser.carry10.gempack3","TID_CARRY10_STORE_GEM_PACK_4_TITLE",1,,"FALSE","FALSE","FALSE","FALSE","TRUE","FALSE","FALSE",,396,,1999,4,,,"shop_gem_3",3,,,,,,,,,,,396,,"TRUE","FALSE","FALSE",,,
"com.supercell.laser.carry10.gempack4","TID_CARRY10_STORE_GEM_PACK_5_TITLE",1,,"FALSE","FALSE","FALSE","FALSE","TRUE","FALSE","FALSE",,1045,,4999,5,,,"shop_gem_4",4,,,,,,,,,,,1045,,"TRUE","FALSE","FALSE",,,
"com.supercell.laser.carry10.gempack5","TID_CARRY10_STORE_GEM_PACK_6_TITLE",1,,"FALSE","FALSE","FALSE","FALSE","TRUE","FALSE","FALSE",,2200,,9999,6,,,"shop_gem_5",5,,,,"TID_SHOP_LABEL_BEST_VALUE",,"TID_SHOP_LABEL_BEST_VALUE",,,,,2200,,"TRUE","FALSE","FALSE",,,
"com.supercell.laser.carry20.gempack0","TID_CARRY20_STORE_GEM_PACK_1_TITLE",1,,"FALSE","FALSE","FALSE","FALSE","TRUE","FALSE","FALSE",,36,,199,1,,,"shop_gem_0",0,,,,,,,,,,,36,,"TRUE","FALSE","FALSE",,,
"com.supercell.laser.carry20.gempack1","TID_CARRY20_STORE_GEM_PACK_2_TITLE",1,,"FALSE","FALSE","FALSE","FALSE","TRUE","FALSE","FALSE",,96,,499,2,,,"shop_gem_1",1,,,,,,,,,,,96,,"TRUE","FALSE","FALSE",,,
"com.supercell.laser.carry20.gempack2","TID_CARRY20_STORE_GEM_PACK_3_TITLE",1,,"FALSE","FALSE","FALSE","FALSE","TRUE","FALSE","FALSE",,204,,999,3,,,"shop_gem_2",2,,,,"TID_SHOP_LABEL_POPULAR",,"TID_SHOP_LABEL_POPULAR",,,,,204,,"TRUE","FALSE","FALSE",,,
"com.supercell.laser.carry20.gempack3","TID_CARRY20_STORE_GEM_PACK_4_TITLE",1,,"FALSE","FALSE","FALSE","FALSE","TRUE","FALSE","FALSE",,432,,1999,4,,,"shop_gem_3",3,,,,,,,,,,,432,,"TRUE","FALSE","FALSE",,,
"com.supercell.laser.carry20.gempack4","TID_CARRY20_STORE_GEM_PACK_5_TITLE",1,,"FALSE","FALSE","FALSE","FALSE","TRUE","FALSE","FALSE",,1140,,4999,5,,,"shop_gem_4",4,,,,,,,,,,,1140,,"TRUE","FALSE","FALSE",,,
"com.supercell.laser.carry20.gempack5","TID_CARRY20_STORE_GEM_PACK_6_TITLE",1,,"FALSE","FALSE","FALSE","FALSE","TRUE","FALSE","FALSE",,2400,,9999,6,,,"shop_gem_5",5,,,,"TID_SHOP_LABEL_BEST_VALUE",,"TID_SHOP_LABEL_BEST_VALUE",,,,,2400,,"TRUE","FALSE","FALSE",,,
"com.supercell.laser.seasonpass.basic","TID_BRAWL_PASS_PREMIUM",7,,"FALSE","TRUE","TRUE","FALSE","TRUE","FALSE","FALSE",100,0,,699,0,,,,,,,,,,,,,,,2800,,"FALSE","TRUE","FALSE",,,
"com.supercell.laser.seasonpass.plus","TID_BP_PLUS_NAME",7,,"FALSE","TRUE","TRUE","FALSE","TRUE","FALSE","FALSE",100,0,,999,0,,,,,,,,,,,,,,,5000,,"FALSE","TRUE","TRUE",,,
"com.supercell.laser.seasonpass.upgrade","TID_SHOP_SPECIAL_OFFER",7,,"FALSE","TRUE","TRUE","FALSE","TRUE","FALSE","FALSE",100,0,,399,0,,,,,,,,,,,,,,,2200,,"FALSE","FALSE","TRUE",,,
"com.supercell.laser.razer.seasonpass.basic","TID_BRAWL_PASS_PREMIUM",7,,"FALSE","TRUE","TRUE","FALSE","TRUE","FALSE","FALSE",,0,,699,0,,,,,,,,,,,,,,,2800,,"TRUE","TRUE","FALSE",,,
"com.supercell.laser.razer.seasonpass.plus","TID_BP_PLUS_NAME",7,,"FALSE","TRUE","TRUE","FALSE","TRUE","FALSE","FALSE",,0,,999,0,,,,,,,,,,,,,,,5000,,"TRUE","TRUE","TRUE",,,
"com.supercell.laser.coda.seasonpass.basic","TID_BRAWL_PASS_PREMIUM",7,,"FALSE","TRUE","TRUE","FALSE","TRUE","FALSE","FALSE",,0,,699,0,,,,,,,,,,,,,,,2800,,"TRUE","TRUE","FALSE",,,
"com.supercell.laser.coda.seasonpass.plus","TID_BP_PLUS_NAME",7,,"FALSE","TRUE","TRUE","FALSE","TRUE","FALSE","FALSE",,0,,999,0,,,,,,,,,,,,,,,5000,,"TRUE","TRUE","TRUE",,,
"com.supercell.laser.midas.seasonpass.basic","TID_BRAWL_PASS_PREMIUM",7,,"FALSE","TRUE","TRUE","FALSE","TRUE","FALSE","FALSE",,0,,699,0,,,,,,,,,,,,,,,2800,,"TRUE","TRUE","FALSE",,,
"com.supercell.laser.midas.seasonpass.plus","TID_BP_PLUS_NAME",7,,"FALSE","TRUE","TRUE","FALSE","TRUE","FALSE","FALSE",,0,,999,0,,,,,,,,,,,,,,,5000,,"TRUE","TRUE","TRUE",,,
"com.supercell.laser.carry.seasonpass.basic","TID_BRAWL_PASS_PREMIUM",7,,"FALSE","TRUE","TRUE","FALSE","TRUE","FALSE","FALSE",,0,,699,0,,,,,,,,,,,,,,,2800,,"TRUE","TRUE","FALSE",,,
"com.supercell.laser.carry.seasonpass.plus","TID_BP_PLUS_NAME",7,,"FALSE","TRUE","TRUE","FALSE","TRUE","FALSE","FALSE",,0,,999,0,,,,,,,,,,,,,,,5000,,"TRUE","TRUE","TRUE",,,
"com.supercell.laser.scid.seasonpass.basic","TID_BRAWL_PASS_PREMIUM",7,,"FALSE","TRUE","TRUE","FALSE","TRUE","FALSE","FALSE",100,0,,699,0,,,,,,,,,,,,,,,2800,,"TRUE","TRUE","FALSE",,,4000
"com.supercell.laser.scid.seasonpass.plus","TID_BP_PLUS_NAME",7,,"FALSE","TRUE","TRUE","FALSE","TRUE","FALSE","FALSE",100,0,,999,0,,,,,,,,,,,,,,,5000,,"TRUE","TRUE","TRUE",,,12000
"com.supercell.laser.scid.specialoffertier0.free","TID_SHOP_SPECIAL_OFFER",6,,"FALSE","TRUE","TRUE","FALSE","TRUE","FALSE","FALSE",,0,,0,0,,,,,,,,,,,,,,,0,,"TRUE","FALSE","FALSE",,,
"com.supercell.laser.seasonpass.basic.discounted","TID_BRAWL_PASS_PREMIUM",7,,"FALSE","TRUE","TRUE","FALSE","TRUE","FALSE","FALSE",100,0,,299,0,,,,,,,,,,,,,,,1200,,"FALSE","TRUE","FALSE",,"com.supercell.laser.seasonpass.basic",
"com.supercell.laser.gempack6","TID_SHOP_GEM_PACK_7_TITLE",1,,"FALSE","FALSE","FALSE","FALSE","TRUE","FALSE","FALSE",,4300,30,19999,7,,,"shop_gem_5",5,,,,,,,,,,,4300,,,,"FALSE",,,
"com.supercell.laser.scid.gempack6","TID_SUPERCELL_STORE_GEM_PACK_7_TITLE",1,,"FALSE","FALSE","FALSE","FALSE","TRUE","FALSE","FALSE",,4300,,19999,7,,,"shop_gem_5",5,,,,,,,,,,,4300,,"TRUE","FALSE","FALSE",,,
"com.supercell.laser.bundle19999","TID_IAP_BUNDLE_OFFER",6,,,"TRUE","TRUE","FALSE","TRUE",,,,0,,19999,0,,,,,,,,,,,,,,,,4000,,,"FALSE",,,
"com.supercell.laser.competitivepass","TID_COMPETITIVE_PASS_PREMIUM",8,,,"TRUE","TRUE",,"TRUE",,,100,,,2499,,,,,,,,,,,,,,,,6000,,,,,,,1000
"com.supercell.laser.scid.competitivepass","TID_COMPETITIVE_PASS_PREMIUM",8,,,,,,"TRUE",,,100,,,2499,,,,,,,,,,,,,,,,6000,,"TRUE",,,,,3000
"com.supercell.laser.bundle039","TID_IAP_BUNDLE_OFFER",6,,,"TRUE","TRUE","FALSE","TRUE",,,,0,,39,0,,,,,,,,,,,,,,,,6,,,"FALSE",,,
"com.supercell.laser.bundle049","TID_IAP_BUNDLE_OFFER",6,,,"TRUE","TRUE","FALSE","TRUE",,,,0,,49,0,,,,,,,,,,,,,,,,7,,,"FALSE",,,
"com.supercell.laser.bundle059","TID_IAP_BUNDLE_OFFER",6,,,"TRUE","TRUE","FALSE","TRUE",,,,0,,59,0,,,,,,,,,,,,,,,,9,,,"FALSE",,,
"com.supercell.laser.bundle069","TID_IAP_BUNDLE_OFFER",6,,,"TRUE","TRUE","FALSE","TRUE",,,,0,,69,0,,,,,,,,,,,,,,,,10,,,"FALSE",,,
"com.supercell.laser.bundle089","TID_IAP_BUNDLE_OFFER",6,,,"TRUE","TRUE","FALSE","TRUE",,,,0,,89,0,,,,,,,,,,,,,,,,13,,,"FALSE",,,
"com.supercell.laser.bundle109","TID_IAP_BUNDLE_OFFER",6,,,"TRUE","TRUE","FALSE","TRUE",,,,0,,109,0,,,,,,,,,,,,,,,,16,,,"FALSE",,,
"com.supercell.laser.bundle119","TID_IAP_BUNDLE_OFFER",6,,,"TRUE","TRUE","FALSE","TRUE",,,,0,,119,0,,,,,,,,,,,,,,,,18,,,"FALSE",,,
"com.supercell.laser.bundle129","TID_IAP_BUNDLE_OFFER",6,,,"TRUE","TRUE","FALSE","TRUE",,,,0,,129,0,,,,,,,,,,,,,,,,19,,,"FALSE",,,
"com.supercell.laser.bundle139","TID_IAP_BUNDLE_OFFER",6,,,"TRUE","TRUE","FALSE","TRUE",,,,0,,139,0,,,,,,,,,,,,,,,,21,,,"FALSE",,,
"com.supercell.laser.bundle149","TID_IAP_BUNDLE_OFFER",6,,,"TRUE","TRUE","FALSE","TRUE",,,,0,,149,0,,,,,,,,,,,,,,,,22,,,"FALSE",,,
"com.supercell.laser.bundle159","TID_IAP_BUNDLE_OFFER",6,,,"TRUE","TRUE","FALSE","TRUE",,,,0,,159,0,,,,,,,,,,,,,,,,24,,,"FALSE",,,
"com.supercell.laser.bundle169","TID_IAP_BUNDLE_OFFER",6,,,"TRUE","TRUE","FALSE","TRUE",,,,0,,169,0,,,,,,,,,,,,,,,,25,,,"FALSE",,,
"com.supercell.laser.bundle179","TID_IAP_BUNDLE_OFFER",6,,,"TRUE","TRUE","FALSE","TRUE",,,,0,,179,0,,,,,,,,,,,,,,,,27,,,"FALSE",,,
"com.supercell.laser.bundle189","TID_IAP_BUNDLE_OFFER",6,,,"TRUE","TRUE","FALSE","TRUE",,,,0,,189,0,,,,,,,,,,,,,,,,28,,,"FALSE",,,
"com.supercell.laser.bundle209","TID_IAP_BUNDLE_OFFER",6,,,"TRUE","TRUE","FALSE","TRUE",,,,0,,209,0,,,,,,,,,,,,,,,,31,,,"FALSE",,,
"com.supercell.laser.bundle219","TID_IAP_BUNDLE_OFFER",6,,,"TRUE","TRUE","FALSE","TRUE",,,,0,,219,0,,,,,,,,,,,,,,,,33,,,"FALSE",,,
"com.supercell.laser.bundle229","TID_IAP_BUNDLE_OFFER",6,,,"TRUE","TRUE","FALSE","TRUE",,,,0,,229,0,,,,,,,,,,,,,,,,35,,,"FALSE",,,
"com.supercell.laser.bundle239","TID_IAP_BUNDLE_OFFER",6,,,"TRUE","TRUE","FALSE","TRUE",,,,0,,239,0,,,,,,,,,,,,,,,,37,,,"FALSE",,,
"com.supercell.laser.bundle249","TID_IAP_BUNDLE_OFFER",6,,,"TRUE","TRUE","FALSE","TRUE",,,,0,,249,0,,,,,,,,,,,,,,,,39,,,"FALSE",,,
"com.supercell.laser.bundle259","TID_IAP_BUNDLE_OFFER",6,,,"TRUE","TRUE","FALSE","TRUE",,,,0,,259,0,,,,,,,,,,,,,,,,40,,,"FALSE",,,
"com.supercell.laser.bundle269","TID_IAP_BUNDLE_OFFER",6,,,"TRUE","TRUE","FALSE","TRUE",,,,0,,269,0,,,,,,,,,,,,,,,,42,,,"FALSE",,,
"com.supercell.laser.bundle279","TID_IAP_BUNDLE_OFFER",6,,,"TRUE","TRUE","FALSE","TRUE",,,,0,,279,0,,,,,,,,,,,,,,,,44,,,"FALSE",,,
"com.supercell.laser.bundle289","TID_IAP_BUNDLE_OFFER",6,,,"TRUE","TRUE","FALSE","TRUE",,,,0,,289,0,,,,,,,,,,,,,,,,46,,,"FALSE",,,
"com.supercell.laser.bundle329","TID_IAP_BUNDLE_OFFER",6,,,"TRUE","TRUE","FALSE","TRUE",,,,0,,329,0,,,,,,,,,,,,,,,,52,,,"FALSE",,,
"com.supercell.laser.bundle349","TID_IAP_BUNDLE_OFFER",6,,,"TRUE","TRUE","FALSE","TRUE",,,,0,,349,0,,,,,,,,,,,,,,,,56,,,"FALSE",,,
"com.supercell.laser.bundle379","TID_IAP_BUNDLE_OFFER",6,,,"TRUE","TRUE","FALSE","TRUE",,,,0,,379,0,,,,,,,,,,,,,,,,60,,,"FALSE",,,
"com.supercell.laser.bundle429","TID_IAP_BUNDLE_OFFER",6,,,"TRUE","TRUE","FALSE","TRUE",,,,0,,429,0,,,,,,,,,,,,,,,,68,,,"FALSE",,,
"com.supercell.laser.bundle449","TID_IAP_BUNDLE_OFFER",6,,,"TRUE","TRUE","FALSE","TRUE",,,,0,,449,0,,,,,,,,,,,,,,,,72,,,"FALSE",,,
"com.supercell.laser.bundle479","TID_IAP_BUNDLE_OFFER",6,,,"TRUE","TRUE","FALSE","TRUE",,,,0,,479,0,,,,,,,,,,,,,,,,76,,,"FALSE",,,
"com.supercell.laser.bundle549","TID_IAP_BUNDLE_OFFER",6,,,"TRUE","TRUE","FALSE","TRUE",,,,0,,549,0,,,,,,,,,,,,,,,,91,,,"FALSE",,,
"com.supercell.laser.bundle649","TID_IAP_BUNDLE_OFFER",6,,,"TRUE","TRUE","FALSE","TRUE",,,,0,,649,0,,,,,,,,,,,,,,,,110,,,"FALSE",,,
"com.supercell.laser.bundle749","TID_IAP_BUNDLE_OFFER",6,,,"TRUE","TRUE","FALSE","TRUE",,,,0,,749,0,,,,,,,,,,,,,,,,127,,,"FALSE",,,
"com.supercell.laser.bundle849","TID_IAP_BUNDLE_OFFER",6,,,"TRUE","TRUE","FALSE","TRUE",,,,0,,849,0,,,,,,,,,,,,,,,,144,,,"FALSE",,,
"com.supercell.laser.bundle949","TID_IAP_BUNDLE_OFFER",6,,,"TRUE","TRUE","FALSE","TRUE",,,,0,,949,0,,,,,,,,,,,,,,,,161,,,"FALSE",,,
"com.supercell.laser.bundle2099","TID_IAP_BUNDLE_OFFER",6,,,"TRUE","TRUE","FALSE","TRUE",,,,0,,2099,0,,,,,,,,,,,,,,,,383,,,"FALSE",,,
"com.supercell.laser.bundle2199","TID_IAP_BUNDLE_OFFER",6,,,"TRUE","TRUE","FALSE","TRUE",,,,0,,2199,0,,,,,,,,,,,,,,,,406,,,"FALSE",,,
"com.supercell.laser.bundle2299","TID_IAP_BUNDLE_OFFER",6,,,"TRUE","TRUE","FALSE","TRUE",,,,0,,2299,0,,,,,,,,,,,,,,,,429,,,"FALSE",,,
"com.supercell.laser.bundle2399","TID_IAP_BUNDLE_OFFER",6,,,"TRUE","TRUE","FALSE","TRUE",,,,0,,2399,0,,,,,,,,,,,,,,,,452,,,"FALSE",,,
"com.supercell.laser.bundle2599","TID_IAP_BUNDLE_OFFER",6,,,"TRUE","TRUE","FALSE","TRUE",,,,0,,2599,0,,,,,,,,,,,,,,,,494,,,"FALSE",,,
"com.supercell.laser.bundle2699","TID_IAP_BUNDLE_OFFER",6,,,"TRUE","TRUE","FALSE","TRUE",,,,0,,2699,0,,,,,,,,,,,,,,,,513,,,"FALSE",,,
"com.supercell.laser.bundle2899","TID_IAP_BUNDLE_OFFER",6,,,"TRUE","TRUE","FALSE","TRUE",,,,0,,2899,0,,,,,,,,,,,,,,,,551,,,"FALSE",,,
"com.supercell.laser.bundle3099","TID_IAP_BUNDLE_OFFER",6,,,"TRUE","TRUE","FALSE","TRUE",,,,0,,3099,0,,,,,,,,,,,,,,,,589,,,"FALSE",,,
"com.supercell.laser.bundle3199","TID_IAP_BUNDLE_OFFER",6,,,"TRUE","TRUE","FALSE","TRUE",,,,0,,3199,0,,,,,,,,,,,,,,,,608,,,"FALSE",,,
"com.supercell.laser.bundle3299","TID_IAP_BUNDLE_OFFER",6,,,"TRUE","TRUE","FALSE","TRUE",,,,0,,3299,0,,,,,,,,,,,,,,,,627,,,"FALSE",,,
"com.supercell.laser.bundle3399","TID_IAP_BUNDLE_OFFER",6,,,"TRUE","TRUE","FALSE","TRUE",,,,0,,3399,0,,,,,,,,,,,,,,,,646,,,"FALSE",,,
"com.supercell.laser.bundle3499","TID_IAP_BUNDLE_OFFER",6,,,"TRUE","TRUE","FALSE","TRUE",,,,0,,3499,0,,,,,,,,,,,,,,,,665,,,"FALSE",,,
"com.supercell.laser.bundle3599","TID_IAP_BUNDLE_OFFER",6,,,"TRUE","TRUE","FALSE","TRUE",,,,0,,3599,0,,,,,,,,,,,,,,,,684,,,"FALSE",,,
"com.supercell.laser.bundle3699","TID_IAP_BUNDLE_OFFER",6,,,"TRUE","TRUE","FALSE","TRUE",,,,0,,3699,0,,,,,,,,,,,,,,,,703,,,"FALSE",,,
"com.supercell.laser.bundle3799","TID_IAP_BUNDLE_OFFER",6,,,"TRUE","TRUE","FALSE","TRUE",,,,0,,3799,0,,,,,,,,,,,,,,,,722,,,"FALSE",,,
"com.supercell.laser.bundle3899","TID_IAP_BUNDLE_OFFER",6,,,"TRUE","TRUE","FALSE","TRUE",,,,0,,3899,0,,,,,,,,,,,,,,,,741,,,"FALSE",,,
"com.supercell.laser.bundle4099","TID_IAP_BUNDLE_OFFER",6,,,"TRUE","TRUE","FALSE","TRUE",,,,0,,4099,0,,,,,,,,,,,,,,,,779,,,"FALSE",,,
"com.supercell.laser.bundle4199","TID_IAP_BUNDLE_OFFER",6,,,"TRUE","TRUE","FALSE","TRUE",,,,0,,4199,0,,,,,,,,,,,,,,,,798,,,"FALSE",,,
"com.supercell.laser.bundle4299","TID_IAP_BUNDLE_OFFER",6,,,"TRUE","TRUE","FALSE","TRUE",,,,0,,4299,0,,,,,,,,,,,,,,,,817,,,"FALSE",,,
"com.supercell.laser.bundle4399","TID_IAP_BUNDLE_OFFER",6,,,"TRUE","TRUE","FALSE","TRUE",,,,0,,4399,0,,,,,,,,,,,,,,,,836,,,"FALSE",,,
"com.supercell.laser.bundle4499","TID_IAP_BUNDLE_OFFER",6,,,"TRUE","TRUE","FALSE","TRUE",,,,0,,4499,0,,,,,,,,,,,,,,,,855,,,"FALSE",,,
"com.supercell.laser.bundle4599","TID_IAP_BUNDLE_OFFER",6,,,"TRUE","TRUE","FALSE","TRUE",,,,0,,4599,0,,,,,,,,,,,,,,,,874,,,"FALSE",,,
"com.supercell.laser.bundle4699","TID_IAP_BUNDLE_OFFER",6,,,"TRUE","TRUE","FALSE","TRUE",,,,0,,4699,0,,,,,,,,,,,,,,,,893,,,"FALSE",,,
"com.supercell.laser.bundle4799","TID_IAP_BUNDLE_OFFER",6,,,"TRUE","TRUE","FALSE","TRUE",,,,0,,4799,0,,,,,,,,,,,,,,,,912,,,"FALSE",,,
"com.supercell.laser.bundle4899","TID_IAP_BUNDLE_OFFER",6,,,"TRUE","TRUE","FALSE","TRUE",,,,0,,4899,0,,,,,,,,,,,,,,,,931,,,"FALSE",,,
"com.supercell.laser.bundle5299","TID_IAP_BUNDLE_OFFER",6,,,"TRUE","TRUE","FALSE","TRUE",,,,0,,5299,0,,,,,,,,,,,,,,,,1013,,,"FALSE",,,
"com.supercell.laser.bundle5499","TID_IAP_BUNDLE_OFFER",6,,,"TRUE","TRUE","FALSE","TRUE",,,,0,,5499,0,,,,,,,,,,,,,,,,1055,,,"FALSE",,,
"com.supercell.laser.bundle5799","TID_IAP_BUNDLE_OFFER",6,,,"TRUE","TRUE","FALSE","TRUE",,,,0,,5799,0,,,,,,,,,,,,,,,,1118,,,"FALSE",,,
"com.supercell.laser.bundle5999","TID_IAP_BUNDLE_OFFER",6,,,"TRUE","TRUE","FALSE","TRUE",,,,0,,5999,0,,,,,,,,,,,,,,,,1160,,,"FALSE",,,
"com.supercell.laser.bundle6299","TID_IAP_BUNDLE_OFFER",6,,,"TRUE","TRUE","FALSE","TRUE",,,,0,,6299,0,,,,,,,,,,,,,,,,1223,,,"FALSE",,,
"com.supercell.laser.bundle6499","TID_IAP_BUNDLE_OFFER",6,,,"TRUE","TRUE","FALSE","TRUE",,,,0,,6499,0,,,,,,,,,,,,,,,,1265,,,"FALSE",,,
"com.supercell.laser.bundle6799","TID_IAP_BUNDLE_OFFER",6,,,"TRUE","TRUE","FALSE","TRUE",,,,0,,6799,0,,,,,,,,,,,,,,,,1328,,,"FALSE",,,
"com.supercell.laser.bundle6999","TID_IAP_BUNDLE_OFFER",6,,,"TRUE","TRUE","FALSE","TRUE",,,,0,,6999,0,,,,,,,,,,,,,,,,1370,,,"FALSE",,,
"com.supercell.laser.bundle7299","TID_IAP_BUNDLE_OFFER",6,,,"TRUE","TRUE","FALSE","TRUE",,,,0,,7299,0,,,,,,,,,,,,,,,,1433,,,"FALSE",,,
"com.supercell.laser.bundle7499","TID_IAP_BUNDLE_OFFER",6,,,"TRUE","TRUE","FALSE","TRUE",,,,0,,7499,0,,,,,,,,,,,,,,,,1475,,,"FALSE",,,
"com.supercell.laser.bundle7799","TID_IAP_BUNDLE_OFFER",6,,,"TRUE","TRUE","FALSE","TRUE",,,,0,,7799,0,,,,,,,,,,,,,,,,1538,,,"FALSE",,,
"com.supercell.laser.bundle7999","TID_IAP_BUNDLE_OFFER",6,,,"TRUE","TRUE","FALSE","TRUE",,,,0,,7999,0,,,,,,,,,,,,,,,,1580,,,"FALSE",,,
"com.supercell.laser.bundle8299","TID_IAP_BUNDLE_OFFER",6,,,"TRUE","TRUE","FALSE","TRUE",,,,0,,8299,0,,,,,,,,,,,,,,,,1643,,,"FALSE",,,
"com.supercell.laser.bundle8499","TID_IAP_BUNDLE_OFFER",6,,,"TRUE","TRUE","FALSE","TRUE",,,,0,,8499,0,,,,,,,,,,,,,,,,1685,,,"FALSE",,,
"com.supercell.laser.bundle8799","TID_IAP_BUNDLE_OFFER",6,,,"TRUE","TRUE","FALSE","TRUE",,,,0,,8799,0,,,,,,,,,,,,,,,,1748,,,"FALSE",,,
"com.supercell.laser.bundle8999","TID_IAP_BUNDLE_OFFER",6,,,"TRUE","TRUE","FALSE","TRUE",,,,0,,8999,0,,,,,,,,,,,,,,,,1790,,,"FALSE",,,
"com.supercell.laser.bundle9299","TID_IAP_BUNDLE_OFFER",6,,,"TRUE","TRUE","FALSE","TRUE",,,,0,,9299,0,,,,,,,,,,,,,,,,1853,,,"FALSE",,,
"com.supercell.laser.bundle9499","TID_IAP_BUNDLE_OFFER",6,,,"TRUE","TRUE","FALSE","TRUE",,,,0,,9499,0,,,,,,,,,,,,,,,,1895,,,"FALSE",,,
"com.supercell.laser.bundle9799","TID_IAP_BUNDLE_OFFER",6,,,"TRUE","TRUE","FALSE","TRUE",,,,0,,9799,0,,,,,,,,,,,,,,,,1958,,,"FALSE",,,
"com.supercell.laser.bundle10499","TID_IAP_BUNDLE_OFFER",6,,,"TRUE","TRUE","FALSE","TRUE",,,,0,,10499,0,,,,,,,,,,,,,,,,2100,,,"FALSE",,,
"com.supercell.laser.bundle10999","TID_IAP_BUNDLE_OFFER",6,,,"TRUE","TRUE","FALSE","TRUE",,,,0,,10999,0,,,,,,,,,,,,,,,,2200,,,"FALSE",,,
"com.supercell.laser.bundle11499","TID_IAP_BUNDLE_OFFER",6,,,"TRUE","TRUE","FALSE","TRUE",,,,0,,11499,0,,,,,,,,,,,,,,,,2300,,,"FALSE",,,
"com.supercell.laser.bundle11999","TID_IAP_BUNDLE_OFFER",6,,,"TRUE","TRUE","FALSE","TRUE",,,,0,,11999,0,,,,,,,,,,,,,,,,2400,,,"FALSE",,,
"com.supercell.laser.bundle12499","TID_IAP_BUNDLE_OFFER",6,,,"TRUE","TRUE","FALSE","TRUE",,,,0,,12499,0,,,,,,,,,,,,,,,,2500,,,"FALSE",,,
"com.supercell.laser.bundle12999","TID_IAP_BUNDLE_OFFER",6,,,"TRUE","TRUE","FALSE","TRUE",,,,0,,12999,0,,,,,,,,,,,,,,,,2600,,,"FALSE",,,
"com.supercell.laser.bundle13499","TID_IAP_BUNDLE_OFFER",6,,,"TRUE","TRUE","FALSE","TRUE",,,,0,,13499,0,,,,,,,,,,,,,,,,2700,,,"FALSE",,,
"com.supercell.laser.bundle13999","TID_IAP_BUNDLE_OFFER",6,,,"TRUE","TRUE","FALSE","TRUE",,,,0,,13999,0,,,,,,,,,,,,,,,,2800,,,"FALSE",,,
"com.supercell.laser.bundle14499","TID_IAP_BUNDLE_OFFER",6,,,"TRUE","TRUE","FALSE","TRUE",,,,0,,14499,0,,,,,,,,,,,,,,,,2900,,,"FALSE",,,
"com.supercell.laser.bundle14999","TID_IAP_BUNDLE_OFFER",6,,,"TRUE","TRUE","FALSE","TRUE",,,,0,,14999,0,,,,,,,,,,,,,,,,3000,,,"FALSE",,,
"com.supercell.laser.bundle15999","TID_IAP_BUNDLE_OFFER",6,,,"TRUE","TRUE","FALSE","TRUE",,,,0,,15999,0,,,,,,,,,,,,,,,,3200,,,"FALSE",,,
"com.supercell.laser.bundle16999","TID_IAP_BUNDLE_OFFER",6,,,"TRUE","TRUE","FALSE","TRUE",,,,0,,16999,0,,,,,,,,,,,,,,,,3400,,,"FALSE",,,
"com.supercell.laser.bundle17999","TID_IAP_BUNDLE_OFFER",6,,,"TRUE","TRUE","FALSE","TRUE",,,,0,,17999,0,,,,,,,,,,,,,,,,3600,,,"FALSE",,,
"com.supercell.laser.bundle18999","TID_IAP_BUNDLE_OFFER",6,,,"TRUE","TRUE","FALSE","TRUE",,,,0,,18999,0,,,,,,,,,,,,,,,,3800,,,"FALSE",,,
"com.supercell.laser.gempack0.t50","TID_SHOP_GEM_PACK_1_TITLE",1,,,"TRUE","TRUE","FALSE","TRUE",,,50,30,,99,1,,,"shop_gem_0",0,,,,,,,,,,,30,,,,"FALSE",,,
"com.supercell.laser.gempack0.t60","TID_SHOP_GEM_PACK_1_TITLE",1,,,"TRUE","TRUE","FALSE","TRUE",,,60,30,,119,1,,,"shop_gem_0",0,,,,,,,,,,,30,,,,"FALSE",,,
"com.supercell.laser.gempack1.t50","TID_SHOP_GEM_PACK_2_TITLE",1,,,"TRUE","TRUE","FALSE","TRUE",,,50,80,0,249,2,,,"shop_gem_1",1,,,,"TID_SHOP_LABEL_BREAKDOWN",5,,,,,,80,,,,"FALSE",,,
"com.supercell.laser.gempack1.t60","TID_SHOP_GEM_PACK_2_TITLE",1,,,"TRUE","TRUE","FALSE","TRUE",,,60,80,0,299,2,,,"shop_gem_1",1,,,,"TID_SHOP_LABEL_BREAKDOWN",5,,,,,,80,,,,"FALSE",,,
"com.supercell.laser.gempack2.t50","TID_SHOP_GEM_PACK_3_TITLE",1,,,"TRUE","TRUE","FALSE","TRUE",,,50,170,5,499,3,,,"shop_gem_2",2,,,,"TID_SHOP_LABEL_BREAKDOWN",19,"TID_SHOP_LABEL_POPULAR",,,,,170,,,,"FALSE",,,
"com.supercell.laser.gempack2.t60","TID_SHOP_GEM_PACK_3_TITLE",1,,,"TRUE","TRUE","FALSE","TRUE",,,60,170,5,599,3,,,"shop_gem_2",2,,,,"TID_SHOP_LABEL_BREAKDOWN",19,"TID_SHOP_LABEL_POPULAR",,,,,170,,,,"FALSE",,,
"com.supercell.laser.gempack3.t50","TID_SHOP_GEM_PACK_4_TITLE",1,,,"TRUE","TRUE","FALSE","TRUE",,,50,360,15,999,4,,,"shop_gem_3",3,,,,"TID_SHOP_LABEL_BREAKDOWN",59,,,,,,360,,,,"FALSE",,,
"com.supercell.laser.gempack3.t60","TID_SHOP_GEM_PACK_4_TITLE",1,,,"TRUE","TRUE","FALSE","TRUE",,,60,360,15,1199,4,,,"shop_gem_3",3,,,,"TID_SHOP_LABEL_BREAKDOWN",59,,,,,,360,,,,"FALSE",,,
"com.supercell.laser.gempack4.t50","TID_SHOP_GEM_PACK_5_TITLE",1,,,"TRUE","TRUE","FALSE","TRUE",,,50,950,20,2499,5,,,"shop_gem_4",4,,,,"TID_SHOP_LABEL_BREAKDOWN",196,,,,,,950,,,,"FALSE",,,
"com.supercell.laser.gempack4.t60","TID_SHOP_GEM_PACK_5_TITLE",1,,,"TRUE","TRUE","FALSE","TRUE",,,60,950,20,2999,5,,,"shop_gem_4",4,,,,"TID_SHOP_LABEL_BREAKDOWN",196,,,,,,950,,,,"FALSE",,,
"com.supercell.laser.gempack5.t50","TID_SHOP_GEM_PACK_6_TITLE",1,,,"TRUE","TRUE","FALSE","TRUE",,,50,2000,25,4999,6,,,"shop_gem_5",5,,,,"TID_SHOP_LABEL_BREAKDOWN",493,"TID_SHOP_LABEL_BEST_VALUE",,,,,2000,,,,"FALSE",,,
"com.supercell.laser.gempack5.t60","TID_SHOP_GEM_PACK_6_TITLE",1,,,"TRUE","TRUE","FALSE","TRUE",,,60,2000,25,5999,6,,,"shop_gem_5",5,,,,"TID_SHOP_LABEL_BREAKDOWN",493,"TID_SHOP_LABEL_BEST_VALUE",,,,,2000,,,,"FALSE",,,
"com.supercell.laser.gempack6.t50","TID_SHOP_GEM_PACK_7_TITLE",1,,"FALSE","FALSE","FALSE","FALSE","TRUE",,,50,4300,30,9999,7,,,"shop_gem_5",5,,,,,,,,,,,4300,,,,"FALSE",,,
"com.supercell.laser.gempack6.t60","TID_SHOP_GEM_PACK_7_TITLE",1,,"FALSE","FALSE","FALSE","FALSE","TRUE",,,60,4300,30,11999,7,,,"shop_gem_5",5,,,,,,,,,,,4300,,,,"FALSE",,,
"com.supercell.laser.seasonpass.basic.discounted.t50","TID_BRAWL_PASS_PREMIUM",7,,"FALSE","TRUE","TRUE","FALSE","TRUE",,,50,,,149,,,,,,,,,,,,,,,,1200,,"FALSE","TRUE","FALSE",,"com.supercell.laser.seasonpass.basic.t50",
"com.supercell.laser.seasonpass.basic.discounted.t60","TID_BRAWL_PASS_PREMIUM",7,,"FALSE","TRUE","TRUE","FALSE","TRUE",,,60,,,179,,,,,,,,,,,,,,,,1200,,"FALSE","TRUE","FALSE",,"com.supercell.laser.seasonpass.basic.t60",
"com.supercell.laser.seasonpass.basic.t50","TID_BRAWL_PASS_PREMIUM",7,,"FALSE","TRUE","TRUE","FALSE","TRUE",,,50,,,349,,,,,,,,,,,,,,,,2800,,"FALSE","TRUE","FALSE",,,
"com.supercell.laser.seasonpass.basic.t60","TID_BRAWL_PASS_PREMIUM",7,,"FALSE","TRUE","TRUE","FALSE","TRUE",,,60,,,419,,,,,,,,,,,,,,,,2800,,"FALSE","TRUE","FALSE",,,
"com.supercell.laser.seasonpass.plus.t50","TID_BP_PLUS_NAME",7,,"FALSE","TRUE","TRUE","FALSE","TRUE",,,50,,,499,,,,,,,,,,,,,,,,5000,,"FALSE","TRUE","TRUE",,,
"com.supercell.laser.seasonpass.plus.t60","TID_BP_PLUS_NAME",7,,"FALSE","TRUE","TRUE","FALSE","TRUE",,,60,,,599,,,,,,,,,,,,,,,,5000,,"FALSE","TRUE","TRUE",,,
"com.supercell.laser.seasonpass.upgrade.t50","TID_SHOP_SPECIAL_OFFER",7,,"FALSE","TRUE","TRUE","FALSE","TRUE",,,50,,,199,,,,,,,,,,,,,,,,2200,,"FALSE","FALSE","TRUE",,,
"com.supercell.laser.seasonpass.upgrade.t60","TID_SHOP_SPECIAL_OFFER",7,,"FALSE","TRUE","TRUE","FALSE","TRUE",,,60,,,239,,,,,,,,,,,,,,,,2200,,"FALSE","FALSE","TRUE",,,
"com.supercell.laser.bundle029","TID_IAP_BUNDLE_OFFER",6,,,"TRUE","TRUE","FALSE","TRUE",,,,0,,29,0,,,,,,,,,,,,,,,,4,,,"FALSE",,,
"com.supercell.laser.bundle079","TID_IAP_BUNDLE_OFFER",6,,,"TRUE","TRUE","FALSE","TRUE",,,,0,,79,0,,,,,,,,,,,,,,,,12,,,"FALSE",,,
"com.supercell.laser.scid.seasonpass.basic.t50","TID_BRAWL_PASS_PREMIUM",7,,"FALSE","TRUE","TRUE","FALSE","TRUE",,,50,,,349,,,,,,,,,,,,,,,,2800,,"TRUE","TRUE","FALSE",,,4000
"com.supercell.laser.scid.seasonpass.basic.t60","TID_BRAWL_PASS_PREMIUM",7,,"FALSE","TRUE","TRUE","FALSE","TRUE",,,60,,,419,,,,,,,,,,,,,,,,2800,,"TRUE","TRUE","FALSE",,,4000
"com.supercell.laser.scid.seasonpass.plus.t50","TID_BP_PLUS_NAME",7,,"FALSE","TRUE","TRUE","FALSE","TRUE",,,50,,,499,,,,,,,,,,,,,,,,5000,,"TRUE","TRUE","TRUE",,,12000
"com.supercell.laser.scid.seasonpass.plus.t60","TID_BP_PLUS_NAME",7,,"FALSE","TRUE","TRUE","FALSE","TRUE",,,60,,,599,,,,,,,,,,,,,,,,5000,,"TRUE","TRUE","TRUE",,,12000
"com.supercell.laser.competitivepass.t60","TID_COMPETITIVE_PASS_PREMIUM",8,,,"TRUE","TRUE",,"TRUE",,,60,,,1499,,,,,,,,,,,,,,,,6000,,,,,,,1000
"com.supercell.laser.scid.competitivepass.t60","TID_COMPETITIVE_PASS_PREMIUM",8,,,,,,"TRUE",,,60,,,1499,,,,,,,,,,,,,,,,6000,,"TRUE",,,,,3000
"com.supercell.laser.competitivepass.t50","TID_COMPETITIVE_PASS_PREMIUM",8,,,"TRUE","TRUE",,"TRUE",,,50,,,1249,,,,,,,,,,,,,,,,6000,,,,,,,1000
"com.supercell.laser.scid.competitivepass.t50","TID_COMPETITIVE_PASS_PREMIUM",8,,,,,,"TRUE",,,50,,,1249,,,,,,,,,,,,,,,,6000,,"TRUE",,,,,3000
"com.supercell.laser.bundle20999","TID_IAP_BUNDLE_OFFER",6,,,"TRUE","TRUE","FALSE","TRUE",,,,0,,20999,0,,,,,,,,,,,,,,,,4200,,,"FALSE",,,
"com.supercell.laser.bundle21999","TID_IAP_BUNDLE_OFFER",6,,,"TRUE","TRUE","FALSE","TRUE",,,,0,,21999,0,,,,,,,,,,,,,,,,4400,,,"FALSE",,,
"com.supercell.laser.bundle22999","TID_IAP_BUNDLE_OFFER",6,,,"TRUE","TRUE","FALSE","TRUE",,,,0,,22999,0,,,,,,,,,,,,,,,,4600,,,"FALSE",,,
"com.supercell.laser.bundle23999","TID_IAP_BUNDLE_OFFER",6,,,"TRUE","TRUE","FALSE","TRUE",,,,0,,23999,0,,,,,,,,,,,,,,,,4800,,,"FALSE",,,
"com.supercell.laser.gempack0.t90","TID_SHOP_GEM_PACK_1_TITLE",1,,,"TRUE","TRUE","FALSE","TRUE",,,90,30,,179,1,,,"shop_gem_0",0,,,,,,,,,,,30,,,,"FALSE",,,
"com.supercell.laser.gempack1.t90","TID_SHOP_GEM_PACK_2_TITLE",1,,,"TRUE","TRUE","FALSE","TRUE",,,90,80,0,449,2,,,"shop_gem_1",1,,,,"TID_SHOP_LABEL_BREAKDOWN",5,,,,,,80,,,,"FALSE",,,
"com.supercell.laser.gempack2.t90","TID_SHOP_GEM_PACK_3_TITLE",1,,,"TRUE","TRUE","FALSE","TRUE",,,90,170,5,899,3,,,"shop_gem_2",2,,,,"TID_SHOP_LABEL_BREAKDOWN",19,"TID_SHOP_LABEL_POPULAR",,,,,170,,,,"FALSE",,,
"com.supercell.laser.gempack3.t90","TID_SHOP_GEM_PACK_4_TITLE",1,,,"TRUE","TRUE","FALSE","TRUE",,,90,360,15,1799,4,,,"shop_gem_3",3,,,,"TID_SHOP_LABEL_BREAKDOWN",59,,,,,,360,,,,"FALSE",,,
"com.supercell.laser.gempack4.t90","TID_SHOP_GEM_PACK_5_TITLE",1,,,"TRUE","TRUE","FALSE","TRUE",,,90,950,20,4499,5,,,"shop_gem_4",4,,,,"TID_SHOP_LABEL_BREAKDOWN",196,,,,,,950,,,,"FALSE",,,
"com.supercell.laser.gempack5.t90","TID_SHOP_GEM_PACK_6_TITLE",1,,,"TRUE","TRUE","FALSE","TRUE",,,90,2000,25,8999,6,,,"shop_gem_5",5,,,,"TID_SHOP_LABEL_BREAKDOWN",493,"TID_SHOP_LABEL_BEST_VALUE",,,,,2000,,,,"FALSE",,,
"com.supercell.laser.gempack6.t90","TID_SHOP_GEM_PACK_7_TITLE",1,,"FALSE","FALSE","FALSE","FALSE","TRUE",,,90,4300,30,17999,7,,,"shop_gem_5",5,,,,,,,,,,,4300,,,,"FALSE",,,
"com.supercell.laser.seasonpass.basic.t90","TID_BRAWL_PASS_PREMIUM",7,,"FALSE","TRUE","TRUE","FALSE","TRUE",,,90,,,649,,,,,,,,,,,,,,,,2800,,"FALSE","TRUE","FALSE",,,
"com.supercell.laser.seasonpass.basic.discounted.t90","TID_BRAWL_PASS_PREMIUM",7,,"FALSE","TRUE","TRUE","FALSE","TRUE",,,90,,,269,,,,,,,,,,,,,,,,1200,,"FALSE","TRUE","FALSE",,"com.supercell.laser.seasonpass.basic.t90",
"com.supercell.laser.seasonpass.plus.t90","TID_BP_PLUS_NAME",7,,"FALSE","TRUE","TRUE","FALSE","TRUE",,,90,,,899,,,,,,,,,,,,,,,,5000,,"FALSE","TRUE","TRUE",,,
"com.supercell.laser.seasonpass.upgrade.t90","TID_SHOP_SPECIAL_OFFER",7,,"FALSE","TRUE","TRUE","FALSE","TRUE",,,90,,,349,,,,,,,,,,,,,,,,2200,,"FALSE","FALSE","TRUE",,,
"com.supercell.laser.competitivepass.t90","TID_COMPETITIVE_PASS_PREMIUM",8,,,"TRUE","TRUE",,"TRUE",,,90,,,2299,,,,,,,,,,,,,,,,6000,,,,,,,1000
"com.supercell.laser.gempack0.t80","TID_SHOP_GEM_PACK_1_TITLE",1,,,"TRUE","TRUE","FALSE","TRUE",,,80,30,,159,1,,,"shop_gem_0",0,,,,,,,,,,,30,,,,"FALSE",,,
"com.supercell.laser.gempack1.t80","TID_SHOP_GEM_PACK_2_TITLE",1,,,"TRUE","TRUE","FALSE","TRUE",,,80,80,0,399,2,,,"shop_gem_1",1,,,,"TID_SHOP_LABEL_BREAKDOWN",5,,,,,,80,,,,"FALSE",,,
"com.supercell.laser.gempack2.t80","TID_SHOP_GEM_PACK_3_TITLE",1,,,"TRUE","TRUE","FALSE","TRUE",,,80,170,5,799,3,,,"shop_gem_2",2,,,,"TID_SHOP_LABEL_BREAKDOWN",19,"TID_SHOP_LABEL_POPULAR",,,,,170,,,,"FALSE",,,
"com.supercell.laser.gempack3.t80","TID_SHOP_GEM_PACK_4_TITLE",1,,,"TRUE","TRUE","FALSE","TRUE",,,80,360,15,1599,4,,,"shop_gem_3",3,,,,"TID_SHOP_LABEL_BREAKDOWN",59,,,,,,360,,,,"FALSE",,,
"com.supercell.laser.gempack4.t80","TID_SHOP_GEM_PACK_5_TITLE",1,,,"TRUE","TRUE","FALSE","TRUE",,,80,950,20,3999,5,,,"shop_gem_4",4,,,,"TID_SHOP_LABEL_BREAKDOWN",196,,,,,,950,,,,"FALSE",,,
"com.supercell.laser.gempack5.t80","TID_SHOP_GEM_PACK_6_TITLE",1,,,"TRUE","TRUE","FALSE","TRUE",,,80,2000,25,7999,6,,,"shop_gem_5",5,,,,"TID_SHOP_LABEL_BREAKDOWN",493,"TID_SHOP_LABEL_BEST_VALUE",,,,,2000,,,,"FALSE",,,
"com.supercell.laser.gempack6.t80","TID_SHOP_GEM_PACK_7_TITLE",1,,"FALSE","FALSE","FALSE","FALSE","TRUE",,,80,4300,30,15999,7,,,"shop_gem_5",5,,,,,,,,,,,4300,,,,"FALSE",,,
"com.supercell.laser.seasonpass.basic.t80","TID_BRAWL_PASS_PREMIUM",7,,"FALSE","TRUE","TRUE","FALSE","TRUE",,,80,,,549,,,,,,,,,,,,,,,,2800,,"FALSE","TRUE","FALSE",,,
"com.supercell.laser.seasonpass.basic.discounted.t80","TID_BRAWL_PASS_PREMIUM",7,,"FALSE","TRUE","TRUE","FALSE","TRUE",,,80,,,239,,,,,,,,,,,,,,,,1200,,"FALSE","TRUE","FALSE",,"com.supercell.laser.seasonpass.basic.t80",
"com.supercell.laser.seasonpass.plus.t80","TID_BP_PLUS_NAME",7,,"FALSE","TRUE","TRUE","FALSE","TRUE",,,80,,,799,,,,,,,,,,,,,,,,5000,,"FALSE","TRUE","TRUE",,,
"com.supercell.laser.seasonpass.upgrade.t80","TID_SHOP_SPECIAL_OFFER",7,,"FALSE","TRUE","TRUE","FALSE","TRUE",,,80,,,329,,,,,,,,,,,,,,,,2200,,"FALSE","FALSE","TRUE",,,
"com.supercell.laser.competitivepass.t80","TID_COMPETITIVE_PASS_PREMIUM",8,,,"TRUE","TRUE",,"TRUE",,,80,,,1999,,,,,,,,,,,,,,,,6000,,,,,,,1000
"com.supercell.laser.gempack0.t70","TID_SHOP_GEM_PACK_1_TITLE",1,,,"TRUE","TRUE","FALSE","TRUE",,,70,30,,139,1,,,"shop_gem_0",0,,,,,,,,,,,30,,,,"FALSE",,,
"com.supercell.laser.gempack1.t70","TID_SHOP_GEM_PACK_2_TITLE",1,,,"TRUE","TRUE","FALSE","TRUE",,,70,80,0,349,2,,,"shop_gem_1",1,,,,"TID_SHOP_LABEL_BREAKDOWN",5,,,,,,80,,,,"FALSE",,,
"com.supercell.laser.gempack2.t70","TID_SHOP_GEM_PACK_3_TITLE",1,,,"TRUE","TRUE","FALSE","TRUE",,,70,170,5,699,3,,,"shop_gem_2",2,,,,"TID_SHOP_LABEL_BREAKDOWN",19,"TID_SHOP_LABEL_POPULAR",,,,,170,,,,"FALSE",,,
"com.supercell.laser.gempack3.t70","TID_SHOP_GEM_PACK_4_TITLE",1,,,"TRUE","TRUE","FALSE","TRUE",,,70,360,15,1399,4,,,"shop_gem_3",3,,,,"TID_SHOP_LABEL_BREAKDOWN",59,,,,,,360,,,,"FALSE",,,
"com.supercell.laser.gempack4.t70","TID_SHOP_GEM_PACK_5_TITLE",1,,,"TRUE","TRUE","FALSE","TRUE",,,70,950,20,3499,5,,,"shop_gem_4",4,,,,"TID_SHOP_LABEL_BREAKDOWN",196,,,,,,950,,,,"FALSE",,,
"com.supercell.laser.gempack5.t70","TID_SHOP_GEM_PACK_6_TITLE",1,,,"TRUE","TRUE","FALSE","TRUE",,,70,2000,25,6999,6,,,"shop_gem_5",5,,,,"TID_SHOP_LABEL_BREAKDOWN",493,"TID_SHOP_LABEL_BEST_VALUE",,,,,2000,,,,"FALSE",,,
"com.supercell.laser.gempack6.t70","TID_SHOP_GEM_PACK_7_TITLE",1,,"FALSE","FALSE","FALSE","FALSE","TRUE",,,70,4300,30,13999,7,,,"shop_gem_5",5,,,,,,,,,,,4300,,,,"FALSE",,,
"com.supercell.laser.seasonpass.basic.t70","TID_BRAWL_PASS_PREMIUM",7,,"FALSE","TRUE","TRUE","FALSE","TRUE",,,70,,,499,,,,,,,,,,,,,,,,2800,,"FALSE","TRUE","FALSE",,,
"com.supercell.laser.seasonpass.basic.discounted.t70","TID_BRAWL_PASS_PREMIUM",7,,"FALSE","TRUE","TRUE","FALSE","TRUE",,,70,,,209,,,,,,,,,,,,,,,,1200,,"FALSE","TRUE","FALSE",,"com.supercell.laser.seasonpass.basic.t70",
"com.supercell.laser.seasonpass.plus.t70","TID_BP_PLUS_NAME",7,,"FALSE","TRUE","TRUE","FALSE","TRUE",,,70,,,699,,,,,,,,,,,,,,,,5000,,"FALSE","TRUE","TRUE",,,
"com.supercell.laser.seasonpass.upgrade.t70","TID_SHOP_SPECIAL_OFFER",7,,"FALSE","TRUE","TRUE","FALSE","TRUE",,,70,,,279,,,,,,,,,,,,,,,,2200,,"FALSE","FALSE","TRUE",,,
"com.supercell.laser.competitivepass.t70","TID_COMPETITIVE_PASS_PREMIUM",8,,,"TRUE","TRUE",,"TRUE",,,70,,,1799,,,,,,,,,,,,,,,,6000,,,,,,,1000
"com.supercell.laser.gempack0.t40","TID_SHOP_GEM_PACK_1_TITLE",1,,,"TRUE","TRUE","FALSE","TRUE",,,40,30,,79,1,,,"shop_gem_0",0,,,,,,,,,,,30,,,,"FALSE",,,
"com.supercell.laser.gempack1.t40","TID_SHOP_GEM_PACK_2_TITLE",1,,,"TRUE","TRUE","FALSE","TRUE",,,40,80,0,199,2,,,"shop_gem_1",1,,,,"TID_SHOP_LABEL_BREAKDOWN",5,,,,,,80,,,,"FALSE",,,
"com.supercell.laser.gempack2.t40","TID_SHOP_GEM_PACK_3_TITLE",1,,,"TRUE","TRUE","FALSE","TRUE",,,40,170,5,399,3,,,"shop_gem_2",2,,,,"TID_SHOP_LABEL_BREAKDOWN",19,"TID_SHOP_LABEL_POPULAR",,,,,170,,,,"FALSE",,,
"com.supercell.laser.gempack3.t40","TID_SHOP_GEM_PACK_4_TITLE",1,,,"TRUE","TRUE","FALSE","TRUE",,,40,360,15,799,4,,,"shop_gem_3",3,,,,"TID_SHOP_LABEL_BREAKDOWN",59,,,,,,360,,,,"FALSE",,,
"com.supercell.laser.gempack4.t40","TID_SHOP_GEM_PACK_5_TITLE",1,,,"TRUE","TRUE","FALSE","TRUE",,,40,950,20,1999,5,,,"shop_gem_4",4,,,,"TID_SHOP_LABEL_BREAKDOWN",196,,,,,,950,,,,"FALSE",,,
"com.supercell.laser.gempack5.t40","TID_SHOP_GEM_PACK_6_TITLE",1,,,"TRUE","TRUE","FALSE","TRUE",,,40,2000,25,3999,6,,,"shop_gem_5",5,,,,"TID_SHOP_LABEL_BREAKDOWN",493,"TID_SHOP_LABEL_BEST_VALUE",,,,,2000,,,,"FALSE",,,
"com.supercell.laser.gempack6.t40","TID_SHOP_GEM_PACK_7_TITLE",1,,"FALSE","FALSE","FALSE","FALSE","TRUE",,,40,4300,30,7999,7,,,"shop_gem_5",5,,,,,,,,,,,4300,,,,"FALSE",,,
"com.supercell.laser.seasonpass.basic.t40","TID_BRAWL_PASS_PREMIUM",7,,"FALSE","TRUE","TRUE","FALSE","TRUE",,,40,,,279,,,,,,,,,,,,,,,,2800,,"FALSE","TRUE","FALSE",,,
"com.supercell.laser.seasonpass.basic.discounted.t40","TID_BRAWL_PASS_PREMIUM",7,,"FALSE","TRUE","TRUE","FALSE","TRUE",,,40,,,119,,,,,,,,,,,,,,,,1200,,"FALSE","TRUE","FALSE",,"com.supercell.laser.seasonpass.basic.t40",
"com.supercell.laser.seasonpass.plus.t40","TID_BP_PLUS_NAME",7,,"FALSE","TRUE","TRUE","FALSE","TRUE",,,40,,,399,,,,,,,,,,,,,,,,5000,,"FALSE","TRUE","TRUE",,,
"com.supercell.laser.seasonpass.upgrade.t40","TID_SHOP_SPECIAL_OFFER",7,,"FALSE","TRUE","TRUE","FALSE","TRUE",,,40,,,159,,,,,,,,,,,,,,,,2200,,"FALSE","FALSE","TRUE",,,
"com.supercell.laser.competitivepass.t40","TID_COMPETITIVE_PASS_PREMIUM",8,,,"TRUE","TRUE",,"TRUE",,,40,,,999,,,,,,,,,,,,,,,,6000,,,,,,,1000
"com.supercell.laser.gempack0.t30","TID_SHOP_GEM_PACK_1_TITLE",1,,,"TRUE","TRUE","FALSE","TRUE",,,30,30,,59,1,,,"shop_gem_0",0,,,,,,,,,,,30,,,,"FALSE",,,
"com.supercell.laser.gempack1.t30","TID_SHOP_GEM_PACK_2_TITLE",1,,,"TRUE","TRUE","FALSE","TRUE",,,30,80,0,149,2,,,"shop_gem_1",1,,,,"TID_SHOP_LABEL_BREAKDOWN",5,,,,,,80,,,,"FALSE",,,
"com.supercell.laser.gempack2.t30","TID_SHOP_GEM_PACK_3_TITLE",1,,,"TRUE","TRUE","FALSE","TRUE",,,30,170,5,299,3,,,"shop_gem_2",2,,,,"TID_SHOP_LABEL_BREAKDOWN",19,"TID_SHOP_LABEL_POPULAR",,,,,170,,,,"FALSE",,,
"com.supercell.laser.gempack3.t30","TID_SHOP_GEM_PACK_4_TITLE",1,,,"TRUE","TRUE","FALSE","TRUE",,,30,360,15,599,4,,,"shop_gem_3",3,,,,"TID_SHOP_LABEL_BREAKDOWN",59,,,,,,360,,,,"FALSE",,,
"com.supercell.laser.gempack4.t30","TID_SHOP_GEM_PACK_5_TITLE",1,,,"TRUE","TRUE","FALSE","TRUE",,,30,950,20,1499,5,,,"shop_gem_4",4,,,,"TID_SHOP_LABEL_BREAKDOWN",196,,,,,,950,,,,"FALSE",,,
"com.supercell.laser.gempack5.t30","TID_SHOP_GEM_PACK_6_TITLE",1,,,"TRUE","TRUE","FALSE","TRUE",,,30,2000,25,2999,6,,,"shop_gem_5",5,,,,"TID_SHOP_LABEL_BREAKDOWN",493,"TID_SHOP_LABEL_BEST_VALUE",,,,,2000,,,,"FALSE",,,
"com.supercell.laser.gempack6.t30","TID_SHOP_GEM_PACK_7_TITLE",1,,"FALSE","FALSE","FALSE","FALSE","TRUE",,,30,4300,30,5999,7,,,"shop_gem_5",5,,,,,,,,,,,4300,,,,"FALSE",,,
"com.supercell.laser.seasonpass.basic.t30","TID_BRAWL_PASS_PREMIUM",7,,"FALSE","TRUE","TRUE","FALSE","TRUE",,,30,,,209,,,,,,,,,,,,,,,,2800,,"FALSE","TRUE","FALSE",,,
"com.supercell.laser.seasonpass.basic.discounted.t30","TID_BRAWL_PASS_PREMIUM",7,,"FALSE","TRUE","TRUE","FALSE","TRUE",,,30,,,89,,,,,,,,,,,,,,,,1200,,"FALSE","TRUE","FALSE",,"com.supercell.laser.seasonpass.basic.t30",
"com.supercell.laser.seasonpass.plus.t30","TID_BP_PLUS_NAME",7,,"FALSE","TRUE","TRUE","FALSE","TRUE",,,30,,,299,,,,,,,,,,,,,,,,5000,,"FALSE","TRUE","TRUE",,,
"com.supercell.laser.seasonpass.upgrade.t30","TID_SHOP_SPECIAL_OFFER",7,,"FALSE","TRUE","TRUE","FALSE","TRUE",,,30,,,119,,,,,,,,,,,,,,,,2200,,"FALSE","FALSE","TRUE",,,
"com.supercell.laser.competitivepass.t30","TID_COMPETITIVE_PASS_PREMIUM",8,,,"TRUE","TRUE",,"TRUE",,,30,,,749,,,,,,,,,,,,,,,,6000,,,,,,,1000
"com.supercell.laser.gempack0.t120","TID_SHOP_GEM_PACK_1_TITLE",1,,,"TRUE","TRUE","FALSE","TRUE",,,120,30,,239,1,,,"shop_gem_0",0,,,,,,,,,,,30,,,,"FALSE",,,
"com.supercell.laser.gempack1.t120","TID_SHOP_GEM_PACK_2_TITLE",1,,,"TRUE","TRUE","FALSE","TRUE",,,120,80,0,599,2,,,"shop_gem_1",1,,,,"TID_SHOP_LABEL_BREAKDOWN",5,,,,,,80,,,,"FALSE",,,
"com.supercell.laser.gempack2.t120","TID_SHOP_GEM_PACK_3_TITLE",1,,,"TRUE","TRUE","FALSE","TRUE",,,120,170,5,1199,3,,,"shop_gem_2",2,,,,"TID_SHOP_LABEL_BREAKDOWN",19,"TID_SHOP_LABEL_POPULAR",,,,,170,,,,"FALSE",,,
"com.supercell.laser.gempack3.t120","TID_SHOP_GEM_PACK_4_TITLE",1,,,"TRUE","TRUE","FALSE","TRUE",,,120,360,15,2399,4,,,"shop_gem_3",3,,,,"TID_SHOP_LABEL_BREAKDOWN",59,,,,,,360,,,,"FALSE",,,
"com.supercell.laser.gempack4.t120","TID_SHOP_GEM_PACK_5_TITLE",1,,,"TRUE","TRUE","FALSE","TRUE",,,120,950,20,5999,5,,,"shop_gem_4",4,,,,"TID_SHOP_LABEL_BREAKDOWN",196,,,,,,950,,,,"FALSE",,,
"com.supercell.laser.gempack5.t120","TID_SHOP_GEM_PACK_6_TITLE",1,,,"TRUE","TRUE","FALSE","TRUE",,,120,2000,25,11999,6,,,"shop_gem_5",5,,,,"TID_SHOP_LABEL_BREAKDOWN",493,"TID_SHOP_LABEL_BEST_VALUE",,,,,2000,,,,"FALSE",,,
"com.supercell.laser.gempack6.t120","TID_SHOP_GEM_PACK_7_TITLE",1,,"FALSE","FALSE","FALSE","FALSE","TRUE",,,120,4300,30,23999,7,,,"shop_gem_5",5,,,,,,,,,,,4300,,,,"FALSE",,,
"com.supercell.laser.seasonpass.basic.t120","TID_BRAWL_PASS_PREMIUM",7,,"FALSE","TRUE","TRUE","FALSE","TRUE",,,120,,,849,,,,,,,,,,,,,,,,2800,,"FALSE","TRUE","FALSE",,,
"com.supercell.laser.seasonpass.basic.discounted.t120","TID_BRAWL_PASS_PREMIUM",7,,"FALSE","TRUE","TRUE","FALSE","TRUE",,,120,,,349,,,,,,,,,,,,,,,,1200,,"FALSE","TRUE","FALSE",,"com.supercell.laser.seasonpass.basic.t120",
"com.supercell.laser.seasonpass.plus.t120","TID_BP_PLUS_NAME",7,,"FALSE","TRUE","TRUE","FALSE","TRUE",,,120,,,1199,,,,,,,,,,,,,,,,5000,,"FALSE","TRUE","TRUE",,,
"com.supercell.laser.seasonpass.upgrade.t120","TID_SHOP_SPECIAL_OFFER",7,,"FALSE","TRUE","TRUE","FALSE","TRUE",,,120,,,479,,,,,,,,,,,,,,,,2200,,"FALSE","FALSE","TRUE",,,
"com.supercell.laser.competitivepass.t120","TID_COMPETITIVE_PASS_PREMIUM",8,,,"TRUE","TRUE",,"TRUE",,,120,,,2999,,,,,,,,,,,,,,,,6000,,,,,,,1000
"com.supercell.laser.gempack0.t110","TID_SHOP_GEM_PACK_1_TITLE",1,,,"TRUE","TRUE","FALSE","TRUE",,,110,30,,219,1,,,"shop_gem_0",0,,,,,,,,,,,30,,,,"FALSE",,,
"com.supercell.laser.gempack1.t110","TID_SHOP_GEM_PACK_2_TITLE",1,,,"TRUE","TRUE","FALSE","TRUE",,,110,80,0,549,2,,,"shop_gem_1",1,,,,"TID_SHOP_LABEL_BREAKDOWN",5,,,,,,80,,,,"FALSE",,,
"com.supercell.laser.gempack2.t110","TID_SHOP_GEM_PACK_3_TITLE",1,,,"TRUE","TRUE","FALSE","TRUE",,,110,170,5,1099,3,,,"shop_gem_2",2,,,,"TID_SHOP_LABEL_BREAKDOWN",19,"TID_SHOP_LABEL_POPULAR",,,,,170,,,,"FALSE",,,
"com.supercell.laser.gempack3.t110","TID_SHOP_GEM_PACK_4_TITLE",1,,,"TRUE","TRUE","FALSE","TRUE",,,110,360,15,2199,4,,,"shop_gem_3",3,,,,"TID_SHOP_LABEL_BREAKDOWN",59,,,,,,360,,,,"FALSE",,,
"com.supercell.laser.gempack4.t110","TID_SHOP_GEM_PACK_5_TITLE",1,,,"TRUE","TRUE","FALSE","TRUE",,,110,950,20,5499,5,,,"shop_gem_4",4,,,,"TID_SHOP_LABEL_BREAKDOWN",196,,,,,,950,,,,"FALSE",,,
"com.supercell.laser.gempack5.t110","TID_SHOP_GEM_PACK_6_TITLE",1,,,"TRUE","TRUE","FALSE","TRUE",,,110,2000,25,10999,6,,,"shop_gem_5",5,,,,"TID_SHOP_LABEL_BREAKDOWN",493,"TID_SHOP_LABEL_BEST_VALUE",,,,,2000,,,,"FALSE",,,
"com.supercell.laser.gempack6.t110","TID_SHOP_GEM_PACK_7_TITLE",1,,"FALSE","FALSE","FALSE","FALSE","TRUE",,,110,4300,30,21999,7,,,"shop_gem_5",5,,,,,,,,,,,4300,,,,"FALSE",,,
"com.supercell.laser.seasonpass.basic.t110","TID_BRAWL_PASS_PREMIUM",7,,"FALSE","TRUE","TRUE","FALSE","TRUE",,,110,,,749,,,,,,,,,,,,,,,,2800,,"FALSE","TRUE","FALSE",,,
"com.supercell.laser.seasonpass.basic.discounted.t110","TID_BRAWL_PASS_PREMIUM",7,,"FALSE","TRUE","TRUE","FALSE","TRUE",,,110,,,329,,,,,,,,,,,,,,,,1200,,"FALSE","TRUE","FALSE",,"com.supercell.laser.seasonpass.basic.t110",
"com.supercell.laser.seasonpass.plus.t110","TID_BP_PLUS_NAME",7,,"FALSE","TRUE","TRUE","FALSE","TRUE",,,110,,,1099,,,,,,,,,,,,,,,,5000,,"FALSE","TRUE","TRUE",,,
"com.supercell.laser.seasonpass.upgrade.t110","TID_SHOP_SPECIAL_OFFER",7,,"FALSE","TRUE","TRUE","FALSE","TRUE",,,110,,,429,,,,,,,,,,,,,,,,2200,,"FALSE","FALSE","TRUE",,,
"com.supercell.laser.competitivepass.t110","TID_COMPETITIVE_PASS_PREMIUM",8,,,"TRUE","TRUE",,"TRUE",,,110,,,2699,,,,,,,,,,,,,,,,6000,,,,,,,1000
"com.supercell.laser.scid.seasonpass.basic.t90","TID_BRAWL_PASS_PREMIUM",7,,"FALSE","FALSE","FALSE","FALSE","TRUE",,,90,,,649,,,,,,,,,,,,,,,,2800,,"TRUE","TRUE","FALSE",,,4000
"com.supercell.laser.scid.seasonpass.plus.t90","TID_BP_PLUS_NAME",7,,"FALSE","FALSE","FALSE","FALSE","TRUE",,,90,,,899,,,,,,,,,,,,,,,,5000,,"TRUE","TRUE","TRUE",,,12000
"com.supercell.laser.scid.competitivepass.t90","TID_COMPETITIVE_PASS_PREMIUM",8,,,"FALSE","FALSE",,"TRUE",,,90,,,2299,,,,,,,,,,,,,,,,6000,,"TRUE",,,,,3000
"com.supercell.laser.scid.seasonpass.basic.t80","TID_BRAWL_PASS_PREMIUM",7,,"FALSE","FALSE","FALSE","FALSE","TRUE",,,80,,,549,,,,,,,,,,,,,,,,2800,,"TRUE","TRUE","FALSE",,,4000
"com.supercell.laser.scid.seasonpass.plus.t80","TID_BP_PLUS_NAME",7,,"FALSE","FALSE","FALSE","FALSE","TRUE",,,80,,,799,,,,,,,,,,,,,,,,5000,,"TRUE","TRUE","TRUE",,,12000
"com.supercell.laser.scid.competitivepass.t80","TID_COMPETITIVE_PASS_PREMIUM",8,,,"FALSE","FALSE",,"TRUE",,,80,,,1999,,,,,,,,,,,,,,,,6000,,"TRUE",,,,,3000
"com.supercell.laser.scid.seasonpass.basic.t70","TID_BRAWL_PASS_PREMIUM",7,,"FALSE","FALSE","FALSE","FALSE","TRUE",,,70,,,499,,,,,,,,,,,,,,,,2800,,"TRUE","TRUE","FALSE",,,4000
"com.supercell.laser.scid.seasonpass.plus.t70","TID_BP_PLUS_NAME",7,,"FALSE","FALSE","FALSE","FALSE","TRUE",,,70,,,699,,,,,,,,,,,,,,,,5000,,"TRUE","TRUE","TRUE",,,12000
"com.supercell.laser.scid.competitivepass.t70","TID_COMPETITIVE_PASS_PREMIUM",8,,,"FALSE","FALSE",,"TRUE",,,70,,,1799,,,,,,,,,,,,,,,,6000,,"TRUE",,,,,3000
"com.supercell.laser.scid.seasonpass.basic.t40","TID_BRAWL_PASS_PREMIUM",7,,"FALSE","FALSE","FALSE","FALSE","TRUE",,,40,,,279,,,,,,,,,,,,,,,,2800,,"TRUE","TRUE","FALSE",,,4000
"com.supercell.laser.scid.seasonpass.plus.t40","TID_BP_PLUS_NAME",7,,"FALSE","FALSE","FALSE","FALSE","TRUE",,,40,,,399,,,,,,,,,,,,,,,,5000,,"TRUE","TRUE","TRUE",,,12000
"com.supercell.laser.scid.competitivepass.t40","TID_COMPETITIVE_PASS_PREMIUM",8,,,"FALSE","FALSE",,"TRUE",,,40,,,999,,,,,,,,,,,,,,,,6000,,"TRUE",,,,,3000
"com.supercell.laser.scid.seasonpass.basic.t30","TID_BRAWL_PASS_PREMIUM",7,,"FALSE","FALSE","FALSE","FALSE","TRUE",,,30,,,209,,,,,,,,,,,,,,,,2800,,"TRUE","TRUE","FALSE",,,4000
"com.supercell.laser.scid.seasonpass.plus.t30","TID_BP_PLUS_NAME",7,,"FALSE","FALSE","FALSE","FALSE","TRUE",,,30,,,299,,,,,,,,,,,,,,,,5000,,"TRUE","TRUE","TRUE",,,12000
"com.supercell.laser.scid.competitivepass.t30","TID_COMPETITIVE_PASS_PREMIUM",8,,,"FALSE","FALSE",,"TRUE",,,30,,,749,,,,,,,,,,,,,,,,6000,,"TRUE",,,,,3000
"com.supercell.laser.scid.seasonpass.basic.t120","TID_BRAWL_PASS_PREMIUM",7,,"FALSE","FALSE","FALSE","FALSE","TRUE",,,120,,,849,,,,,,,,,,,,,,,,2800,,"TRUE","TRUE","FALSE",,,4000
"com.supercell.laser.scid.seasonpass.plus.t120","TID_BP_PLUS_NAME",7,,"FALSE","FALSE","FALSE","FALSE","TRUE",,,120,,,1199,,,,,,,,,,,,,,,,5000,,"TRUE","TRUE","TRUE",,,12000
"com.supercell.laser.scid.competitivepass.t120","TID_COMPETITIVE_PASS_PREMIUM",8,,,"FALSE","FALSE",,"TRUE",,,120,,,2999,,,,,,,,,,,,,,,,6000,,"TRUE",,,,,3000
"com.supercell.laser.scid.seasonpass.basic.t110","TID_BRAWL_PASS_PREMIUM",7,,"FALSE","FALSE","FALSE","FALSE","TRUE",,,110,,,749,,,,,,,,,,,,,,,,2800,,"TRUE","TRUE","FALSE",,,4000
"com.supercell.laser.scid.seasonpass.plus.t110","TID_BP_PLUS_NAME",7,,"FALSE","FALSE","FALSE","FALSE","TRUE",,,110,,,1099,,,,,,,,,,,,,,,,5000,,"TRUE","TRUE","TRUE",,,12000
"com.supercell.laser.scid.competitivepass.t110","TID_COMPETITIVE_PASS_PREMIUM",8,,,"FALSE","FALSE",,"TRUE",,,110,,,2699,,,,,,,,,,,,,,,,6000,,"TRUE",,,,,3000
