"Name","Type","Values","Projectiles","AreaEffects","Characters","Skills","StatusEffects"
"string","string","int","string","string","string","string","string"
"Stalker_Hunt","BloodHunt","10000","","","","",""
"","","50","","","","",""
"","","30","","","","",""
"","","100","","","","",""
"Brawler_Splitter","Brawler_Splitter","700","SplitterCirclingProjectile","","","",""
"","","1000","","","","",""
"","","2000","","","","",""
"","","2","","","","",""
"Brawler_Stalker","Brawler_Stalker","","","","","StalkerWeaponDash",""
"","","","","","","StalkerWeaponJump",""
"Brawler_Dancer","Brawler_Dancer","27","","DancerBlockProjectiles","","DancerWeaponSingle",""
"","","550","","","","DancerWeaponDouble",""
"","","2500","","","","DancerWeaponTriple",""
"Fury_unique_2","AttackCombo","","","","","",""
"Brawler_Twins","Brawler_Twins","","","","","",""
"Quick_Fire_Modifier","QuickFire","25","","","","",""
"Brawler_Daredevil","Brawler_Daredevil","60","","DaredevilUltiWarning","","",""
