"Name","TID","FrameLabel","PluralTID"
"string","string","string","string"
"tank","TID_CLASS_ARCHETYPE_TANK","tank","TID_CLASS_ARCHETYPE_TANK_PLURAL"
"assassin","TID_CLASS_ARCHETYPE_ASSASSIN","assassin","TID_CLASS_ARCHETYPE_ASSASSIN_PLURAL"
"support","TID_CLASS_ARCHETYPE_SUPPORT","support","TID_CLASS_ARCHETYPE_SUPPORT_PLURAL"
"controller","TID_CLASS_ARCHETYPE_CONTROLLER","controller","TID_CLASS_ARCHETYPE_CONTROLLER_PLURAL"
"damage_dealer","TID_CLASS_ARCHETYPE_DAMAGE_DEALER","damage","TID_CLASS_ARCHETYPE_DAMAGE_DEALER_PLURAL"
"marksman","TID_CLASS_ARCHETYPE_MARKSMAN","marksman","TID_CLASS_ARCHETYPE_MARKSMAN_PLURAL"
"artillery","TID_CLASS_ARCHETYPE_ARTILLERY","artillery","TID_CLASS_ARCHETYPE_ARTILLERY_PLURAL"
