"Name","WinTrackType","Level","State","ShownLevelInCounter","HideLevelCounterText"
"string","int","int","int","int","boolean"
"PiggyLevel_0_0",0,0,0,1,
"PiggyLevel_0_1",0,1,1,1,
"PiggyLevel_0_2",0,2,2,2,
"PiggyLevel_0_3",0,3,3,3,
"PiggyLevel_0_4",0,4,4,4,
"PiggyLevel_0_5",0,5,5,5,
"PiggyLevel_0_6",0,6,6,5,
"PiggyLevel_1_0",1,0,0,0,"TRUE"
"PiggyLevel_1_1",1,1,1,0,"TRUE"
"PiggyLevel_1_2",1,2,2,1,
"PiggyLevel_1_3",1,3,3,2,
"PiggyLevel_1_4",1,4,4,3,
"PiggyLevel_1_5",1,5,5,4,
"PiggyLevel_1_6",1,6,6,5,
"PiggyLevel_1_7",1,7,7,6,
"PiggyLevel_1_8",1,8,8,7,
"PiggyLevel_1_9",1,9,9,8,
"PiggyLevel_1_10",1,10,10,9,
"PiggyLevel_1_11",1,11,11,10,
"PiggyLevel_1_12",1,12,12,11,
"PiggyLevel_1_13",1,13,13,12,
"PiggyLevel_1_14",1,14,14,13,
"PiggyLevel_1_15",1,15,15,14,
"PiggyLevel_1_16",1,16,16,15,
"PiggyLevel_1_17",1,17,17,16,
"PiggyLevel_1_18",1,18,18,17,
"PiggyLevel_1_19",1,19,19,18,
"PiggyLevel_1_20",1,20,20,19,
"PiggyLevel_1_21",1,21,21,20,
"PiggyLevel_1_22",1,22,22,21,
"PiggyLevel_1_23",1,23,23,22,
"PiggyLevel_1_24",1,24,24,23,
"PiggyLevel_1_25",1,25,25,24,
"PiggyLevel_1_26",1,26,26,25,
"PiggyLevel_1_27",1,27,27,26,
"PiggyLevel_1_28",1,28,28,27,
"PiggyLevel_1_29",1,29,29,28,
"PiggyLevel_1_30",1,30,30,29,
"PiggyLevel_1_31",1,31,31,30,
"PiggyLevel_1_32",1,32,32,31,
"PiggyLevel_1_33",1,33,33,32,
"PiggyLevel_1_34",1,34,34,33,
"PiggyLevel_1_35",1,35,35,34,
"PiggyLevel_1_36",1,36,36,35,
"PiggyLevel_1_37",1,37,37,36,
"PiggyLevel_1_38",1,38,38,37,
"PiggyLevel_1_39",1,39,39,38,
"PiggyLevel_1_40",1,40,40,39,
"PiggyLevel_1_41",1,41,41,40,
"PiggyLevel_1_42",1,42,42,41,
"PiggyLevel_1_43",1,43,43,42,
"PiggyLevel_1_44",1,44,44,43,
"PiggyLevel_1_45",1,45,45,44,
"PiggyLevel_1_46",1,46,46,45,
"PiggyLevel_1_47",1,47,47,46,
"PiggyLevel_1_48",1,48,48,47,
"PiggyLevel_1_49",1,49,49,48,
"PiggyLevel_1_50",1,50,50,49,
"PiggyLevel_1_51",1,51,51,50,
"PiggyLevel_1_52",1,52,52,51,
"PiggyLevel_1_53",1,53,53,52,
"PiggyLevel_1_54",1,54,54,53,
"PiggyLevel_1_55",1,55,55,54,
"PiggyLevel_1_56",1,56,56,55,
"PiggyLevel_1_57",1,57,57,56,
"PiggyLevel_2_0",2,0,0,0,
"PiggyLevel_2_1",2,1,1,1,
"PiggyLevel_2_2",2,2,2,2,
"PiggyLevel_2_3",2,3,3,3,
"PiggyLevel_2_4",2,4,4,4,
"PiggyLevel_2_5",2,5,5,5,
"PiggyLevel_2_6",2,6,6,6,
"PiggyLevel_2_7",2,7,7,7,
"PiggyLevel_2_8",2,8,8,8,
"PiggyLevel_2_9",2,9,9,9,
"PiggyLevel_2_10",2,10,10,10,
"PiggyLevel_2_11",2,11,11,11,
"PiggyLevel_2_12",2,12,12,12,
"PiggyLevel_2_13",2,13,13,13,
"PiggyLevel_2_14",2,14,14,14,
"PiggyLevel_2_15",2,15,15,15,
"PiggyLevel_2_16",2,16,16,16,
"PiggyLevel_2_17",2,17,17,17,
"PiggyLevel_2_18",2,18,18,18,
"PiggyLevel_2_19",2,19,19,19,
"PiggyLevel_2_20",2,20,20,20,
"PiggyLevel_2_21",2,21,21,21,
"PiggyLevel_2_22",2,22,22,22,
"PiggyLevel_2_23",2,23,23,23,
"PiggyLevel_2_24",2,24,24,24,
"PiggyLevel_2_25",2,25,25,25,
"PiggyLevel_2_26",2,26,26,26,
"PiggyLevel_2_27",2,27,27,27,
"PiggyLevel_2_28",2,28,28,28,
"PiggyLevel_2_29",2,29,29,29,
"PiggyLevel_2_30",2,30,30,30,
"PiggyLevel_2_31",2,31,31,31,
"PiggyLevel_2_32",2,32,32,32,
"PiggyLevel_3_0",3,0,0,0,
"PiggyLevel_3_1",3,1,1,1,
"PiggyLevel_3_2",3,2,2,2,
"PiggyLevel_3_3",3,3,3,3,
"PiggyLevel_3_4",3,4,4,4,
"PiggyLevel_3_5",3,5,5,5,
"PiggyLevel_3_6",3,6,6,6,
"PiggyLevel_3_7",3,7,7,7,
"PiggyLevel_3_8",3,8,8,8,
"PiggyLevel_3_9",3,9,9,9,
"PiggyLevel_3_10",3,10,10,10,
"PiggyLevel_3_11",3,11,11,11,
"PiggyLevel_3_12",3,12,12,12,
"PiggyLevel_3_13",3,13,13,13,
"PiggyLevel_3_14",3,14,14,14,
"PiggyLevel_3_15",3,15,15,15,
"PiggyLevel_3_16",3,16,16,16,
"PiggyLevel_3_17",3,17,17,17,
"PiggyLevel_3_18",3,18,18,18,
"PiggyLevel_3_19",3,19,19,19,
"PiggyLevel_3_20",3,20,20,20,
"PiggyLevel_3_21",3,21,21,21,
"PiggyLevel_3_22",3,22,22,22,
"PiggyLevel_3_23",3,23,23,23,
"PiggyLevel_3_24",3,24,24,24,
"PiggyLevel_3_25",3,25,25,25,
"PiggyLevel_3_26",3,26,26,26,
"PiggyLevel_3_27",3,27,27,27,
"PiggyLevel_3_28",3,28,28,28,
"PiggyLevel_3_29",3,29,29,29,
"PiggyLevel_3_30",3,30,30,30,
"PiggyLevel_3_31",3,31,31,31,
"PiggyLevel_3_32",3,32,32,32,
"PiggyLevel_4_0",4,0,0,1,
"PiggyLevel_4_1",4,1,1,1,
"PiggyLevel_4_2",4,2,2,2,
"PiggyLevel_4_3",4,3,3,3,
"PiggyLevel_4_4",4,4,4,4,
"PiggyLevel_4_5",4,5,5,5,
"PiggyLevel_4_6",4,6,6,5,
