"Name","TID","CollabId","EventPanelExportName","SpecialEventPanelExportName","EventPanelMirrorExportName","EventPanelFutureExportName","SkillRewardSlotCount","GemOfferTypeForWinSlot","GemOfferExtraForWinSlot","GemOfferTypeForLossSlot","GemOfferExtraForLossSlot","UICharacter","SkinsCanDropWithoutBrawler","SkinsInReward","TicketsInSkinDraw","TicketsInSkinAltDraw","SpecialSkinsInReward","TicketsInSpecialSkinDraw","SpraysInReward","TicketsInSprayDraw","TicketsInSprayAltDraw","ProfilePicsInReward","TicketsInProfilePicDraw","TicketsInProfilePicAltDraw","PinsInReward","TicketsInPinDraw","TicketsInPinAltDraw","ClubCollabSkin","HideSkinRewardsInClubTrack","Modifier","Metatype","CollabMenuVFX","CollabVFX","MutationSCW","LeaderboardTabTID","LeaderboardTitleTID","LeaderboardScoreTID","ThemeAngelic","ThemeDemonic","HasCollabShop","GenerateOffersLeftToRight","OverrideShopLayout","HasShopKeeper","BrawlersForCollabShop","TicketsInBrawlersForCollabShopDraw","ShopStylesNames","CoversIds","Discounts","BundleTitleBasedOnDiscount","FrameLabelBasedOnDiscount","FrameLabelBasedOnInnerOrder","TIDBasedOnInnerOrder","SfxSubstitutionsBasedOnInnerOrder","RemoveAllExceptOneClipWithPrefix","ChapterNewsInboxLinkIds"
"String","String","int","String","String","String","String","int","int","int","int","int","String","boolean","String","int","int","String","int","String","int","int","String","int","int","String","int","int","String","boolean","int","int","String","String","String","String","String","String","String","String","boolean","boolean","int","boolean","String","int","String","int","int","String","String","String","String","String","String","String"
"Gozilla","TID_COLLAB_1",1,"collab_event_panel_screen_hud_left",,,"collab_event_teaser",6,50,,49,1,"Godzilla",,"EnragerVigilante",13,0,,,"spray_godzilla_team",25,0,"player_icon_godzilla_event1",25,0,"emoji_godzilla_robot",33,0,"RopeDudeGodzilla",,36,7,"MutantionMenuEffect","MutantBrawler","sc3d/mutationrandom_anim.glb","TID_COLLAB_1_LEADERBOARD_TAB","TID_COLLAB_1_LEADERBOARD_TITLE","TID_COLLAB_1_LEADERBOARD_SCORE",,,,,,,,,,,,,,,,,,
,,,,,,,,,,,,,,"SplitterPolice",13,0,,,"spray_godzilla_team_mecha",25,0,"player_icon_godzilla_event2",25,0,"emoji_godzilla_brawlball",33,0,,,,,,,,,,,,,,,,,,,,,,,,,,,,
,,,,,,,,,,,,,,"CocoonerRare",13,0,,,"spray_mutation_sign",25,0,"player_icon_mutation",25,0,"emoji_mutation_heart",34,0,,,,,,,,,,,,,,,,,,,,,,,,,,,,
,,,,,,,,,,,,,,"BaseballVigilante",13,0,,,"spray_godzilla_egg",25,0,"player_icon_mutated_logo",25,0,,,,,,,,,,,,,,,,,,,,,,,,,,,,,,,
,,,,,,,,,,,,,,"JetpackGirlTopgun",13,0,,,,,,,,,,,,,,,,,,,,,,,,,,,,,,,,,,,,,,,
,,,,,,,,,,,,,,"RopeDudeKaiju",13,0,,,,,,,,,,,,,,,,,,,,,,,,,,,,,,,,,,,,,,,
,,,,,,,,,,,,,,"StickyBombVeteran",8,0,,,,,,,,,,,,,,,,,,,,,,,,,,,,,,,,,,,,,,,
,,,,,,,,,,,,,,"SpeedyTracksuit",7,0,,,,,,,,,,,,,,,,,,,,,,,,,,,,,,,,,,,,,,,
,,,,,,,,,,,,,,"ClusterBombMonster",7,0,,,,,,,,,,,,,,,,,,,,,,,,,,,,,,,,,,,,,,,
,,,,,,,,,,,,,,"BeeSniperMonster",0,0,,,,,,,,,,,,,,,,,,,,,,,,,,,,,,,,,,,,,,,
,,,,,,,,,,,,,,"DrillerMonster",4,0,,,,,,,,,,,,,,,,,,,,,,,,,,,,,,,,,,,,,,,
,,,,,,,,,,,,,,"Cactusmecha",4,0,,,,,,,,,,,,,,,,,,,,,,,,,,,,,,,,,,,,,,,
,,,,,,,,,,,,,,"RocketGirlRanger_red",9,0,,,,,,,,,,,,,,,,,,,,,,,,,,,,,,,,,,,,,,,
,,,,,,,,,,,,,,"RocketGirlRanger_blue",9,0,,,,,,,,,,,,,,,,,,,,,,,,,,,,,,,,,,,,,,,
,,,,,,,,,,,,,,"RocketGirlRanger_yellow",9,0,,,,,,,,,,,,,,,,,,,,,,,,,,,,,,,,,,,,,,,
,,,,,,,,,,,,,,"RocketGirlRanger_pink",9,0,,,,,,,,,,,,,,,,,,,,,,,,,,,,,,,,,,,,,,,
,,,,,,,,,,,,,,"RocketGirlRanger_black",9,0,,,,,,,,,,,,,,,,,,,,,,,,,,,,,,,,,,,,,,,
,,,,,,,,,,,,,,"PowerLevelerKnight_red",23,0,,,,,,,,,,,,,,,,,,,,,,,,,,,,,,,,,,,,,,,
,,,,,,,,,,,,,,"TntDudeMecha",8,0,,,,,,,,,,,,,,,,,,,,,,,,,,,,,,,,,,,,,,,
,,,,,,,,,,,,,,"RopeDudeGodzilla",5,0,,,,,,,,,,,,,,,,,,,,,,,,,,,,,,,,,,,,,,,
,,,,,,,,,,,,,,"RopeDudeGodzillaRed",5,0,,,,,,,,,,,,,,,,,,,,,,,,,,,,,,,,,,,,,,,
,,,,,,,,,,,,,,"RopeDudeGodzillaBlack",2,0,,,,,,,,,,,,,,,,,,,,,,,,,,,,,,,,,,,,,,,
"Classic","TID_COLLAB_2",2,"collab_event_panel_1_screen_hud_left",,"collab_event_panel_2_screen_hud_left","collab_event_teaser",,,,,,,,"TrickshotDudeKing_remake",1,0,,,,,,"player_icon_classic_colt",1,0,"emoji_classic_icon",1,0,,,,,,,,,,,,,,,,,,,,,,,,,,,,
,,,,,,,,,,,,,,"TrickshotDudeKing_remakeBling",1,0,,,,,,"player_icon_classic_dynamike",1,0,"emoji_classic_counter",1,0,,,,,,,,,,,,,,,,,,,,,,,,,,,,
,,,,,,,,,,,,,,"TrickshotDudeKing_remakePurple",1,0,,,,,,"player_icon_classic_jessie",1,0,"emoji_classic_box_small",1,0,,,,,,,,,,,,,,,,,,,,,,,,,,,,
,,,,,,,,,,,,,,"BullGuyHair",1,0,,,,,,"player_icon_classic_max",1,0,"emoji_classic_box_mega",1,0,,,,,,,,,,,,,,,,,,,,,,,,,,,,
,,,,,,,,,,,,,,"BullDudeViking_remake_orange",1,0,,,,,,"player_icon_classic_penny",1,0,"emoji_classic_box_last",1,0,,,,,,,,,,,,,,,,,,,,,,,,,,,,
,,,,,,,,,,,,,,"FrankCaveman",1,0,,,,,,"player_icon_classic_poco",1,0,"emoji_classic_box_big",1,0,,,,,,,,,,,,,,,,,,,,,,,,,,,,
,,,,,,,,,,,,,,"FrankCavemanRed",1,0,,,,,,"player_icon_classic_primo",1,0,,,,,,,,,,,,,,,,,,,,,,,,,,,,,,,
,,,,,,,,,,,,,,"BanditGirlStar_remake",1,0,,,,,,"player_icon_classic_shelly",1,0,,,,,,,,,,,,,,,,,,,,,,,,,,,,,,,
,,,,,,,,,,,,,,"ShotgunGirlClassic_white",1,0,,,,,,"player_icon_robot_colt",1,0,,,,,,,,,,,,,,,,,,,,,,,,,,,,,,,
,,,,,,,,,,,,,,"TntDudeClassic_yellow",1,0,,,,,,"player_icon_robots_2",1,0,,,,,,,,,,,,,,,,,,,,,,,,,,,,,,,
,,,,,,,,,,,,,,"TrickshotDudeClassic_red",1,0,,,,,,"player_icon_robots_4",1,0,,,,,,,,,,,,,,,,,,,,,,,,,,,,,,,
,,,,,,,,,,,,,,"RocketGirlClassic_white",1,0,,,,,,"player_icon_robots_3",1,0,,,,,,,,,,,,,,,,,,,,,,,,,,,,,,,
,,,,,,,,,,,,,,"GunSlingerRockstar",1,0,,,,,,"player_icon_robots_1",1,0,,,,,,,,,,,,,,,,,,,,,,,,,,,,,,,
,,,,,,,,,,,,,,"BarkeepGold",1,0,,,,,,,,,,,,,,,,,,,,,,,,,,,,,,,,,,,,,,,
,,,,,,,,,,,,,,"RocketGirlBeach",1,0,,,,,,,,,,,,,,,,,,,,,,,,,,,,,,,,,,,,,,,
,,,,,,,,,,,,,,"LuchadorRudo",1,0,,,,,,,,,,,,,,,,,,,,,,,,,,,,,,,,,,,,,,,
,,,,,,,,,,,,,,"CactusPink",1,0,,,,,,,,,,,,,,,,,,,,,,,,,,,,,,,,,,,,,,,
,,,,,,,,,,,,,,"CrowWhite",1,0,,,,,,,,,,,,,,,,,,,,,,,,,,,,,,,,,,,,,,,
,,,,,,,,,,,,,,"LuchadorRey",1,0,,,,,,,,,,,,,,,,,,,,,,,,,,,,,,,,,,,,,,,
,,,,,,,,,,,,,,"MechanicSummer",1,0,,,,,,,,,,,,,,,,,,,,,,,,,,,,,,,,,,,,,,,
,,,,,,,,,,,,,,"MechanicKnight",1,0,,,,,,,,,,,,,,,,,,,,,,,,,,,,,,,,,,,,,,,
,,,,,,,,,,,,,,"UndertakerGreaser",1,0,,,,,,,,,,,,,,,,,,,,,,,,,,,,,,,,,,,,,,,
,,,,,,,,,,,,,,"BullGuyRare",1,0,,,,,,,,,,,,,,,,,,,,,,,,,,,,,,,,,,,,,,,
,,,,,,,,,,,,,,"WhirlwindHogrider",1,0,,,,,,,,,,,,,,,,,,,,,,,,,,,,,,,,,,,,,,,
,,,,,,,,,,,,,,"RocketGirlDelivery",1,0,,,,,,,,,,,,,,,,,,,,,,,,,,,,,,,,,,,,,,,
,,,,,,,,,,,,,,"LeaperRare",1,0,,,,,,,,,,,,,,,,,,,,,,,,,,,,,,,,,,,,,,,
,,,,,,,,,,,,,,"DuplicatorFlightAttendant",1,0,,,,,,,,,,,,,,,,,,,,,,,,,,,,,,,,,,,,,,,
,,,,,,,,,,,,,,"SandstormGiftShop",1,0,,,,,,,,,,,,,,,,,,,,,,,,,,,,,,,,,,,,,,,
,,,,,,,,,,,,,,"WhirlwindBiker",1,0,,,,,,,,,,,,,,,,,,,,,,,,,,,,,,,,,,,,,,,
,,,,,,,,,,,,,,"RollerWhite",1,0,,,,,,,,,,,,,,,,,,,,,,,,,,,,,,,,,,,,,,,
,,,,,,,,,,,,,,"MechaDudeMonsterTruck",1,0,,,,,,,,,,,,,,,,,,,,,,,,,,,,,,,,,,,,,,,
,,,,,,,,,,,,,,"RuffsMarshall",1,0,,,,,,,,,,,,,,,,,,,,,,,,,,,,,,,,,,,,,,,
,,,,,,,,,,,,,,"EnragerDuel",1,0,,,,,,,,,,,,,,,,,,,,,,,,,,,,,,,,,,,,,,,
,,,,,,,,,,,,,,"UndertakerBeach",1,0,,,,,,,,,,,,,,,,,,,,,,,,,,,,,,,,,,,,,,,
,,,,,,,,,,,,,,"TrickshotGold",1,0,,,,,,,,,,,,,,,,,,,,,,,,,,,,,,,,,,,,,,,
,,,,,,,,,,,,,,"HammerDudeVacation",1,0,,,,,,,,,,,,,,,,,,,,,,,,,,,,,,,,,,,,,,,
,,,,,,,,,,,,,,"FireDudeMake",1,0,,,,,,,,,,,,,,,,,,,,,,,,,,,,,,,,,,,,,,,
,,,,,,,,,,,,,,"ShamanPanda",1,0,,,,,,,,,,,,,,,,,,,,,,,,,,,,,,,,,,,,,,,
"Coral","TID_COLLAB_3",3,"collab_event_panel_1_screen_hud_left","collab_event_panel_2_screen_hud_left",,"collab_event_teaser",,,,,,,,"WallyHawaii",2,0,"RopeDudeSB",25,"spray_event_sb_gary",33,0,"player_icon_event_sb_1",33,0,"emoji_event_mrkrabs_sb",20,0,"LuchadorSB","TRUE",39,8,"ArchetypeItemMenuEffect","ArchetypeItemBrawler",,"TID_COLLAB_3_LEADERBOARD_TAB","TID_COLLAB_3_LEADERBOARD_TITLE","TID_COLLAB_3_LEADERBOARD_SCORE",,,"TRUE",,,"TRUE",,,"sb_free",5,100,"TID_SB_SHOP_FREE_OFFER",,,,,"gary_",
,,,,,,,,,,,,,,"RocketGirlBeach",5,0,"BarrelBotSB",25,"spray_event_sb_patty",33,0,"player_icon_event_sb_2",33,0,"emoji_event_patrick_sb",20,0,,,,,,,,,,,,,,,,,,,"sb_discount",4,30,"TID_SB_SHOP_MEGA_OFFER",,,,,,
,,,,,,,,,,,,,,"UndertakerBeach",5,0,"MechanicSB",25,"spray_event_sb_sponge",34,0,"player_icon_event_sb_3",34,0,"emoji_event_plankton_sb",20,0,,,,,,,,,,,,,,,,,,,"sb_discount",4,25,"TID_SB_SHOP_MEGA_OFFER",,,,,,
,,,,,,,,,,,,,,"NinjaDino",5,0,"ClusterBombDudeSB",25,,,,,,,"emoji_event_sandy_sb",20,0,,,,,,,,,,,,,,,,,,,"sb_epic",6,20,"TID_SB_SHOP_EPIC_OFFER",,,,,,
,,,,,,,,,,,,,,"MinigunDudeSummer",5,0,,,,,,,,,"emoji_event_spongebob_sb",20,0,,,,,,,,,,,,,,,,,,,"sb_epic",6,15,"TID_SB_SHOP_EPIC_OFFER",,,,,,
,,,,,,,,,,,,,,"NinjaShark",5,0,,,,,,,,,"emoji_event_squidward_sb",20,0,,,,,,,,,,,,,,,,,,,"sb_epic",6,10,"TID_SB_SHOP_NORMAL_OFFER",,,,,,
,,,,,,,,,,,,,,"MechanicSummer",5,0,,,,,,,,,,,,,,,,,,,,,,,,,,,,,,"sb",3,0,"TID_SB_SHOP_NORMAL_OFFER",,,,,,
,,,,,,,,,,,,,,"RosaCoco",8,0,,,,,,,,,,,,,,,,,,,,,,,,,,,,,,,,,,,,,,,
,,,,,,,,,,,,,,"KickerDudeOcto",5,0,,,,,,,,,,,,,,,,,,,,,,,,,,,,,,,,,,,,,,,
,,,,,,,,,,,,,,"SnakeOilTropical",3,0,,,,,,,,,,,,,,,,,,,,,,,,,,,,,,,,,,,,,,,
,,,,,,,,,,,,,,"HammerDudeVacation",3,0,,,,,,,,,,,,,,,,,,,,,,,,,,,,,,,,,,,,,,,
,,,,,,,,,,,,,,"ShamanSummer",5,0,,,,,,,,,,,,,,,,,,,,,,,,,,,,,,,,,,,,,,,
,,,,,,,,,,,,,,"BaseballPirate",8,0,,,,,,,,,,,,,,,,,,,,,,,,,,,,,,,,,,,,,,,
,,,,,,,,,,,,,,"PowerLevelerKraken",8,0,,,,,,,,,,,,,,,,,,,,,,,,,,,,,,,,,,,,,,,
,,,,,,,,,,,,,,"AssaultShotgunTreasure",8,0,,,,,,,,,,,,,,,,,,,,,,,,,,,,,,,,,,,,,,,
,,,,,,,,,,,,,,"MechaDudePirate",10,0,,,,,,,,,,,,,,,,,,,,,,,,,,,,,,,,,,,,,,,
,,,,,,,,,,,,,,"FishTankShark",2,0,,,,,,,,,,,,,,,,,,,,,,,,,,,,,,,,,,,,,,,
,,,,,,,,,,,,,,"ElectroSniperCoral",8,0,,,,,,,,,,,,,,,,,,,,,,,,,,,,,,,,,,,,,,,
,,,,,,,,,,,,,,,,,,,,,,,,,,,,,,,,,,,,,,,,,,,,,,,,,,,,,,,
,,,,,,,,,,,,,,,,,,,,,,,,,,,,,,,,,,,,,,,,,,,,,,,,,,,,,,,
,,,,,,,,,,,,,,,,,,,,,,,,,,,,,,,,,,,,,,,,,,,,,,,,,,,,,,,
"Chaos","TID_COLLAB_4",4,,,,,,,,,,,,,,,,,,,,,,,,,,,,,,,,,,,,,,,,,,,,,,,,,,,,,
"Demons","TID_COLLAB_5",5,"event_gameroom_possession_square",,,"collab_event_teaser",,,,,,,,"EnragerAngel",1,0,,,"spray_angelsdemons_4",1,0,"player_icon_good_angelsdemons",1,0,"emoji_angel1",1,0,,,42,10,"AngelicMenuEffect","AngelicBrawler",,,,,"Angels","Demons",,,,,,,,,,,,,,,,
,,,,,,,,,,,,,,"EnragerAngelChroma1",1,0,,,"spray_angelsdemons_3",1,0,"player_icon_angelsdemons1",1,0,"emoji_angel2",1,0,,,,,"DemonicMenuEffect","DemonicBrawler",,,,,,,,,,,,,,,,,,,,,,
,,,,,,,,,,,,,,"EnragerAngelChroma2",1,0,,,"spray_skullwings",1,0,"player_icon_angelsdemons4",1,0,"emoji_olympus_fire",1,0,,,,,,,,,,,,,,,,,,,,,,,,,,,,
,,,,,,,,,,,,,,"SpeedyAngel",1,0,,,"spray_janet_popstar",1,0,"player_icon_angelsdemons6",1,0,"emoji_olympus_fist",1,0,,,,,,,,,,,,,,,,,,,,,,,,,,,,
,,,,,,,,,,,,,,"HookDudeAngel",1,0,,,"spray_heartarrow",1,0,"player_icon_brawlentines",1,0,"emoji_olympus_lightning",1,0,,,,,,,,,,,,,,,,,,,,,,,,,,,,
,,,,,,,,,,,,,,"GunslingerDarkAngelChroma",1,0,,,"spray_drop",1,0,"player_icon_olympus",1,0,"emoji_popstar",1,0,,,,,,,,,,,,,,,,,,,,,,,,,,,,
,,,,,,,,,,,,,,"ControllerEaster",1,0,,,"spray_angrycloud",1,0,"player_icon_starr",1,0,"emoji_demon1",0,1,,,,,,,,,,,,,,,,,,,,,,,,,,,,
,,,,,,,,,,,,,,"BlackHoleBlue",1,0,,,"spray_brawlentines_heart1",1,0,"player_icon_bad_angelsdemons",0,1,"emoji_demon2",0,1,,,,,,,,,,,,,,,,,,,,,,,,,,,,
,,,,,,,,,,,,,,"CannonGirlUnicorn",1,0,,,"spray_brawlentines_heart2",1,0,"player_icon_angelsdemons2",0,1,"emoji_stop",0,1,,,,,,,,,,,,,,,,,,,,,,,,,,,,
,,,,,,,,,,,,,,"InsectManGreek",1,0,,,"spray_angelsdemons_1",0,1,"player_icon_angelsdemons3",0,1,"emoji_fire",0,1,,,,,,,,,,,,,,,,,,,,,,,,,,,,
,,,,,,,,,,,,,,"SandstormMake",1,0,,,"spray_angelsdemons_2",0,1,"player_icon_angelsdemons5",0,1,"emoji_summer_sweat",0,1,,,,,,,,,,,,,,,,,,,,,,,,,,,,
,,,,,,,,,,,,,,"UndertakerDemon",0,1,,,"spray_denied",0,1,"player_icon_outlaw",0,1,"emoji_burning_ball",0,1,,,,,,,,,,,,,,,,,,,,,,,,,,,,
,,,,,,,,,,,,,,"UndertakerDemonChroma1",0,1,,,"spray_allfine",0,1,"player_icon_phoenix_fire",0,1,,,,,,,,,,,,,,,,,,,,,,,,,,,,,,,
,,,,,,,,,,,,,,"UndertakerDemonChroma2",0,1,,,"spray_salt",0,1,"player_icon_masks",0,1,,,,,,,,,,,,,,,,,,,,,,,,,,,,,,,
,,,,,,,,,,,,,,"PuppeteerDemon",0,1,,,"spray_fire_love",0,1,,,,,,,,,,,,,,,,,,,,,,,,,,,,,,,,,,
,,,,,,,,,,,,,,"SilencerDemon",0,1,,,"spray_footstep",0,1,,,,,,,,,,,,,,,,,,,,,,,,,,,,,,,,,,
,,,,,,,,,,,,,,"PercenterChromaDemonRed",0,1,,,,,,,,,,,,,,,,,,,,,,,,,,,,,,,,,,,,,,,
,,,,,,,,,,,,,,"MummyDemon",0,1,,,,,,,,,,,,,,,,,,,,,,,,,,,,,,,,,,,,,,,
,,,,,,,,,,,,,,"BowDudeDemonic",0,1,,,,,,,,,,,,,,,,,,,,,,,,,,,,,,,,,,,,,,,
,,,,,,,,,,,,,,"SplitterCultist",0,1,,,,,,,,,,,,,,,,,,,,,,,,,,,,,,,,,,,,,,,
,,,,,,,,,,,,,,"DragonRiderRare",0,1,,,,,,,,,,,,,,,,,,,,,,,,,,,,,,,,,,,,,,,
,,,,,,,,,,,,,,"ConductorRare",0,1,,,,,,,,,,,,,,,,,,,,,,,,,,,,,,,,,,,,,,,
"Toys","TID_COLLAB_6",6,"collab_event_panel_1_screen_hud_left","collab_event_panel_2_screen_hud_left",,"collab_event_teaser",,,,,,,,"BullDudeOx",1,0,,,"spray_starrforce1",3,0,"player_icon_starrforce1",2,0,"emoji_starrforce_1",1,0,,,,,,,,"TID_COLLAB_3_LEADERBOARD_TAB","TID_COLLAB_3_LEADERBOARD_TITLE","TID_COLLAB_3_LEADERBOARD_SCORE",,,"TRUE",,,,"Meeple",1,"toy_free",5,100,"TID_TOY_SHOP_FREE_OFFER","free",,,,,
,,,,,,,,,,,,,,"CactusLord",1,0,,,"spray_skullsign",1,0,"player_icon_starrforce2",2,0,"emoji_starrforce_2",1,0,,,,,,,,,,,,,,,,,,,"toy_mega",4,30,"TID_TOY_SHOP_MEGA_OFFER","legendary",,,,,
,,,,,,,,,,,,,,"PercenterCrew",1,0,,,"spray_lny2022",1,0,"player_icon_starrforce3",2,0,"emoji_stop",1,0,,,,,,,,,,,,,,,,,,,"toy_mega",4,25,"TID_TOY_SHOP_MEGA_OFFER","legendary",,,,,
,,,,,,,,,,,,,,"MechaDudeRhino",1,0,,,"spray_crymask",1,0,"player_icon_starrforce4",2,0,"emoji_think",1,0,,,,,,,,,,,,,,,,,,,"toy_epic",6,20,"TID_TOY_SHOP_EPIC_OFFER","epic",,,,,
,,,,,,,,,,,,,,"WallyWeirdPlant",1,0,,,,,,"player_icon_starrforce5",2,0,"emoji_mutation_heart",1,0,,,,,,,,,,,,,,,,,,,"toy_epic",6,15,"TID_TOY_SHOP_EPIC_OFFER","epic",,,,,
,,,,,,,,,,,,,,"EnragerVine",1,0,,,,,,"player_icon_starrforce6",2,0,"emoji_lny_rabbit",1,0,,,,,,,,,,,,,,,,,,,"toy_epic",6,10,"TID_TOY_SHOP_NORMAL_OFFER","epic",,,,,
,,,,,,,,,,,,,,"FleaBiker",1,0,,,,,,"player_icon_toys1",5,0,"emoji_ts_cone",1,0,,,,,,,,,,,,,,,,,,,"toy",3,0,"TID_TOY_SHOP_NORMAL_OFFER","rare",,,,,
,,,,,,,,,,,,,,"BlackHoleStreetNinja_remake",1,0,,,,,,"player_icon_toys2",5,0,"emoji_ts_alien",1,0,,,,,,,,,,,,,,,,,,,,,,,,,,,,
,,,,,,,,,,,,,,"ElectroSniperSCmake",1,0,,,,,,"player_icon_toys3",5,0,"emoji_ts_zurg",1,0,,,,,,,,,,,,,,,,,,,,,,,,,,,,
,,,,,,,,,,,,,,"CannonGirlVillain",1,0,,,,,,"player_icon_lny2023",1,0,,,,,,,,,,,,,,,,,,,,,,,,,,,,,,,
,,,,,,,,,,,,,,"DuplicatorVillain",1,0,,,,,,"player_icon_robots_1",1,0,,,,,,,,,,,,,,,,,,,,,,,,,,,,,,,
,,,,,,,,,,,,,,"ArtilleryDudeSmuggler_orange",1,0,,,,,,"player_icon_robots_2",1,0,,,,,,,,,,,,,,,,,,,,,,,,,,,,,,,
,,,,,,,,,,,,,,"SnakeOilVillain",1,0,,,,,,"player_icon_robots_3",1,0,,,,,,,,,,,,,,,,,,,,,,,,,,,,,,,
,,,,,,,,,,,,,,"DuelistBrain",1,0,,,,,,"player_icon_robots_4",1,0,,,,,,,,,,,,,,,,,,,,,,,,,,,,,,,
,,,,,,,,,,,,,,"ArcadeVirusChroma",1,0,,,,,,"player_icon_robot_colt",1,0,,,,,,,,,,,,,,,,,,,,,,,,,,,,,,,
,,,,,,,,,,,,,,"BeeSniperVirus",1,0,,,,,,,,,,,,,,,,,,,,,,,,,,,,,,,,,,,,,,,
,,,,,,,,,,,,,,"KickerDudeVirus",1,0,,,,,,,,,,,,,,,,,,,,,,,,,,,,,,,,,,,,,,,
,,,,,,,,,,,,,,"TwinsVirus",1,0,,,,,,,,,,,,,,,,,,,,,,,,,,,,,,,,,,,,,,,
,,,,,,,,,,,,,,"CocoonerVirus",1,0,,,,,,,,,,,,,,,,,,,,,,,,,,,,,,,,,,,,,,,
,,,,,,,,,,,,,,"MaisieMaisieCyber",1,0,,,,,,,,,,,,,,,,,,,,,,,,,,,,,,,,,,,,,,,
,,,,,,,,,,,,,,"FleaStarrForce",5,0,,,,,,,,,,,,,,,,,,,,,,,,,,,,,,,,,,,,,,,
,,,,,,,,,,,,,,"ShamanStarrForce",5,0,,,,,,,,,,,,,,,,,,,,,,,,,,,,,,,,,,,,,,,
,,,,,,,,,,,,,,"PainterStarrForce",5,0,,,,,,,,,,,,,,,,,,,,,,,,,,,,,,,,,,,,,,,
,,,,,,,,,,,,,,"DoorManStarrForce",5,0,,,,,,,,,,,,,,,,,,,,,,,,,,,,,,,,,,,,,,,
"PresentDrop",,7,,,,,,,,,,,,"BarrelbotToy",1,0,,,"spray_xmas_1",1,0,"player_icon_champie_gingerbread",1,0,"emoji_brawlmas_wreath",1,0,,,,,,,,,,,,,,,,,,,,,,,,,,,,
,,,,,,,,,,,,,,"AttacherToy",1,0,,,"spray_brawlidays_hat",1,0,"player_icon_brawlidays1",1,0,"emoji_brawlmas_candle",1,0,,,,,,,,,,,,,,,,,,,,,,,,,,,,
,,,,,,,,,,,,,,"TntDudeChristmas",1,0,,,"spray_brawlidays_horns",1,0,"player_icon_brawlidays2",1,0,"emoji_brawlmas_candy",1,0,,,,,,,,,,,,,,,,,,,,,,,,,,,,
,,,,,,,,,,,,,,"ShamanGummybear",1,0,,,"spray_xmas_kiss",1,0,"player_icon_brawlidays3",1,0,"emoji_brawlmas_deer",1,0,,,,,,,,,,,,,,,,,,,,,,,,,,,,
,,,,,,,,,,,,,,"BaseballBubblegum",1,0,,,"spray_xmas_candy",1,0,"player_icon_brawlidays4",1,0,"emoji_brawlmas_gingerbreadman",1,0,,,,,,,,,,,,,,,,,,,,,,,,,,,,
,,,,,,,,,,,,,,"CannonGirlUnicorn",1,0,,,,,,"player_icon_brawlidays5",1,0,"emoji_brawlmas_snowmball",1,0,,,,,,,,,,,,,,,,,,,,,,,,,,,,
,,,,,,,,,,,,,,"KnightKrampus",1,0,,,,,,"player_icon_brawlidays6",1,0,"emoji_brawlmas_cupcake",1,0,,,,,,,,,,,,,,,,,,,,,,,,,,,,
,,,,,,,,,,,,,,"ClusterBombDudeSnowman",1,0,,,,,,,,,"emoji_brawlmas_donut",1,0,,,,,,,,,,,,,,,,,,,,,,,,,,,,
,,,,,,,,,,,,,,"DrillerGift",1,0,,,,,,,,,"emoji_brawlmas_rainbow",1,0,,,,,,,,,,,,,,,,,,,,,,,,,,,,
,,,,,,,,,,,,,,"BowDudeSanta",1,0,,,,,,,,,"emoji_brawlmas",1,0,,,,,,,,,,,,,,,,,,,,,,,,,,,,
,,,,,,,,,,,,,,"CactusLog",1,0,,,,,,,,,"emoji_brawlmas_angry",1,0,,,,,,,,,,,,,,,,,,,,,,,,,,,,
,,,,,,,,,,,,,,"PowerLevelerDIY",1,0,,,,,,,,,"emoji_brawlmas_gg",1,0,,,,,,,,,,,,,,,,,,,,,,,,,,,,
,,,,,,,,,,,,,,"StickyBombPotato",1,0,,,,,,,,,"emoji_brawlmas_happy",1,0,,,,,,,,,,,,,,,,,,,,,,,,,,,,
,,,,,,,,,,,,,,"MechanicDoll",1,0,,,,,,,,,"emoji_brawlmas_phew",1,0,,,,,,,,,,,,,,,,,,,,,,,,,,,,
,,,,,,,,,,,,,,"WeaponThrowerValentines",1,0,,,,,,,,,"emoji_brawlmas_sad",1,0,,,,,,,,,,,,,,,,,,,,,,,,,,,,
,,,,,,,,,,,,,,"ArcadeClassic",1,0,,,,,,,,,"emoji_brawlmas_special",1,0,,,,,,,,,,,,,,,,,,,,,,,,,,,,
,,,,,,,,,,,,,,"ControllerRetro",1,0,,,,,,,,,,,,,,,,,,,,,,,,,,,,,,,,,,,,,,,
,,,,,,,,,,,,,,"TwinsRare",1,0,,,,,,,,,,,,,,,,,,,,,,,,,,,,,,,,,,,,,,,
,,,,,,,,,,,,,,"DuplicatorGiftsToy",1,0,,,,,,,,,,,,,,,,,,,,,,,,,,,,,,,,,,,,,,,
,,,,,,,,,,,,,,"ShamanChristmas",1,0,,,,,,,,,,,,,,,,,,,,,,,,,,,,,,,,,,,,,,,
,,,,,,,,,,,,,,"BarrelBotCupcake",1,0,,,,,,,,,,,,,,,,,,,,,,,,,,,,,,,,,,,,,,,
,,,,,,,,,,,,,,"KnightPinata",1,0,,,,,,,,,,,,,,,,,,,,,,,,,,,,,,,,,,,,,,,
,,,,,,,,,,,,,,"RopeDudeLollipop",1,0,,,,,,,,,,,,,,,,,,,,,,,,,,,,,,,,,,,,,,,
,,,,,,,,,,,,,,"LeaperDarkXmas",1,0,,,,,,,,,,,,,,,,,,,,,,,,,,,,,,,,,,,,,,,
,,,,,,,,,,,,,,"WeaponThrowerYeti",1,0,,,,,,,,,,,,,,,,,,,,,,,,,,,,,,,,,,,,,,,
,,,,,,,,,,,,,,"RollerChristmas",1,0,,,,,,,,,,,,,,,,,,,,,,,,,,,,,,,,,,,,,,,
,,,,,,,,,,,,,,"BlowerNutcracker",1,0,,,,,,,,,,,,,,,,,,,,,,,,,,,,,,,,,,,,,,,
,,,,,,,,,,,,,,"HammerDudeXmas",1,0,,,,,,,,,,,,,,,,,,,,,,,,,,,,,,,,,,,,,,,
,,,,,,,,,,,,,,"AssaultShotgunSled",1,0,,,,,,,,,,,,,,,,,,,,,,,,,,,,,,,,,,,,,,,
,,,,,,,,,,,,,,"PowerLevelerKnight_red",1,0,,,,,,,,,,,,,,,,,,,,,,,,,,,,,,,,,,,,,,,
,,,,,,,,,,,,,,"ArtilleryGalToy",1,0,,,,,,,,,,,,,,,,,,,,,,,,,,,,,,,,,,,,,,,
,,,,,,,,,,,,,,"FireDudeFrost",1,0,,,,,,,,,,,,,,,,,,,,,,,,,,,,,,,,,,,,,,,
,,,,,,,,,,,,,,"PowerLevelerBuzz",1,0,,,,,,,,,,,,,,,,,,,,,,,,,,,,,,,,,,,,,,,
"Wasabi","TID_COLLAB_8",8,"collab_event_panel_screen_hud_left",,,"collab_event_teaser",,,,,,,"TRUE","DoorManJapan",1,0,,,"spray_feudaljapan_stinky",1,0,"player_icon_feudaljapan_octopuss",1,0,"emoji_feudaljapan_baoninja",1,0,,,36,7,"WasabiPowerMenuEffect","WasabiPowerIngame",,,,,,,,,,,,,,,,,,,,,,"comic1"
,,,,,,,,,,,,,,"WallyJapan",1,0,,,"spray_feudaljapan_lily",1,0,"player_icon_feudaljapan_bentobox",1,0,"emoji_feudaljapan_samuraisushi",1,0,,,,,,,,,,,,,,,,,,,,,,,,,,,,"comic2"
,,,,,,,,,,,,,,"InsectManJapan",1,0,,,"spray_feudaljapan_weapon",1,0,"player_icon_boba_tick",1,0,"emoji_feudaljapan_wasabi",1,0,,,,,,,,,,,,,,,,,,,,,,,,,,,,"comic3"
,,,,,,,,,,,,,,"BlackHoleJapan",1,0,,,"spray_feudaljapan_katana",1,0,"player_icon_boba_spike",1,0,"emoji_spicy",1,0,,,,,,,,,,,,,,,,,,,,,,,,,,,,"comic4"
,,,,,,,,,,,,,,"KnightJapan",1,0,,,"spray_sushi_1",1,0,"player_icon_feudaljapan_statue",1,0,,,,,,,,,,,,,,,,,,,,,,,,,,,,,,,
,,,,,,,,,,,,,,"SamuraiJapanOvercharge",1,0,,,"spray_sushi_2",1,0,,,,,,,,,,,,,,,,,,,,,,,,,,,,,,,,,,
,,,,,,,,,,,,,,"SamuraiJapanOverchargeChroma1",1,0,,,"spray_sushi_3",1,0,,,,,,,,,,,,,,,,,,,,,,,,,,,,,,,,,,
,,,,,,,,,,,,,,"SamuraiJapanOverchargeChroma2",1,0,,,"spray_sushi_4",1,0,,,,,,,,,,,,,,,,,,,,,,,,,,,,,,,,,,
,,,,,,,,,,,,,,,,,,,"spray_sushi_5",1,0,,,,,,,,,,,,,,,,,,,,,,,,,,,,,,,,,,
,,,,,,,,,,,,,,,,,,,"spray_sushi_6",1,0,,,,,,,,,,,,,,,,,,,,,,,,,,,,,,,,,,
,,,,,,,,,,,,,,,,,,,"spray_sushi_7",1,0,,,,,,,,,,,,,,,,,,,,,,,,,,,,,,,,,,
,,,,,,,,,,,,,,,,,,,"spray_icecreamcactus",1,0,,,,,,,,,,,,,,,,,,,,,,,,,,,,,,,,,,
,,,,,,,,,,,,,,,,,,,"spray_feudaljapan_eye",1,0,,,,,,,,,,,,,,,,,,,,,,,,,,,,,,,,,,
,,,,,,,,,,,,,,,,,,,"spray_feudaljapan_wasabee",1,0,,,,,,,,,,,,,,,,,,,,,,,,,,,,,,,,,,
"DemonsOneSide","TID_COLLAB_9",9,"event_gameroom_possession_square",,,"collab_event_teaser",,,,,,,"TRUE","EnragerAngel",1,0,,,"spray_angelsdemons_4",1,0,"player_icon_good_angelsdemons",1,0,"emoji_angel1",1,0,,,42,10,"AngelicMenuEffect","AngelicBrawler",,,,,"Angels2025","Demons2025",,,,,,,,,,,,,,,,
,"TID_COLLAB_9_ANGELIC",,,,,,,,,,,,,"EnragerAngelChroma1",1,0,,,"spray_angelsdemons_3",1,0,"player_icon_angelsdemons1",1,0,"emoji_angel2",1,0,,,,,"DemonicMenuEffect","DemonicBrawler",,,,,,,,,,,,,,,,,,,,,,
,,,,,,,,,,,,,,"EnragerAngelChroma2",1,0,,,"spray_skullwings",1,0,"player_icon_angelsdemons4",1,0,"emoji_olympus_fire",1,0,,,,,,,,,,,,,,,,,,,,,,,,,,,,
,,,,,,,,,,,,,,"SpeedyAngel",1,0,,,"spray_janet_popstar",1,0,"player_icon_angelsdemons6",1,0,"emoji_olympus_fist",1,0,,,,,,,,,,,,,,,,,,,,,,,,,,,,
,,,,,,,,,,,,,,"HookDudeAngel",1,0,,,"spray_heartarrow",1,0,"player_icon_brawlentines",1,0,"emoji_olympus_lightning",1,0,,,,,,,,,,,,,,,,,,,,,,,,,,,,
,,,,,,,,,,,,,,"GunslingerDarkAngelChroma",1,0,,,"spray_drop",1,0,"player_icon_olympus",1,0,"emoji_popstar",1,0,,,,,,,,,,,,,,,,,,,,,,,,,,,,
,,,,,,,,,,,,,,"ControllerEaster",1,0,,,"spray_angrycloud",1,0,"player_icon_starr",1,0,"emoji_angeldemon_starangel",1,0,,,,,,,,,,,,,,,,,,,,,,,,,,,,
,,,,,,,,,,,,,,"BlackHoleBlue",1,0,,,"spray_brawlentines_heart1",1,0,"player_icon_angeldemon_robot",1,0,"emoji_demon1",0,1,,,,,,,,,,,,,,,,,,,,,,,,,,,,
,,,,,,,,,,,,,,"CannonGirlUnicorn",1,0,,,"spray_brawlentines_heart2",1,0,"player_icon_angeldemon_robot2",1,0,"emoji_demon2",0,1,,,,,,,,,,,,,,,,,,,,,,,,,,,,
,,,,,,,,,,,,,,"InsectManGreek",1,0,,,"spray_angel_helmet",1,0,"player_icon_angel_star",1,0,"emoji_stop",0,1,,,,,,,,,,,,,,,,,,,,,,,,,,,,
,,,,,,,,,,,,,,"SandstormMake",1,0,,,"spray_angel_wing",1,0,"player_icon_bad_angelsdemons",0,1,"emoji_fire",0,1,,,,,,,,,,,,,,,,,,,,,,,,,,,,
,,,,,,,,,,,,,,"MechaDudeAngel",1,0,,,"spray_angeldemon_fanfare",1,0,"player_icon_angelsdemons2",0,1,"emoji_summer_sweat",0,1,,,,,,,,,,,,,,,,,,,,,,,,,,,,
,,,,,,,,,,,,,,"ArcadeAngel",1,0,,,"spray_angelsdemons_1",0,1,"player_icon_angelsdemons3",0,1,"emoji_burning_ball",0,1,,,,,,,,,,,,,,,,,,,,,,,,,,,,
,,,,,,,,,,,,,,"AmbusherAngel",1,0,,,"spray_angelsdemons_2",0,1,"player_icon_angelsdemons5",0,1,"emoji_angeldemon_stardemon",0,1,,,,,,,,,,,,,,,,,,,,,,,,,,,,
,,,,,,,,,,,,,,"UndertakerDemon",0,1,,,"spray_denied",0,1,"player_icon_outlaw",0,1,,,,,,,,,,,,,,,,,,,,,,,,,,,,,,,
,,,,,,,,,,,,,,"UndertakerDemonChroma1",0,1,,,"spray_allfine",0,1,"player_icon_phoenix_fire",0,1,,,,,,,,,,,,,,,,,,,,,,,,,,,,,,,
,,,,,,,,,,,,,,"UndertakerDemonChroma2",0,1,,,"spray_salt",0,1,"player_icon_masks",0,1,,,,,,,,,,,,,,,,,,,,,,,,,,,,,,,
,,,,,,,,,,,,,,"PuppeteerDemon",0,1,,,"spray_fire_love",0,1,"player_icon_angeldemon_eye",0,1,,,,,,,,,,,,,,,,,,,,,,,,,,,,,,,
,,,,,,,,,,,,,,"SilencerDemon",0,1,,,"spray_footstep",0,1,"player_icon_angeldemon_skull",0,1,,,,,,,,,,,,,,,,,,,,,,,,,,,,,,,
,,,,,,,,,,,,,,"PercenterChromaDemonRed",0,1,,,"spray_demon_wing",0,1,"player_icon_demon_star",0,1,,,,,,,,,,,,,,,,,,,,,,,,,,,,,,,
,,,,,,,,,,,,,,"MummyDemon",0,1,,,"spray_demon_helmet",0,1,,,,,,,,,,,,,,,,,,,,,,,,,,,,,,,,,,
,,,,,,,,,,,,,,"BowDudeDemonic",0,1,,,"spray_angeldemon_pet",0,1,,,,,,,,,,,,,,,,,,,,,,,,,,,,,,,,,,
,,,,,,,,,,,,,,"SplitterCultist",0,1,,,,,,,,,,,,,,,,,,,,,,,,,,,,,,,,,,,,,,,
,,,,,,,,,,,,,,"DragonRiderRare",0,1,,,,,,,,,,,,,,,,,,,,,,,,,,,,,,,,,,,,,,,
,,,,,,,,,,,,,,"ConductorRare",0,1,,,,,,,,,,,,,,,,,,,,,,,,,,,,,,,,,,,,,,,
,,,,,,,,,,,,,,"BullDudeDemon",0,1,,,,,,,,,,,,,,,,,,,,,,,,,,,,,,,,,,,,,,,
,,,,,,,,,,,,,,"SoulCollectorDemon",0,1,,,,,,,,,,,,,,,,,,,,,,,,,,,,,,,,,,,,,,,
"Surfers","TID_COLLAB_10",10,,,,"collab_event_teaser",,,,,,,"TRUE","PocoSurferOvercharge",100,0,,,"spray_graffiti_4",100,0,"player_icon_street_spike",100,0,"emoji_street_flameheart",100,0,,,46,11,,,,,,,,,,,,,,,,,,,,,,,,"subway_link"
,,,,,,,,,,,,,,"PocoSurferOverchargeChromaBlue",100,0,,,"spray_graffiti_3",100,0,"player_icon_street_speed",100,0,"emoji_graffiti_box",100,0,,,,,,,,,,,,,,,,,,,,,,,,,,,,
,,,,,,,,,,,,,,"PocoSurferOverchargeChromaYellow",100,0,,,"spray_graffiti_1",100,0,"player_icon_street_box",100,0,"emoji_basket_ball",1,0,,,,,,,,,,,,,,,,,,,,,,,,,,,,
,,,,,,,,,,,,,,"FishTankSurfer",100,0,,,"spray_poco_street",100,0,"player_icon_street_obstacle",100,0,"emoji_foldable_robot",1,0,,,,,,,,,,,,,,,,,,,,,,,,,,,,
,,,,,,,,,,,,,,"JetpackGirlSurfer",100,0,,,"spray_badgem",1,0,"player_icon_street_shoe",100,0,"emoji_stop",1,0,,,,,,,,,,,,,,,,,,,,,,,,,,,,
,,,,,,,,,,,,,,"SnakeOilSurfer",100,0,,,"spray_allfine",1,0,"player_icon_street_magnet",100,0,,,,,,,,,,,,,,,,,,,,,,,,,,,,,,,
,,,,,,,,,,,,,,"RollerGraffitiSpecial",100,0,,,"spray_skullwings",1,0,"player_icon_street_grafitti",100,0,,,,,,,,,,,,,,,,,,,,,,,,,,,,,,,
,,,,,,,,,,,,,,"StalkerGraffitiSpecial",100,0,,,,,,,,,,,,,,,,,,,,,,,,,,,,,,,,,,,,,,,
,,,,,,,,,,,,,,"GhostSwag",1,0,,,,,,,,,,,,,,,,,,,,,,,,,,,,,,,,,,,,,,,
,,,,,,,,,,,,,,"DrillerConstructor",1,0,,,,,,,,,,,,,,,,,,,,,,,,,,,,,,,,,,,,,,,
,,,,,,,,,,,,,,"GunslingerHeist",1,0,,,,,,,,,,,,,,,,,,,,,,,,,,,,,,,,,,,,,,,
,,,,,,,,,,,,,,"DuplicatorFlightAttendant",1,0,,,,,,,,,,,,,,,,,,,,,,,,,,,,,,,,,,,,,,,
,,,,,,,,,,,,,,"CrabRare",1,0,,,,,,,,,,,,,,,,,,,,,,,,,,,,,,,,,,,,,,,
,,,,,,,,,,,,,,"LeaperRare",1,0,,,,,,,,,,,,,,,,,,,,,,,,,,,,,,,,,,,,,,,
,,,,,,,,,,,,,,"SkaterRapper",1,0,,,,,,,,,,,,,,,,,,,,,,,,,,,,,,,,,,,,,,,
,,,,,,,,,,,,,,"RocketGirlDelivery",1,0,,,,,,,,,,,,,,,,,,,,,,,,,,,,,,,,,,,,,,,
,,,,,,,,,,,,,,"TrickshotDudeRedjacket",1,0,,,,,,,,,,,,,,,,,,,,,,,,,,,,,,,,,,,,,,,
,,,,,,,,,,,,,,"MinigunDudeBroker",1,0,,,,,,,,,,,,,,,,,,,,,,,,,,,,,,,,,,,,,,,
,,,,,,,,,,,,,,"CookerRare",1,0,,,,,,,,,,,,,,,,,,,,,,,,,,,,,,,,,,,,,,,
,,,,,,,,,,,,,,"DancerGraffitiSpecial",1,0,,,,,,,,,,,,,,,,,,,,,,,,,,,,,,,,,,,,,,,
"Brawloween2025","TID_COLLAB_11",11,,,,"collab_event_teaser",,,,,,,"TRUE","BeeSniperBrawloween",100,0,,,"spray_brawloween25",1,0,"player_icon_brawloween25_trick",1,0,"emoji_brawloween_hoodie",1,0,,,,,,,,,,,,,,,,,,,,,,,,,,,,"brawloween_2025_link"
,,,,,,,,,,,,,,"ClusterBombBrawloween",1,0,,,"spray_zombies_1",1,0,"player_icon_brawloween25_scythe",1,0,"emoji_brawloween_scarepumpkin",1,0,,,,,,,,,,,,,,,,,,,,,,,,,,,,
,,,,,,,,,,,,,,"SplitterBrawloween",100,0,,,"spray_zombies_2",1,0,"player_icon_brawloween25_scarecrow",1,0,"emoji_brawloween_box",1,0,,,,,,,,,,,,,,,,,,,,,,,,,,,,
,,,,,,,,,,,,,,"RuffsBrawloween",100,0,,,"spray_zombies_3",1,0,"player_icon_brawloween25_1",1,0,"emoji_zombie_box",1,0,,,,,,,,,,,,,,,,,,,,,,,,,,,,
,,,,,,,,,,,,,,"TrickshotBrawloween",100,0,,,"spray_ghost_wagon1",1,0,"player_icon_brawloween25_2",1,0,"emoji_brawloween_thanks",1,0,,,,,,,,,,,,,,,,,,,,,,,,,,,,
,,,,,,,,,,,,,,"SamuraiJapanOverchargeChroma1",1,0,,,"spray_ghost_wagon2",1,0,"player_icon_brawloween1",1,0,"emoji_champie_halloween",1,0,,,,,,,,,,,,,,,,,,,,,,,,,,,,
,,,,,,,,,,,,,,"ShieldTankChainsaw",1,0,,,"spray_ghost_wagon3",1,0,"player_icon_brawloween2",1,0,"emoji_pumpkin_brawloween",1,0,,,,,,,,,,,,,,,,,,,,,,,,,,,,
,,,,,,,,,,,,,,"JesterGhost",1,0,,,"spray_saw_robot_01",1,0,"player_icon_brawloween3",1,0,"emoji_brawloween_phew",1,0,,,,,,,,,,,,,,,,,,,,,,,,,,,,
,,,,,,,,,,,,,,"KickerDudeMake",1,0,,,"spray_saw_robot_02",1,0,"player_icon_brawloween4",1,0,"emoji_brawloween_happy",1,0,,,,,,,,,,,,,,,,,,,,,,,,,,,,
,,,,,,,,,,,,,,"StickyBombGhost",1,0,,,"spray_saw_robot_03",1,0,"player_icon_brawloween5",1,0,"emoji_brawloween_gg",1,0,,,,,,,,,,,,,,,,,,,,,,,,,,,,
,,,,,,,,,,,,,,"RollerHeadless",1,0,,,"spray_hole",1,0,"player_icon_ghosttrain",1,0,"emoji_zombies_coffin",1,0,,,,,,,,,,,,,,,,,,,,,,,,,,,,
,,,,,,,,,,,,,,"NinjaGhost",1,0,,,,,,,,,"emoji_zombies_frankie",1,0,,,,,,,,,,,,,,,,,,,,,,,,,,,,
,,,,,,,,,,,,,,"NinjaBrawloween",1,0,,,,,,,,,"emoji_zombies_spider",1,0,,,,,,,,,,,,,,,,,,,,,,,,,,,,
,,,,,,,,,,,,,,"ShotgunGirlBrawloween",1,0,,,,,,,,,"emoji_brawloween_special",1,0,,,,,,,,,,,,,,,,,,,,,,,,,,,,
,,,,,,,,,,,,,,"DeadMariachiRare",1,0,,,,,,,,,,,,,,,,,,,,,,,,,,,,,,,,,,,,,,,
,,,,,,,,,,,,,,"BaseballBubblegum",1,0,,,,,,,,,,,,,,,,,,,,,,,,,,,,,,,,,,,,,,,
,,,,,,,,,,,,,,"RopeDudeLollipop",1,0,,,,,,,,,,,,,,,,,,,,,,,,,,,,,,,,,,,,,,,
,,,,,,,,,,,,,,"KnightPinata",1,0,,,,,,,,,,,,,,,,,,,,,,,,,,,,,,,,,,,,,,,
,,,,,,,,,,,,,,"ShamanGummybear",1,0,,,,,,,,,,,,,,,,,,,,,,,,,,,,,,,,,,,,,,,
,,,,,,,,,,,,,,"HookDudeSwamp",1,0,,,,,,,,,,,,,,,,,,,,,,,,,,,,,,,,,,,,,,,
,,,,,,,,,,,,,,"SpawnerDudeDracula",1,0,,,,,,,,,,,,,,,,,,,,,,,,,,,,,,,,,,,,,,,
,,,,,,,,,,,,,,"SoulCollectorZombie",1,0,,,,,,,,,,,,,,,,,,,,,,,,,,,,,,,,,,,,,,,
,,,,,,,,,,,,,,"MinigunDudeZombie",1,0,,,,,,,,,,,,,,,,,,,,,,,,,,,,,,,,,,,,,,,
,,,,,,,,,,,,,,"TntDudeZombie",1,0,,,,,,,,,,,,,,,,,,,,,,,,,,,,,,,,,,,,,,,
,,,,,,,,,,,,,,"PercenterCursed",1,0,,,,,,,,,,,,,,,,,,,,,,,,,,,,,,,,,,,,,,,
,,,,,,,,,,,,,,"LuchadorVampire",1,0,,,,,,,,,,,,,,,,,,,,,,,,,,,,,,,,,,,,,,,
,,,,,,,,,,,,,,"RocketGirlGhost",1,0,,,,,,,,,,,,,,,,,,,,,,,,,,,,,,,,,,,,,,,
,,,,,,,,,,,,,,"ArtilleryDudeZombie",1,0,,,,,,,,,,,,,,,,,,,,,,,,,,,,,,,,,,,,,,,
,,,,,,,,,,,,,,"ConductorRare",1,0,,,,,,,,,,,,,,,,,,,,,,,,,,,,,,,,,,,,,,,
,,,,,,,,,,,,,,"PercenterInspector",1,0,,,,,,,,,,,,,,,,,,,,,,,,,,,,,,,,,,,,,,,
,,,,,,,,,,,,,,"CrossBomberFranken",1,0,,,,,,,,,,,,,,,,,,,,,,,,,,,,,,,,,,,,,,,
,,,,,,,,,,,,,,"BaseballZombibi",1,0,,,,,,,,,,,,,,,,,,,,,,,,,,,,,,,,,,,,,,,
"DeadBox","TID_COLLAB_12",12,"collab_event_panel_1_screen_hud_left",,"collab_event_panel_2_screen_hud_left","collab_event_teaser",,,,,,,,"BaseballZombibi",1,0,,,"spray_ghost_wagon1",1,0,"player_icon_ghosttrain",1,0,"emoji_pumpkin_brawloween",1,0,,,,,,,,,,,,,,,,,,,,,,,,,,,,
,,,,,,,,,,,,,,"HookDudeSwamp",1,0,,,"spray_ghost_wagon2",1,0,"player_icon_brawloween1",1,0,"emoji_brawloween_gg",1,0,,,,,,,,,,,,,,,,,,,,,,,,,,,,
,,,,,,,,,,,,,,"SpawnerDudeDracula",1,0,,,"spray_ghost_wagon3",1,0,"player_icon_brawloween2",1,0,"emoji_brawloween_happy",1,0,,,,,,,,,,,,,,,,,,,,,,,,,,,,
,,,,,,,,,,,,,,"StickyBombGhost",1,0,,,"spray_zombies_1",1,0,"player_icon_brawloween3",1,0,"emoji_brawloween_phew",1,0,,,,,,,,,,,,,,,,,,,,,,,,,,,,
,,,,,,,,,,,,,,"RollerHeadless",1,0,,,"spray_zombies_2",1,0,"player_icon_brawloween4",1,0,"emoji_brawloween_special",1,0,,,,,,,,,,,,,,,,,,,,,,,,,,,,
,,,,,,,,,,,,,,"ShotgunGirlBrawloween",1,0,,,"spray_zombies_3",1,0,"player_icon_brawloween5",1,0,"emoji_brawloween_thanks",1,0,,,,,,,,,,,,,,,,,,,,,,,,,,,,
,,,,,,,,,,,,,,"NinjaBrawloween",1,0,,,"spray_saw_robot_01",1,0,,,,"emoji_zombies_coffin",1,0,,,,,,,,,,,,,,,,,,,,,,,,,,,,
,,,,,,,,,,,,,,"SoulCollectorZombie",1,0,,,"spray_saw_robot_02",1,0,,,,"emoji_zombies_frankie",1,0,,,,,,,,,,,,,,,,,,,,,,,,,,,,
,,,,,,,,,,,,,,"MinigunDudeZombie",1,0,,,"spray_saw_robot_03",1,0,,,,"emoji_zombies_spider",1,0,,,,,,,,,,,,,,,,,,,,,,,,,,,,
,,,,,,,,,,,,,,"TntDudeZombie",1,0,,,"spray_hole",1,0,,,,"emoji_zombie_box",1,0,,,,,,,,,,,,,,,,,,,,,,,,,,,,
,,,,,,,,,,,,,,"PercenterCursed",1,0,,,,,,,,,,,,,,,,,,,,,,,,,,,,,,,,,,,,,,,
,,,,,,,,,,,,,,"LuchadorVampire",1,0,,,,,,,,,,,,,,,,,,,,,,,,,,,,,,,,,,,,,,,
,,,,,,,,,,,,,,"RocketGirlGhost",1,0,,,,,,,,,,,,,,,,,,,,,,,,,,,,,,,,,,,,,,,
,,,,,,,,,,,,,,"ShieldTankChainsaw",1,0,,,,,,,,,,,,,,,,,,,,,,,,,,,,,,,,,,,,,,,
,,,,,,,,,,,,,,"JesterGhost",1,0,,,,,,,,,,,,,,,,,,,,,,,,,,,,,,,,,,,,,,,
,,,,,,,,,,,,,,"ArtilleryDudeZombie",1,0,,,,,,,,,,,,,,,,,,,,,,,,,,,,,,,,,,,,,,,
,,,,,,,,,,,,,,"ConductorRare",1,0,,,,,,,,,,,,,,,,,,,,,,,,,,,,,,,,,,,,,,,
,,,,,,,,,,,,,,"PercenterInspector",1,0,,,,,,,,,,,,,,,,,,,,,,,,,,,,,,,,,,,,,,,
,,,,,,,,,,,,,,"CrossBomberFranken",1,0,,,,,,,,,,,,,,,,,,,,,,,,,,,,,,,,,,,,,,,
,,,,,,,,,,,,,,"KickerDudeMake",1,0,,,,,,,,,,,,,,,,,,,,,,,,,,,,,,,,,,,,,,,
"Stranger","TID_COLLAB_13",13,"collab_event_panel_1_screen_hud_left","collab_event_panel_2_screen_hud_left",,"collab_event_teaser",,,,,,,,"IceDudeBurger",1,0,,,"spray_skullsign",1,0,"player_icon_enchanted",1,0,,,,,"TRUE",47,12,"ArchetypeItemMenuEffect","ArchetypeItemBrawler",,"TID_COLLAB_3_LEADERBOARD_TAB","TID_COLLAB_3_LEADERBOARD_TITLE","TID_COLLAB_3_LEADERBOARD_SCORE",,,"TRUE","TRUE","10","TRUE",,,"card_pack",5,100,"TID_SB_SHOP_FREE_OFFER",,"epic","TID_STRANGER_PACK_2","gary_","stranger_link",
,,,,,,,,,,,,,,"KnightPizza",1,0,,,"spray_st_waffle",1,0,"player_icon_amazon_frog",1,0,,,,,,,,,,,,,,,,,,,,,,"card_pack",4,30,"TID_SB_SHOP_MEGA_OFFER",,"epic","TID_STRANGER_PACK_2",,,
,,,,,,,,,,,,,,"SnakeOilDarkcircus",1,0,,,"spray_stranger_demogorgon",1,0,"player_icon_phoenix_fire",1,0,,,,,,,,,,,,,,,,,,,,,,"card_pack",4,25,"TID_SB_SHOP_MEGA_OFFER",,"legendary","TID_STRANGER_PACK_3",,,
,,,,,,,,,,,,,,"PuppeteerAxl",1,0,,,"spray_stranger_claw",1,0,"player_icon_brawloween2",1,0,,,,,,,,,,,,,,,,,,,,,,"card_pack",6,20,"TID_SB_SHOP_EPIC_OFFER",,"legendary","TID_STRANGER_PACK_3",,,
,,,,,,,,,,,,,,"SoulCollectorStrange",1,0,,,"spray_stranger_dustin",1,0,"player_icon_brawloween3",1,0,,,,,,,,,,,,,,,,,,,,,,"card_pack",6,15,"TID_SB_SHOP_EPIC_OFFER",,"legendary","TID_STRANGER_PACK_3",,,
,,,,,,,,,,,,,,"DeadMariachiOnceupon",1,0,,,"spray_stranger_demohead",1,0,"player_icon_brawloween5",1,0,,,,,,,,,,,,,,,,,,,,,,"card_pack",6,10,"TID_SB_SHOP_NORMAL_OFFER",,,,,,
,,,,,,,,,,,,,,"WeaponThrowerDarkcircus",1,0,,,"spray_stranger_arrow",1,0,"player_icon_masks",1,0,,,,,,,,,,,,,,,,,,,,,,"card_pack",3,0,"TID_SB_SHOP_NORMAL_OFFER",,,,,,
,,,,,,,,,,,,,,"EnragerVine",1,0,,,,,,"player_icon_st_hellfire",1,0,,,,,,,,,,,,,,,,,,,,,,,,,,,,,,,
,,,,,,,,,,,,,,"WallyWeirdPlant",1,0,,,,,,"player_icon_st_waffles",1,0,,,,,,,,,,,,,,,,,,,,,,,,,,,,,,,
,,,,,,,,,,,,,,"RosaUniversity",1,0,,,,,,"player_icon_st_vecna",1,0,,,,,,,,,,,,,,,,,,,,,,,,,,,,,,,
,,,,,,,,,,,,,,"StickyBombUniversity",1,0,,,,,,"player_icon_st_rift",1,0,,,,,,,,,,,,,,,,,,,,,,,,,,,,,,,
,,,,,,,,,,,,,,"MummyCollege",1,0,,,,,,"player_icon_st_app",1,0,,,,,,,,,,,,,,,,,,,,,,,,,,,,,,,
,,,,,,,,,,,,,,"BaseballVigilante",1,0,,,,,,"player_icon_st_demogorgon",1,0,,,,,,,,,,,,,,,,,,,,,,,,,,,,,,,
,,,,,,,,,,,,,,"BlowerBusters",1,0,,,,,,"player_icon_st_hat",1,0,,,,,,,,,,,,,,,,,,,,,,,,,,,,,,,
,,,,,,,,,,,,,,"DragonRiderRare",1,0,,,,,,,,,,,,,,,,,,,,,,,,,,,,,,,,,,,,,,,
,,,,,,,,,,,,,,"DuelistToxic",1,0,,,,,,,,,,,,,,,,,,,,,,,,,,,,,,,,,,,,,,,
,,,,,,,,,,,,,,"PercenterCursed",1,0,,,,,,,,,,,,,,,,,,,,,,,,,,,,,,,,,,,,,,,
,,,,,,,,,,,,,,"ShieldTankRare",1,0,,,,,,,,,,,,,,,,,,,,,,,,,,,,,,,,,,,,,,,
,,,,,,,,,,,,,,"CrowMaverick",1,0,,,,,,,,,,,,,,,,,,,,,,,,,,,,,,,,,,,,,,,
,,,,,,,,,,,,,,"SilencerSewer",1,0,,,,,,,,,,,,,,,,,,,,,,,,,,,,,,,,,,,,,,,
,,,,,,,,,,,,,,"BullGuyStrange",1,0,,,,,,,,,,,,,,,,,,,,,,,,,,,,,,,,,,,,,,,
,,,,,,,,,,,,,,"PainterStrange",1,0,,,,,,,,,,,,,,,,,,,,,,,,,,,,,,,,,,,,,,,
,,,,,,,,,,,,,,"DragonRiderStrange",1,0,,,,,,,,,,,,,,,,,,,,,,,,,,,,,,,,,,,,,,,
"Mechmas",,14,,,,,,,,,,,"TRUE","UndertakerMecha",1,0,,,"spray_skullsign",1,0,"player_icon_champie_mecha",1,0,"emoji_mecha_champi",1,0,,,,,,,,,,,,,,,,,,,,,,,,,,,,
,,,,,,,,,,,,,,"UndertakerChromaLight",1,0,,,"spray_ragnarok",1,0,"player_icon_cyborg",1,0,"emoji_mecha_thanks",1,0,,,,,,,,,,,,,,,,,,,,,,,,,,,,
,,,,,,,,,,,,,,"UndertakerChromaDark",1,0,,,"spray_mutation_sign",1,0,"player_icon_mecha_loverobot",1,0,"emoji_mecha_sword",1,0,,,,,,,,,,,,,,,,,,,,,,,,,,,,
,,,,,,,,,,,,,,"CrowMecha",1,0,,,"spray_godzilla_egg",1,0,"player_icon_mecha_box",1,0,"emoji_kaiju_robot",1,0,,,,,,,,,,,,,,,,,,,,,,,,,,,,
,,,,,,,,,,,,,,"CrowMechaGold",1,0,,,,,,"player_icon_mecha",1,0,"emoji_godzilla_brawlball",1,0,,,,,,,,,,,,,,,,,,,,,,,,,,,,
,,,,,,,,,,,,,,"CrowMechaNight",1,0,,,,,,"player_icon_villains",1,0,"emoji_mutation_heart",1,0,,,,,,,,,,,,,,,,,,,,,,,,,,,,
,,,,,,,,,,,,,,"NinjaMecha",1,0,,,,,,"player_icon_starrforce4",1,0,,,,,,,,,,,,,,,,,,,,,,,,,,,,,,,
,,,,,,,,,,,,,,"NinjaMechaLight",1,0,,,,,,"player_icon_kaiju_disc",1,0,,,,,,,,,,,,,,,,,,,,,,,,,,,,,,,
,,,,,,,,,,,,,,"NinjaMechaDark",1,0,,,,,,"player_icon_mutation",1,0,,,,,,,,,,,,,,,,,,,,,,,,,,,,,,,
,,,,,,,,,,,,,,"BoMecha",1,0,,,,,,"player_icon_mutated_logo",1,0,,,,,,,,,,,,,,,,,,,,,,,,,,,,,,,
,,,,,,,,,,,,,,"BowDudeMechaWhite",1,0,,,,,,,,,,,,,,,,,,,,,,,,,,,,,,,,,,,,,,,
,,,,,,,,,,,,,,"BowDudeMechaGold",1,0,,,,,,,,,,,,,,,,,,,,,,,,,,,,,,,,,,,,,,,
,,,,,,,,,,,,,,"EnragerMecha",1,0,,,,,,,,,,,,,,,,,,,,,,,,,,,,,,,,,,,,,,,
,,,,,,,,,,,,,,"EnragerEnragerMecha00",1,0,,,,,,,,,,,,,,,,,,,,,,,,,,,,,,,,,,,,,,,
,,,,,,,,,,,,,,"EnragerEnragerMecha01",1,0,,,,,,,,,,,,,,,,,,,,,,,,,,,,,,,,,,,,,,,
,,,,,,,,,,,,,,"GunslingerMecha",1,0,,,,,,,,,,,,,,,,,,,,,,,,,,,,,,,,,,,,,,,
,,,,,,,,,,,,,,"GunslingerMechaPurple",1,0,,,,,,,,,,,,,,,,,,,,,,,,,,,,,,,,,,,,,,,
,,,,,,,,,,,,,,"GunslingerMechaGold",1,0,,,,,,,,,,,,,,,,,,,,,,,,,,,,,,,,,,,,,,,
,,,,,,,,,,,,,,"ChronomancerKaiju",1,0,,,,,,,,,,,,,,,,,,,,,,,,,,,,,,,,,,,,,,,
,,,,,,,,,,,,,,"ChronomancerKaijuChromaWhite",1,0,,,,,,,,,,,,,,,,,,,,,,,,,,,,,,,,,,,,,,,
,,,,,,,,,,,,,,"ChronomancerKaijuChromaGreen",1,0,,,,,,,,,,,,,,,,,,,,,,,,,,,,,,,,,,,,,,,
,,,,,,,,,,,,,,"MechanicMecha",1,0,,,,,,,,,,,,,,,,,,,,,,,,,,,,,,,,,,,,,,,
,,,,,,,,,,,,,,"MechanicMechaChromaOrange",1,0,,,,,,,,,,,,,,,,,,,,,,,,,,,,,,,,,,,,,,,
,,,,,,,,,,,,,,"MechanicMechaChromaPink",1,0,,,,,,,,,,,,,,,,,,,,,,,,,,,,,,,,,,,,,,,
,,,,,,,,,,,,,,"SniperMechaOvercharge",1,0,,,,,,,,,,,,,,,,,,,,,,,,,,,,,,,,,,,,,,,
,,,,,,,,,,,,,,"SniperMechaOverchargeRed",1,0,,,,,,,,,,,,,,,,,,,,,,,,,,,,,,,,,,,,,,,
,,,,,,,,,,,,,,"SniperMechaOverchargePink",1,0,,,,,,,,,,,,,,,,,,,,,,,,,,,,,,,,,,,,,,,
