"Name","Collab","ReskinAssetId","RewardType","LocationCategoryExportName","TicketIconExportName","RewardScreenExportName","ScoreIconExportName","EventSelectionTooltipExportName","SelectableLocationCount","ContestLocationSelectionPopupExportName","WinBonusGradient","RewardShopItem","RewardClaimButtonInstanceName","OfflineChronosAsset"
"string","string","String","string","string","string","string","string","string","int","string","string","string","string","string"
"AngelsAndDemonsContest","Demons","ContestArcadeSc","AngelicOrDemonicStarrDrop","collab_category_event_item","collab_ticket_icon","collab_demons_tournament_end_screen_center",,"collab_event_button_ui",1,,"Name1",,,"collab_demons.sc"
"ArcadePlanetContest","Toys","ContestArcadeSc","CollabCurrency","collab_category_event_item","collab_ticket_icon","collab_tournament_end_screen_center","icon_tournament_points_collab","collab_event_button_ui",1,,"ArcadeWinBonus","CollabPoints","reward_button","collab_toystory.sc"
"WasabiContest","Wasabi","ContestWasabiSc","SushiDrop","collab_category_event_item","collab_ticket_icon","collab_tournament_end_screen_center","icon_tournament_points_collab","collab_event_button_ui",3,"contest_choose_game_mode_screen_center","KatanaWinBonus","RandomSushiDrop","reward_button","contest_katana.sc"
"WeekendContest",,"ContestArcadeSc","NormalStarrDrop","collab_category_event_item","collab_ticket_icon","collab_tournament_end_screen_center","icon_tournament_points_collab","collab_event_button_ui",1,,,,"reward_button",
"AngelicContest",,"ContestAngelicSc","AngelicStarrDrop","collab_category_event_item","collab_ticket_icon","collab_tournament_end_screen_center","icon_tournament_points_collab","collab_event_button_ui",1,,,"AngelicStar","reward_button","contest_angels_2025.sc"
"DemonicContest",,"ContestDemonicSc","DemonicStarrDrop","collab_category_event_item","collab_ticket_icon","collab_tournament_end_screen_center","icon_tournament_points_collab","collab_event_button_ui",2,"contest_choose_game_mode_screen_center",,"DemonicStar","reward_button","contests_demons_2025.sc"
"SubwayContest","Surfers","ContestSubwaySc","CollabScore","collab_category_event_item","collab_ticket_icon","collab_tournament_end_screen_center","icon_tournament_points_collab","collab_event_button_ui",3,"contest_choose_game_mode_screen_center","SubwaySurfersRainbow","RandomSushiDrop","reward_button","contest_subway_surfers.sc"
