"Name","Variation","Disabled","ShortName","TID","ChatSuggestionItemName","GameModeRoomIconName","GameModeIconName","BannerOverrideSWF","BannerOverrideExportName","SquareBannerOverrideSWF","SquareBannerOverrideExportName","MaxScore","ScoreSfx","OpponentScoreSfx","ScoreText","ScoreOpponentText","ScoreTextEnd","ScoreOpponentTextEnd","ScoreVO","OpponentScoreVO","VictoryVO","DefeatVO","DoubleTakedownVO","TripleTakedownVO","QuadTakedownVO","TeamTakedownVO","FirstBloodVO","PointsLeftMediumVO","PointsLeftLowVO","FriendlyMenuOrder","IntroText","IntroDescText","IntroDescText2","OvertimeText","OvertimeVO","PlayerCountInfo","StartNotification","EndNotification","Color","BgColor","FallbackPlayerMapEnvironment","TeamEntryItemName","PanelTeamOnlineName","SpecificEmote1","SpecificEmote2","SpecificEmote3","ScorePanelIconFrame","HasModeSpecificQuest","MaxDamage","MaxHealing","CustomValue1","PlayerCollectBountyStars","PlayersCollectPowerCubes","MaxPowerCubesToDrop","PlayersCollectBolts","ItemClaimDelaySeconds","IsPlayedOnVeryLargeMap","SpectateAfterGameOver","SpectateAfterDeath","SpectateFriendAfterDeath","HasCornerScoreNumbers","HasCornerScoreForBothTeams","IsBattleRoyale","HasAntiTeamingFeatures","HasBoxesWithPowerCubes","HasOffScreenIndicator","HasOffScreenBossIndicator","IsCoop","HasDownwardsTickingClock","DisplayOneHealthbar","DisplayOneHealthbarForBothTeams","DisplayOneBlueHealthbar","DisplayHealthbarForBothTeams","HealthbarsAreInOneCorner","HealthBarsFillUp","HasTwoBases","IsSoloModeWithRespawns","IsSoloMode","GetHeroSelectionCount","HasTimerAndCanEndBeforeTimerRunsOut","ShouldSpawnCloseToTeammate","HasSpawnProtectionInTheStart","GiveMVPAtGameEnd","HasWinBasedExp","PanCameraToCenterWhenGameOver","RevealMapWhenGameOver","FlashHealthBar","IsGoalBasedMode","ShowTextOnScore","ModeHasCarryables","AllowAttackWhileCarrying","IsHorizontalMode","BattleTicks","HasOvertime","OvertimeHasGoldenGoal","RespawnSeconds","ModeHasSecondaryRespawnPoints","ModeGameObjectCount","RoundResetsWhenObjectiveIsMissing","DroppedItemOnDeath","BotGoalAreaEffect","BotItemPickup","BotItemPickup2","BotItemPickupRadius","HasTeamItems","PreventWallsOnBase","HasMultipleDifficulties","IsTypeOfBossFight","IsSpecialEvent","IsBlockedFromFriendlyRoom","AreTeamsDisabledIn","BossCharacterData","BossCharacterData2","BossCharacterData3","BossShareHP","NumberOfRounds","MoveDeathNotificationsDown","ModeCarryable","TeamSize","TeamCount","ModeHasFillingPoison","BattleLoad","BattleLoadCoop","HasTokensToHold","IsMatchmakingBasedOnAverageHeroScore","IsNotRewardingTrophies","IsAllowDuplicateHeroes","TrophyGainedMultiplierPercent","TrophyLostMultiplierPercent","BattleMusicOverride","BattleEndPopupInfoCardsLayout","BattleEndPopupBrawlerContainersLayout"
"string","int","Boolean","String","string","string","string","string","string","string","string","string","int","string","string","string","string","string","string","string","string","string","string","string","string","string","string","string","string","string","int","string","string","string","string","string","string","String","String","string","string","string","string","string","string","string","string","int","boolean","int","int","int","boolean","boolean","int","boolean","int","boolean","boolean","boolean","boolean","boolean","boolean","boolean","boolean","boolean","boolean","boolean","boolean","boolean","boolean","boolean","boolean","boolean","boolean","boolean","boolean","boolean","boolean","int","boolean","boolean","boolean","boolean","boolean","boolean","boolean","boolean","boolean","boolean","boolean","boolean","boolean","int","boolean","boolean","int","boolean","int","boolean","string","string","string","string","int","boolean","boolean","boolean","boolean","boolean","boolean","boolean","string","string","string","boolean","int","boolean","string","int","int","boolean","int","int","boolean","boolean","boolean","boolean","int","int","string","string","string"
"GemGrab",0,,"GemGrab","TID_GAME_MODE_0","chat_letsplay_gemgrab","event_gameroom_gemgrab","event_icon_gemgrab",,,,"event_gemgrab_banner_square",,,,,,,,,,,,,,,,,,,1,"TID_GAME_MODE_0","TID_COIN_RUSH_INTRO_TEXT","TID_GEMGRAB_DOUBLE_MINE_INTRO_TEXT","TID_OVERTIME",,"TID_EVENT_POPUP_GMV_LABEL_TEAM","CoinRushStart",,"0xffd852ff","0xff9A3DF3","MineEnvironment","event_teamentry_gemgrab","panel_team_online_gemgrab",,,,,,,,,,,,,,,,,,,,,,,,,,true,,,,,,,,,,1,true,,,true,true,,,,,,,,,210,,,5,,1,,"Point",,"Point",,,,,,,,,,,,,,1,,,3,2,,10,8,true,,,,,,,"player_info_cards","brawler_containers"
"Deleted1",1,true,"Del1",,,,"event_icon_gemgrab",,,,,,,,,,,,,,,,,,,,,,,,,,,"TID_OVERTIME",,,,,,,,,,,,,,,,,,,,,,,,,,,,,,,,,,,,,,,,,,,,,1,,,,,,,,,,,,,,,,,5,,,,,,,,,,,,,,,,,,,,1,,,3,2,,10,8,,,,,,,,,
"Heist",2,,"Heist","TID_GAME_MODE_2","chat_letsplay_heist","event_gameroom_heist","event_icon_heist",,,,,,,,,,,,,,,,,,,,,,,3,"TID_GAME_MODE_2","TID_ATTACK_DEFEND_INTRO_TEXT_ATTACK","TID_ATTACK_DEFEND_INTRO_TEXT_DEFEND","TID_OVERTIME",,"TID_EVENT_POPUP_GMV_LABEL_TEAM",,,"0xffd852ff","0xffD65CD3","DefaultEnvironment","event_teamentry_heist","panel_team_online_heist",,,,,true,,,,,,,,,,,,,,,,,,,,,true,,,,true,,,true,,,1,true,,,true,true,,true,true,,,,,,,,,5,,2,,,,,,,,true,,,,,,,,,,1,,,3,2,,10,8,,,,,,,,"player_info_cards","brawler_containers"
"Bounty",3,,"Bounty","TID_GAME_MODE_3","chat_letsplay_wanted","event_gameroom_wanted","event_icon_wanted",,,,,20,,,,,,,,,,,,,,,,,,4,"TID_GAME_MODE_3","TID_BOUNTY_HUNTER_INTRO_TEXT",,"TID_OVERTIME",,"TID_EVENT_POPUP_GMV_LABEL_TEAM",,,"0xff24d6ff","0xff00CFFF","DefaultEnvironment","event_teamentry_wanted","panel_team_online_wanted",,,,,,,,,true,,,,,,,,,true,true,,,,,,,true,,,,,,,,,,1,true,,,true,true,,,,,,,,,120,,,3,,1,,,,"Money",,,,,,,,,,,,,,1,,,3,2,,10,8,true,,,,,,,"player_info_cards","brawler_containers"
"Deleted2",4,true,"Del 2",,,,"event_icon_gemgrab",,,,,,,,,,,,,,,,,,,,,,,,,,,"TID_OVERTIME",,,,,,,,,,,,,,,,,,,,,,,,,,,,,,,,,,,,,,,,,,,,,1,,,,,,,,,,,,,,,,,5,,,,,,,,,,,,,,,,,,,,1,,,3,2,,10,8,,,,,,,,,
"BrawlBall",5,,"BrawlBall","TID_GAME_MODE_5","chat_letsplay_brawlball","event_gameroom_brawlball","event_icon_brawlball",,,,"event_brawlball_banner_square",2,"Brawlbawl_goal","Brawlbawl_other_goal","TID_GOAL","TID_GOAL","TID_GOAL_MATCH_OVER","TID_GOAL_MATCH_OVER","Announcer_goal_vo","Announcer_goal_vo","Deathmatch_Victory_VO","Deathmatch_Defeat_VO",,,,,,,,5,"TID_GAME_MODE_5","TID_LASER_BALL_INTRO_TEXT",,"TID_OVERTIME","Announcer_overtime_vo","TID_EVENT_POPUP_GMV_LABEL_TEAM","LaserBallStart",,"0xff9ab1fd","0xff8CA0E0","GrassfieldEnvironment","event_teamentry_brawlball","panel_team_online_brawlball",,,,1,,,,,,,,,,,,,,true,true,,,,true,,,true,,,,,,,,,,1,true,,,true,true,,true,,true,true,true,false,,210,true,true,7,true,1,true,,,,,,,,,,,,,,,,,1,,"LaserBall",3,2,,10,8,,,,,,,,"player_info_cards","brawler_containers"
"Showdown",6,,"Solo SD","TID_GAME_MODE_6","chat_letsplay_survival","event_gameroom_survival","event_icon_survival",,,"sc/events.sc","event_showdown_banner_square",,,,,,,,,,,,,,,,,,,2,"TID_GAME_MODE_6","TID_BATTLE_ROYALE_INTRO_TEXT",,"TID_OVERTIME",,"TID_EVENT_POPUP_GMV_LABEL_BATTLE_ROYALE","BRStart",,"0xff91e136","0xff81D621","DefaultEnvironment","event_teamentry_survival","panel_team_online_survival",,,,,true,,,,,true,5,,,true,true,true,,,,true,true,true,,,,,,,,,,,,,true,1,,,true,,,,,,,,,,,800,,,-1,,,,"BattleRoyaleBuff",,,,,,,,,,,true,,,,,1,,,1,10,true,16,10,,,,,,,,"player_info_cards_solo","brawler_containers_solo"
"BigGame",7,,"BigGame","TID_GAME_MODE_7","chat_letsplay_bossmode","event_gameroom_bossmode","event_icon_bossmode","sc/events.sc","event_boss_banner","sc/events.sc","event_boss_banner_square",,,,,,,,,,,,,,,,,,,10,"TID_GAME_MODE_7","TID_BOSS_INTRO_TEXT_ATTACK","TID_BOSS_INTRO_TEXT_DEFEND","TID_OVERTIME",,"TID_EVENT_POPUP_GMV_LABEL_BOSS_FIGHT","BossStart",,"0xffff6847","0xffDC2423",,"event_teamentry_bossmode","panel_team_online_bossmode",,,,,,5000,3000,,,,,,,,,,,,,,,,true,true,,true,true,,,,,,,,,1,true,,,,,true,true,,,,,,,120,,,5,,,,,,,,,,,,,true,true,true,,,,,1,,,3,2,,10,8,,,,,,,,"player_info_cards","brawler_containers"
"RoboRumble",8,,"RoboR","TID_GAME_MODE_8","chat_letsplay_coop","event_gameroom_coop","event_icon_coop","sc/ui.sc","event_coop_banner","sc/events.sc","event_coop_banner_square",,,,,,,,,,,,,,,,,,,11,"TID_GAME_MODE_8","TID_COOP_INTRO_TEXT",,"TID_OVERTIME",,"TID_EVENT_POPUP_GMV_LABEL_COOP_SURVIVAL","CoopStart",,"0xffff6847","0xffDC2423",,"event_teamentry_coop","panel_team_online_coop",,,,,,,,,,,,,,true,,true,true,,,,,,true,true,true,true,true,true,true,,,,,,,1,true,,,,,,,true,,,,,,120,,,10,,,,,,,,,,true,true,,true,true,,,,,,1,,,3,1,,10,8,,,,,,,,"player_info_cards","brawler_containers"
"DuoShowdown",9,,"Duo SD","TID_GAME_MODE_9","chat_letsplay_teamsurvival","event_gameroom_teamsurvival","event_icon_teamsurvival",,,,"event_teamsurvival_banner_square",,,,,,,,,,,,,,,,,,,,"TID_GAME_MODE_9","TID_BATTLE_ROYALE_TEAM_INTRO_TEXT",,"TID_OVERTIME",,"TID_EVENT_POPUP_GMV_LABEL_BATTLE_ROYALE_TEAM",,,"0xff91e136","0xff81D621","DefaultEnvironment","event_teamentry_teamsurvival","panel_team_online_teamsurvival",,,,,true,,,,,true,5,,,true,,true,true,,,true,true,true,true,,,,,,,,,,,,,1,,true,true,,,,,,,,,,,800,,,17,,,,"BattleRoyaleBuff",,,,,,,,,,,,,,,,1,,,2,5,true,20,14,,,,,,,,"player_info_cards_duo","brawler_containers_duo"
"BossFight",10,,"BossF","TID_GAME_MODE_10","chat_letsplay_raid","event_gameroom_raid","event_icon_raid","sc/ui.sc","event_raid_banner","sc/events.sc","event_raid_banner_square",,,,,,,,,,,,,,,,,,,12,"TID_GAME_MODE_10","TID_RAID_BOSS_INTRO_TEXT",,"TID_OVERTIME",,"TID_EVENT_POPUP_GMV_LABEL_RAID_BOSS","RaidBossStart",,"0xffff6847","0xffDC2423",,"event_teamentry_raid","panel_team_online_raid",,,,,,,,,,true,5,,,true,,true,true,,,,,,true,true,true,,true,true,,,,,,,,1,,true,,,,,,,,,,,,800,,,22,,1,,"BattleRoyaleBuff",,,,,,,true,true,true,true,,"RaidBoss",,,,1,,,3,1,,10,8,,,,,,,,"player_info_cards","brawler_containers"
"Siege",11,,"Siege","TID_GAME_MODE_11","chat_letsplay_petwars","event_gameroom_petwars","event_icon_petwars",,,,,,,,,,,,,,,,,,,,,,,7,"TID_GAME_MODE_11","TID_ROBO_WARS_INTRO_TEXT",,"TID_OVERTIME",,"TID_EVENT_POPUP_GMV_LABEL_TEAM","RoboWarsStart",,"0xffff6847","0xffF05031","DefaultEnvironment","event_teamentry_petwars","panel_team_online_petwars",,,,,,,,,,,,true,3,,,,,,,,,,,,,true,,,,true,,,true,,,1,true,,,true,true,,true,true,,,,,,,,,5,,2,,"PetWars",,"PetWars",,,,true,,,,,,,,,,1,true,,3,2,,15,12,true,,,,,,,"player_info_cards","brawler_containers"
"Tutorial",12,,"Tutorial",,,,"event_icon_gemgrab",,,,,,,,,,,,,,,,,,,,,,,,,,,"TID_OVERTIME",,,,,,,,,,,,,,,,,,,,,,,,,,,,,,,,,,,,,,,,,,,,,1,,,,,,,,,,,,,,800,,,5,,,,,,,,,,,,,,,,,,,,1,,,1,1,,2,2,,,,,,,,,
"Training",13,,"Training",,,,"event_icon_gemgrab",,,,,,,,,,,,,,,,,,,,,,,,,,,"TID_OVERTIME",,,,,,,,,,,,,,,,,,,,,,,,,,,,,,,,,,,,,,,,,,,,,1,,,,,,,,,,,,,,800,,,5,,,,,,,,,,,,,,,,,,,,1,,,1,1,,2,2,,,,,,,,,
"Takedown",14,,"TakeD","TID_GAME_MODE_14","chat_letsplay_takedown","event_gameroom_takedown","event_icon_takedown","sc/events.sc","event_takedown_banner","sc/events.sc","event_takedown_banner_square",,,,,,,,,,,,,,,,,,,8,"TID_GAME_MODE_14","TID_BOSS_RACE_INTRO_TEXT",,"TID_OVERTIME",,"TID_EVENT_POPUP_GMV_LABEL_ALL_VS_ALL",,,"0xff3891ff","0xffB606B0",,"event_teamentry_takedown","panel_team_online_takedown",,,,,,,,,,true,5,,,true,,,,,,,,,true,true,,,true,true,,,,,,true,true,1,,,true,,,,true,,,,,,,480,,,7,,1,,"BattleRoyaleBuff",,,,,,,,,,,true,,,,,1,,,1,10,,20,16,,,,,,,,"player_info_cards","brawler_containers"
"LoneStar",15,,"LoneS","TID_GAME_MODE_15","chat_letsplay_lone_star","event_gameroom_lonestar","event_icon_lone_star","sc/events.sc","event_lone_star_banner","sc/events.sc","event_lone_star_banner_square",,,,,,,,,,,,,,,,,,,9,"TID_GAME_MODE_15","TID_BOUNTY_HUNTER_INTRO_TEXT",,"TID_OVERTIME",,"TID_EVENT_POPUP_GMV_LABEL_ALL_VS_ALL",,,"0xffe24e5a","0xff56CDEA",,"event_teamentry_lonestar","panel_team_online_lonestar",,,,,,,,,true,,,,,true,,,,true,,,,,,,,true,,,,,,,,true,true,1,,,true,,,,,,,,,,,,,,7,,,,,,"Money",,,,,,,,,true,,,,,1,,,1,10,,20,16,true,,,,,,,,
"CTF",16,,"PresentP","TID_GAME_MODE_16","chat_letsplay_trophy_thieves","event_gameroom_trophy_thieves","event_icon_trophy_thieves",,,,,2,"Brawl_xmas_flag_win","Brawl_xmas_flag_lose","TID_CTF_GOAL","TID_CTF_GOAL","TID_CTF_GOAL_MATCH_OVER","TID_CTF_GOAL_MATCH_OVER",,,"Deathmatch_Victory_VO","Deathmatch_Defeat_VO",,,,,,,,6,"TID_GAME_MODE_16","TID_CTF_INTRO_TEXT",,"TID_OVERTIME","Announcer_overtime_vo","TID_EVENT_POPUP_GMV_LABEL_TEAM",,,"0xff2ef3e0","0xff00DA48",,"event_teamentry_ctf","panel_team_online_ctf",,,,6,,,,,,,,,,,,,,true,true,,,,true,,,true,,,,,,,,,,1,true,,,true,true,,,,true,true,true,true,,210,true,true,7,,2,,,,,,,,,,,,,,,,,,1,,"CaptureFlag",3,2,,10,8,,,,,,,,"player_info_cards","brawler_containers"
"KingOfHill",17,,"HotZone","TID_GAME_MODE_17","chat_letsplay_king_of_hill","event_gameroom_king_of_hill","event_icon_king_of_hill",,,,,100,,,,,,,,,,,,,,,,,,13,"TID_GAME_MODE_17","TID_KING_OF_HILL_INTRO_TEXT",,"TID_OVERTIME",,"TID_EVENT_POPUP_GMV_LABEL_TEAM",,,"0xffff4343","0xffE33B50","DefaultEnvironment","event_teamentry_king_of_hill","panel_team_online_king_of_hill",,,,3,true,,,,,,,,,,,,,,,,,,,,,true,,,,true,true,true,,,,1,true,,,true,true,true,true,true,,true,,,,180,,,5,,,,,"KingOfHillArea",,,1050,,,,,,,,,,,,1,true,,3,2,,10,8,,,,,,,,"player_info_cards","brawler_containers"
"BossFight_TownCrush",18,true,"Rampage","TID_GAME_MODE_18","chat_letsplay_rampage","event_gameroom_rampage","event_icon_rampage","sc/ui.sc","event_rampage_banner","sc/events.sc","event_rampage_banner_square",,,,,,,,,,,,,,,,,,,14,"TID_GAME_MODE_18","TID_RAID_BOSS_INTRO_TEXT",,"TID_OVERTIME",,"TID_EVENT_POPUP_GMV_LABEL_RAID_BOSS_TOWN_CRUSHER",,,"0xffff6847","0xffDC2423",,"event_teamentry_rampage","panel_team_online_rampage",,,,,,,,,,,,,,,,true,true,,,,,,true,true,true,,true,true,,,,,,,true,1,,true,,,,,,,,,,,,800,,,22,,1,,,,,,,,,true,true,true,true,true,"RaidBoss_TownCrush",,,,1,,,3,1,,10,8,,,,,,,,,
"ProtectKing",19,,"ProtectKing","TID_GAME_MODE_19","chat_letsplay_heist","event_gameroom_heist","event_icon_heist",,,,"event_heist_banner_square",,,,,,,,,,,,,,,,,,,3,"TID_GAME_MODE_19","TID_PROTECT_KING_INTRO_TEXT",,"TID_OVERTIME",,"TID_EVENT_POPUP_GMV_LABEL_TEAM",,,"0xffd852ff","0xff9A3DF3",,"event_teamentry_heist","panel_team_online_heist",,,,,,,,,,,,,,,,,,,,,,,,,,true,,,,true,,,,,,1,true,,,true,true,,,true,,,,,,,,,5,,,,,,,,,,,,,,,,,,,,1,,,3,2,,10,8,,,,,,,,,
"Knockout",20,,"Knockout","TID_GAME_MODE_20","chat_letsplay_knockout","event_gameroom_knockout","event_icon_knockout",,,"sc/events.sc","event_knockout_banner_square",2,,,,,,,,,,,,,,,,,,15,"TID_GAME_MODE_20","TID_KNOCKOUT_INTRO_TEXT",,"TID_OVERTIME",,"TID_EVENT_POPUP_GMV_LABEL_TEAM","KnockoutStart",,"0xfffd9b0e","0xffF7831C","DefaultEnvironment","event_teamentry_knockedout","panel_team_online_knockedout",,,,,,,,,,,,,,,,true,true,,,,,,,,,,,,,,,,,,,1,,,,true,true,,,,,,,,,800,,,-1,,,,,,,,,,,,,,,,,,,,3,true,,3,2,true,10,8,,,,,,,,"player_info_cards","brawler_containers"
"HoldTheBall",21,,"HoldTheBall","TID_GAME_MODE_21","chat_letsplay_holdthetrophy","event_gameroom_holdthetrophy","event_icon_holdthetrophy",,,"sc/events.sc","event_holdthetrophy_banner_square",100,,,,,,,,,,,,,,,,,,16,"TID_GAME_MODE_21","TID_HOLD_THE_BALL_INTRO_TEXT",,"TID_OVERTIME",,"TID_EVENT_POPUP_GMV_LABEL_TEAM",,,"0xfffd9b0e","0xffE337C1",,"event_teamentry_holdthetrophy","panel_team_online_holdthetrophy",,,,,,,,,,,,,,,,,,,,,,,true,,,true,,,,true,true,true,,,,1,true,,,true,true,,,true,,,true,false,,180,,,5,,1,,,,,,,,,,,,,,,,,,1,true,"HoldingBall",3,2,,10,8,,,,,,,,"player_info_cards","brawler_containers"
"BasketBrawl",22,,"BasketBrawl","TID_GAME_MODE_22","chat_letsplay_basketbrawl","event_gameroom_basketbrawl","event_icon_basketbrawl","sc/events.sc","event_basketball_banner","sc/events.sc","event_basketbrawl_banner_square",5,"Basketbrawl_goal","Basketbrawl_other_goal","TID_HOOP_GOAL","TID_HOOP_GOAL","TID_HOOP_GOAL_MATCH_OVER","TID_HOOP_GOAL_MATCH_OVER","Announcer_goal_vo","Announcer_goal_vo","Deathmatch_Victory_VO","Deathmatch_Defeat_VO",,,,,,,,17,"TID_GAME_MODE_22","TID_BASKET_BRAWL_INTRO_TEXT",,"TID_OVERTIME","Announcer_overtime_vo","TID_EVENT_POPUP_GMV_LABEL_TEAM",,,"0xff2fc4f9","0xff2FC4F9",,"event_teamentry_basketbrawl","panel_team_online_basketbrawl",,,,5,,,,,,,,,,,,,,true,true,,,,true,,,true,,,,,,,,,,1,true,,,true,true,,true,,true,true,true,false,,210,true,true,7,,1,true,,,,,,,,,,,,,,,,,1,,"BasketBall",3,2,,10,8,,,,,,,,"player_info_cards","brawler_containers"
"VolleyBrawl",23,,"VolleyBrawl","TID_GAME_MODE_23","chat_letsplay_volleybrawl","event_gameroom_volleybrawl","event_icon_volleybrawl",,,"sc/events.sc","event_volleybrawl_banner_square",2,"Volleybrawl_goal","Volleybrawl_other_goal","TID_TEAM_GOAL","TID_OPPONENT_GOAL","TID_TEAM_GOAL_MATCH_OVER","TID_OPPONENT_GOAL_MATCH_OVER","Announcer_goal_vo","Announcer_goal_vo","Deathmatch_Victory_VO","Deathmatch_Defeat_VO",,,,,,,,18,"TID_GAME_MODE_23","TID_VOLLEY_BRAWL_INTRO_TEXT",,"TID_OVERTIME",,"TID_EVENT_POPUP_GMV_LABEL_TEAM",,,"0xffc2ed00","0xffB8FB26",,"event_teamentry_volleybrawl","panel_team_online_volleybrawl",,,,4,,,,,,,,,,,,,,true,true,,,,true,,,true,,,,,,,,,,1,true,,,true,true,,true,,true,true,true,false,,210,,,7,true,1,true,,"VolleyBallTarget",,,300,,,,,,,,,,,,1,,"VolleyBall",3,2,,10,8,,,,,,,,"player_info_cards","brawler_containers"
"TagTeam",24,,"TagTeam","TID_GAME_MODE_24","chat_letsplay_tagteam","event_gameroom_tagteam","event_icon_tagteam",,,"sc/events.sc","event_tagteam_banner_square",3,,,,,,,,,,,,,,,,,,19,"TID_GAME_MODE_24","TID_TAG_TEAM_INTRO_TEXT",,"TID_OVERTIME",,"TID_EVENT_POPUP_GMV_LABEL_DUEL","TagTeamStart",,"0xffc2ed00","0xffB8FB26",,"event_teamentry_tagteam","panel_team_online_tagteam",,,,,,,,,,,,,,,,,,,,,,,,,,,,,,,,,,,true,3,,,,,true,,true,,,,,,,800,,,-1,,,,,,,,,,,,,,,true,,,,,5,true,,1,2,true,4,3,,,,,,,,"player_info_cards","brawler_containers"
"Deathmatch",25,,"Deathmatch","TID_GAME_MODE_25","chat_letsplay_teamdeathmatch","event_gameroom_teamdeathmatch","event_icon_teamdeathmatch",,,"sc/events.sc","event_teamdeathmatch_banner_square",10,,,,,,,,,"Deathmatch_Victory_VO","Deathmatch_Defeat_VO","Deathmatch_DoubleTD_VO","Announcer_tripletakedown_vo","Announcer_quadtakedown_vo","Deathmatch_TeamTD_VO","Deathmatch_FirstTD_VO","Deathmatch_FourTD_left_VO","Deathmatch_OneTD_left_VO",20,"TID_GAME_MODE_25","TID_DEATHMATCH_INTRO_TEXT",,"TID_OVERTIME",,"TID_EVENT_POPUP_GMV_LABEL_TEAM","DeathmatchStart",,"0xff24d6ff","0xff00CFFF",,"event_teamentry_teamdeathmatch","panel_team_online_teamdeathmatch",,,,,,,,,,,,,,,,,,,,,,,,,,true,,,,,,,,,,1,true,,,true,true,,true,,,true,,,,180,,,3,,,,,,,,,,,,,,,,,,,,1,true,,3,2,,10,8,,,,,,,,"player_info_cards","brawler_containers"
"Payload",26,true,"Payload","TID_GAME_MODE_26","chat_letsplay_payload","event_gameroom_payload","event_icon_payload",,,"sc/events.sc","event_payload_banner_square",100,,,,,,,,,,,,,,,,,,21,"TID_GAME_MODE_26","TID_PAYLOAD_INTRO_TEXT",,"TID_OVERTIME_PAYLOAD","Announcer_overtime_vo","TID_EVENT_POPUP_GMV_LABEL_TEAM","PayloadStart",,"0xffff4343","0xffE33B50",,"event_teamentry_payload","panel_team_online_payload",,,,,,,,,,,,,,,,,,,,,,,,,,true,,,,true,true,true,,,,1,true,,,true,true,,true,true,,,,,,210,true,,7,,2,,,"PayloadMoveArea",,,900,,,,,,,,,,,,1,true,,3,2,,10,8,,,,,,,,"player_info_cards","brawler_containers"
"Invasion",27,,"Invasion","TID_GAME_MODE_27","chat_letsplay_invasion","event_gameroom_invasion","event_icon_invasion",,,"sc/events.sc","event_invasion_banner_square",8,,,,,,,,,,,,,,,,,,22,"TID_GAME_MODE_27","TID_INVASION_INTRO_TEXT",,"TID_OVERTIME",,"TID_EVENT_POPUP_GMV_LABEL_TEAM","InvasionStart",,"0xffff4343","0xffE33B50",,"event_teamentry_invasion","panel_team_online_invasion",,,,,,,,,,,,true,3,,,,,,,,,,true,,,true,,,,,,,,,,1,true,,,true,true,,true,,,,,,,180,,,5,,,,"InvasionToken",,"InvasionToken",,,,,,,,,,,,,,1,true,,3,2,,10,8,,,,,,,,,
"DeathmatchFFA",28,,"DeathmatchFFA","TID_GAME_MODE_28","chat_letsplay_wipeoutmax","event_gameroom_wipeoutmax","event_icon_wipeoutmax",,,"sc/events.sc","event_wipeoutmax_banner_square",6,,,,,,,,,"Deathmatch_Victory_VO","Deathmatch_Defeat_VO","Deathmatch_DoubleTD_VO","Announcer_tripletakedown_vo","Announcer_quadtakedown_vo","Deathmatch_TeamTD_VO","Deathmatch_FirstTD_VO","Deathmatch_FourTD_left_VO","Deathmatch_OneTD_left_VO",23,"TID_GAME_MODE_28","TID_DEATHMATCH_FFA_INTRO_TEXT",,"TID_OVERTIME",,"TID_EVENT_POPUP_GMV_LABEL_ALL_VS_ALL","DeathmatchFFAStart",,"0xfffd9b0e","0xffE337C1",,"event_teamentry_wipeoutmax","panel_team_online_wipeoutmax",,,,,,,,,,,,,,true,,,,,,,true,,true,,,true,,,,,,,,true,true,1,true,,true,,,,,,,true,,,,180,,,3,,,,,,,,,,,,,,,true,,,,,1,,,1,10,,20,16,,,,,,,,"player_info_cards","brawler_containers"
"LastStand",29,true,"LastStand","TID_GAME_MODE_29","chat_letsplay_laststand","event_gameroom_laststand","event_icon_laststand",,,"sc/events.sc","event_laststand_banner_square",,,,,,,,,,,,,,,,,,,24,"TID_GAME_MODE_29","TID_GAME_MODE_29_INTRO_TEXT",,"TID_OVERTIME",,"TID_EVENT_POPUP_GMV_LABEL_COOP_SURVIVAL","CoopStart",,"0xffff6847","0xffDC2423",,"event_teamentry_laststand","panel_team_online_laststand",,,,,,,,,,,,,,true,,true,true,,,,,,true,,true,true,true,true,,,,,,,,1,true,,,,,,,true,,,,,,120,,,10,,,,,,,,,,,true,,true,true,,,,,,1,,,3,1,,8,8,,,,,,,,,
"ReachExit",30,true,"ReachExit","TID_GAME_MODE_29","chat_letsplay_laststand","event_gameroom_invasion","event_icon_invasion",,,"sc/events.sc","event_invasion_banner_square",,,,,,,,,,,,,,,,,,,25,"TID_GAME_MODE_29","TID_GAME_MODE_29_INTRO_TEXT",,"TID_OVERTIME",,"TID_EVENT_POPUP_GMV_LABEL_COOP_SURVIVAL","CoopStart",,"0xffff6847","0xffDC2423",,"event_teamentry_invasion","panel_team_online_invasion",,,,,,,,,,,,,,true,,true,true,,,,,,,,true,true,,,,,,,,,,1,true,,,,,,,,,,,,,180,,,5,,,,,,,,,,,,,,,,,,,,1,,,3,1,,10,,,,,,,,,,
"Deathmatch5v5",31,,"Deathmatch5v5","TID_GAME_MODE_31","chat_letsplay_teamdeathmatch_5v5","event_gameroom_teamdeathmatch_5v5","event_icon_teamdeathmatch_5v5",,,,"event_gameroom_teamdeathmatch_5v5_square",20,,,,,,,,,"Deathmatch_Victory_VO","Deathmatch_Defeat_VO","Deathmatch_DoubleTD_VO","Announcer_tripletakedown_vo","Announcer_quadtakedown_vo","Deathmatch_TeamTD_VO","Deathmatch_FirstTD_VO","Deathmatch_FourTD_left_VO","Deathmatch_OneTD_left_VO",20,"TID_GAME_MODE_31","TID_DEATHMATCH_INTRO_TEXT",,"TID_OVERTIME",,"TID_EVENT_POPUP_GMV_LABEL_5V5",,,"0xff24d6ff","0xff00CFFF",,"event_teamentry_teamdeathmatch_5v5","panel_team_online_teamdeathmatch_5v5",,,,,,,,,,,,,,true,,,,,,,,,,,,true,,,,,,,,,,1,true,,,true,true,,true,,,true,,,,180,,,3,,,,,,,,,,,,,,,,,,,,1,true,,5,2,,20,16,,,,,,,,"player_info_cards_5v5","brawler_containers_5v5"
"BrawlBall5v5",32,,"BrawlBall5v5","TID_GAME_MODE_32","chat_letsplay_brawlball_5v5","event_gameroom_brawlball_5v5","event_icon_brawlball_5v5",,,,"event_gameroom_brawlball_5v5_square",2,"Brawlbawl_goal","Brawlbawl_other_goal","TID_GOAL","TID_GOAL","TID_GOAL_MATCH_OVER","TID_GOAL_MATCH_OVER","Announcer_goal_vo","Announcer_goal_vo","Deathmatch_Victory_VO","Deathmatch_Defeat_VO",,,,,,,,5,"TID_GAME_MODE_32","TID_LASER_BALL_INTRO_TEXT",,"TID_OVERTIME","Announcer_overtime_vo","TID_EVENT_POPUP_GMV_LABEL_5V5",,,"0xff9ab1fd","0xff8CA0E0",,"event_teamentry_brawlball_5v5","panel_team_online_brawlball_5v5",,,,1,,,,,,,,,,true,,,,true,true,,,,true,,,true,,,,,,,,,,1,true,,,true,true,,true,,true,true,true,false,true,210,true,true,7,true,1,true,,,,,,,,,,,,,,,,,1,,"MultiLaserBall",5,2,,20,16,,,,,,,,"player_info_cards_5v5","brawler_containers_5v5"
"GemGrab5v5",33,,"GemGrab5v5","TID_GAME_MODE_33","chat_letsplay_gemgrab_5v5","event_gameroom_gemgrab_5v5","event_icon_gemgrab_5v5",,,,"event_gameroom_gemgrab_5v5_square",,,,,,,,,,,,,,,,,,,1,"TID_GAME_MODE_33","TID_COIN_RUSH_INTRO_TEXT","TID_GEMGRAB_DOUBLE_MINE_INTRO_TEXT","TID_OVERTIME",,"TID_EVENT_POPUP_GMV_LABEL_5V5",,,"0xffd852ff","0xff9A3DF3",,"event_teamentry_gemgrab_5v5","panel_team_online_gemgrab_5v5",,,,,,,,,,,,,,true,,,,,,,,,,,,true,,,,,,,,,,1,true,,,true,true,,,,,,,,,210,,,5,,1,,"Point",,"Point",,,,,,,,,,,,,,1,,,5,2,,20,16,true,,,,,,,"player_info_cards_5v5","brawler_containers_5v5"
"Extraction",34,,"Extraction","TID_GAME_MODE_34","chat_letsplay_extraction","event_gameroom_extraction","event_icon_extraction",,,,"event_gameroom_extraction_square",,,,,,,,,,,,,,,,,,,28,"TID_GAME_MODE_34","TID_EXTRACTION_INTRO_TEXT",,"TID_OVERTIME",,"TID_EVENT_POPUP_GMV_LABEL_EXTRACTION",,,"0xff91e136","0xff81D621",,"event_teamentry_extraction","panel_team_online_extraction",,,,,,,,,,,,,,true,true,true,,,,true,,true,true,,,true,,,,,,,,,true,1,true,,true,,,,,,,,,,,180,,,-1,,1,,"ExtractionPoint",,"ExtractionPoint","BattleRoyaleBuff",,,,,,,,true,,,,,1,,,1,10,,25,20,true,,,,,,,,
"Knockout5v5",35,,"Knockout5v5","TID_GAME_MODE_35","chat_letsplay_knockout_5v5","event_gameroom_knockout_5v5","event_icon_knockout_5v5",,,,"event_gameroom_knockout_5v5_square",2,,,,,,,,,,,,,,,,,,15,"TID_GAME_MODE_35","TID_KNOCKOUT_INTRO_TEXT",,"TID_OVERTIME",,"TID_EVENT_POPUP_GMV_LABEL_5V5","KnockoutStart",,"0xfffd9b0e","0xffF7831C",,"event_teamentry_knockout_5v5","panel_team_online_knockout_5v5",,,,,,,,80,,,,,,true,,true,true,,,,,,,,,,,,,,,,,,,1,,,,true,true,,,,,,,,,800,,,-1,,,,,,,,,,,,,,,,,,,,3,true,,5,2,true,20,16,,,,,,,,"player_info_cards_5v5","brawler_containers_5v5"
"Godzilla_TownCrush",36,true,"GodzillaRampage","TID_GAME_MODE_36","chat_letsplay_collab","event_gameroom_collab","event_icon_collab",,,"sc/ui.sc","collab_category_event_item",,,,,,,,,,,,,,,,,,,14,"TID_GAME_MODE_36","TID_GODZILLA_INTRO_TEXT",,"TID_OVERTIME",,"TID_EVENT_POPUP_GMV_LABEL_TEAM","TownCrusherStart",,"0xffff6847","0xffDC2423",,"event_teamentry_collab","panel_team_online_collab",,,,,,,,,,,,,,true,,,,,,,,,true,,,true,,,,,,,,,,1,true,,,true,true,,,,,,,,,180,,,7,,,,,,"GodzillaTransform",,,true,,,,,,,,,,,1,,,3,2,,12,10,,,,,,,,,
"PaintBall",37,,"PaintBall","TID_GAME_MODE_37","chat_letsplay_paintball","event_gameroom_paintball","event_icon_paintball",,,"sc/events.sc","event_paintball_banner_square",60,"Brawlbawl_goal","Brawlbawl_other_goal",,,"TID_VICTORY_MATCH_OVER","TID_LOSS_MATCH_OVER",,,"Deathmatch_Victory_VO","Deathmatch_Defeat_VO",,,,,,,,27,"TID_GAME_MODE_37","TID_PAINT_BALL_INTRO_TEXT",,"TID_OVERTIME","Announcer_overtime_vo","TID_EVENT_POPUP_GMV_LABEL_TEAM",,,"0xff9ab1fd","0xff8CA0E0",,"event_teamentry_paintball","panel_team_online_paintball",,,,,,,,,,,,,,,,,,,,,,,true,,,true,,,,true,,true,,,,1,true,,,true,true,,true,true,,true,true,false,,180,,,7,true,1,,,,,,,,,,,,,,,,,,1,,"PaintBall",3,2,,15,12,,,,,,,,"player_info_cards","brawler_containers"
"TrioShowdown",38,,"Trio SD","TID_GAME_MODE_38","chat_letsplay_triosurvival","event_gameroom_triosurvival","event_icon_triosurvival",,,,,,,,,,,,,,,,,,,,,,,,"TID_GAME_MODE_38","TID_BATTLE_ROYALE_TEAM_INTRO_TEXT",,"TID_OVERTIME",,"TID_EVENT_POPUP_GMV_LABEL_BATTLE_ROYALE_TEAM",,,"0xff91e136","0xff81D621",,"event_teamentry_triosurvival","panel_team_online_triosurvival",,,,,,,,,,true,2,,,true,,true,true,,,true,true,true,true,,,,,,,,,,,,,1,,true,true,,,,,,,,,,,800,,,17,,,,"BattleRoyaleBuff",,,,,,,,,,,,,,,,1,,,3,4,true,25,20,,,,,,,,"player_info_cards_trioshowdown","brawler_containers_trioshowdown"
"GunGame",39,true,"GunGame","TID_GAME_MODE_39","chat_letsplay_drumroll","event_gameroom_drumroll","event_icon_drumroll",,,"sc/ui.sc","event_gameroom_drumroll_square",,,,,,,,,,"Deathmatch_Victory_VO",,"Deathmatch_DoubleTD_VO","Announcer_tripletakedown_vo","Announcer_quadtakedown_vo","Deathmatch_TeamTD_VO","Deathmatch_FirstTD_VO","Deathmatch_FourTD_left_VO","Deathmatch_OneTD_left_VO",,"TID_GAME_MODE_39","TID_GUN_GAME_INTRO_TEXT",,"TID_OVERTIME",,"TID_EVENT_POPUP_GMV_LABEL_GUN_GAME",,,"0xff91e136","0xff81D621",,"event_teamentry_drumroll","panel_team_online_drumroll",,,,,,,,,,,,,,true,,,,,,,,,true,,,true,,,,,,,,true,true,1,true,,true,,,,true,,,true,,,,210,,,7,,,,,,,,,,,,,,true,true,,,,,1,,,1,10,,15,12,,true,true,true,,,,,
"KillConfirmed",40,,"KillConfirmed","TID_GAME_MODE_40","chat_letsplay_killconfirm","event_gameroom_killconfirm","event_icon_killconfirm",,,,,6,,,,,,,,,"Deathmatch_Victory_VO","Deathmatch_Defeat_VO",,,,,,,,5,"TID_GAME_MODE_40","TID_KILL_CONFIRMED_INTRO_TEXT",,"TID_OVERTIME",,"TID_EVENT_POPUP_GMV_LABEL_TEAM",,,"0xff24d6ff","0xff00CFFF",,"event_teamentry_killconfirm","panel_team_online_killconfirm",,,,8,,,,,,,,,,,,,,,,,,,,,,true,,,,,,,,,,1,true,,,true,true,,true,,,true,,,,180,,,3,,,,"DogTag",,"DogTag",,,true,,,,,true,,,,,,1,true,,3,2,,10,8,,,,,,,,,
"JellyCatch",41,,"JellyCatch","TID_GAME_MODE_41","chat_letsplay_cleaningduty","event_gameroom_cleaningduty","event_icon_cleaningduty",,,"sc/events.sc","event_cleaningduty_banner_square",20,,,"TID_JELLY_CATCH_BLUE_X_LEFT","TID_JELLY_CATCH_RED_X_LEFT","TID_VICTORY_MATCH_OVER","TID_LOSS_MATCH_OVER",,,"Deathmatch_Victory_VO","Deathmatch_Defeat_VO",,,,,,,,27,"TID_GAME_MODE_41","TID_JELLY_CATCH_INTRO_TEXT",,"TID_OVERTIME",,"TID_EVENT_POPUP_GMV_LABEL_TEAM",,,"0xff24d6ff","0xff00CFFF",,"event_teamentry_catch","panel_team_online_catch",,,,7,,,,,,,,,7,,,,,,,,,,,,,true,,,,,,,,,,1,true,,,true,true,,true,,,true,,,,,,,5,,,,"Cash",,"Cash",,,,,,,,true,,,,,,1,,,3,2,,10,8,true,,,,,,,,
"ShowdownLimbo",42,true,"ShowdownLimbo","TID_GAME_MODE_42","chat_letsplay_survival_limbo","event_gameroom_survival_limbo","event_icon_survival_limbo",,,,,,,,,,,,,,,,,,,,,,,,"TID_GAME_MODE_42","TID_BATTLE_ROYALE_INTRO_TEXT",,"TID_OVERTIME",,"TID_EVENT_POPUP_GMV_LABEL_BATTLE_ROYALE","BRStart",,"0xff91e136","0xff81D621",,"event_teamentry_survival_limbo","panel_team_online_survival_limbo",,,,,,,,,,true,5,,,true,true,true,,,,true,true,true,,,,,,,,,,,,,true,1,,,true,,,,,,,,,,,800,,,-1,,,,"BattleRoyaleBuff",,,,,,,,,,,true,,,,,1,,,1,10,true,16,10,,,,,,,,,
"KnockoutLimbo",43,true,"KnockoutLimbo","TID_GAME_MODE_43","chat_letsplay_knockout_limbo","event_gameroom_knockout_limbo","event_icon_knockout_limbo",,,,,2,,,,,,,,,,,,,,,,,,,"TID_GAME_MODE_43","TID_KNOCKOUT_INTRO_TEXT",,"TID_OVERTIME",,"TID_EVENT_POPUP_GMV_LABEL_TEAM","KnockoutStart",,"0xfffd9b0e","0xffF7831C",,"event_teamentry_knockout_limbo","panel_team_online_knockout_limbo",,,,,,,,,,,,,,,,true,true,,,,,,,,,,,,,,,,,,,1,,,,true,true,,,,,,,,,800,,,-1,,,,,,,,,,,,,,,,,,,,3,true,,3,2,true,10,8,,,,,,,,,
"TrioShowdownLimbo",44,true,"Trio SD Limbo","TID_GAME_MODE_38","chat_letsplay_triosurvival_limbo","event_gameroom_triosurvival_limbo","event_icon_triosurvival_limbo",,,,,,,,,,,,,,,,,,,,,,,,"TID_GAME_MODE_38","TID_BATTLE_ROYALE_TEAM_INTRO_TEXT",,"TID_OVERTIME",,"TID_EVENT_POPUP_GMV_LABEL_BATTLE_ROYALE_TEAM",,,"0xff91e136","0xff81D621",,"event_teamentry_triosurvival_limbo","panel_team_online_triosurvival_limbo",,,,,,,,,,true,2,,,true,,true,true,,,true,true,true,true,,,,,,,,,,,,,1,,true,true,,,,,,,,,,,800,,,17,,,,"BattleRoyaleBuff",,,,,,,,,,,,,,,,1,,,3,4,true,25,20,,,,,,,,,
"AirHockey",45,,"AirHockey","TID_GAME_MODE_45","chat_letsplay_air_hockey","event_gameroom_air_hockey","event_icon_air_hockey",,,,,3,"Brawlbawl_goal","Brawlbawl_other_goal","TID_GOAL","TID_GOAL","TID_GOAL_MATCH_OVER","TID_GOAL_MATCH_OVER","Announcer_goal_vo","Announcer_goal_vo","Deathmatch_Victory_VO","Deathmatch_Defeat_VO",,,,,,,,26,"TID_GAME_MODE_45","TID_AIR_HOCKEY_INTRO_TEXT",,"TID_OVERTIME","Announcer_overtime_vo","TID_EVENT_POPUP_GMV_LABEL_TEAM",,,"0xff9ab1fd","0xff8CA0E0",,"event_teamentry_air_hockey","panel_team_online_air_hockey",,,,9,,,,,,,,,,,,,,true,true,,,,true,,,true,,,,,,,,,,1,true,,,true,true,,true,,true,true,true,false,,210,true,true,5,true,1,true,,,,,,,,,,,,,,,,,1,,"AirDisc",3,2,,12,10,,,,,,,,"player_info_cards","brawler_containers"
"GemGrab2v2",46,,"GemGrab2v2","TID_GAME_MODE_46","chat_letsplay_gemgrab_2v2","event_gameroom_gemgrab_2v2","event_icon_gemgrab_2v2",,,,,,,,,,,,,,,,,,,,,,,,"TID_GAME_MODE_46","TID_COIN_RUSH_INTRO_TEXT","TID_GEMGRAB_DOUBLE_MINE_INTRO_TEXT","TID_OVERTIME",,"TID_EVENT_POPUP_GMV_LABEL_2V2",,,"0xffd852ff","0xff9A3DF3",,"event_teamentry_gemgrab_2v2","panel_team_online_gemgrab_2v2",,,,,,,,,,,,,,,,,,,,,,,,,,true,,,,,,,,,,1,true,,,true,true,,,,,,,,,210,,,5,,1,,"Point",,"Point",,,,,,,,true,,,,,,1,,,2,2,,8,7,true,,,,,,,"player_info_cards_2v2","brawler_containers_2v2"
"PayloadSingle",47,true,"PayloadSingle","TID_GAME_MODE_47","chat_letsplay_payload_single","event_gameroom_payload_single","event_icon_payload_single",,,,,100,,,,,,,,,,,,,,,,,,21,"TID_GAME_MODE_47","TID_GAME_MODE_47_INTRO_TEXT",,"TID_OVERTIME_PAYLOAD_SINGLE","Announcer_overtime_vo","TID_EVENT_POPUP_GMV_LABEL_TEAM",,,"0xffff4343","0xffE33B50",,"event_teamentry_payload_single","panel_team_online_payload_single",,,,,,,,,,,,,,,,,,,,,,,,,,true,,,,,,,,,,1,true,,,true,true,,true,true,,,,,,210,true,,7,,,,,"PayloadSingleMoveArea",,,900,,,,,,,,,,,,1,true,,3,2,,10,8,,,,,,,,"player_info_cards","brawler_containers"
"Arena",48,,"Arena","TID_GAME_MODE_48","chat_letsplay_arena","event_gameroom_arena","event_icon_arena",,,"sc/events.sc","event_arena_banner_square",,,,,,,,,,,,"Deathmatch_DoubleTD_VO","Announcer_tripletakedown_vo","Announcer_quadtakedown_vo",,,,,7,"TID_GAME_MODE_48","TID_ARENA_INTRO_TEXT",,"TID_OVERTIME",,"TID_EVENT_POPUP_GMV_LABEL_TEAM",,,"0xff24d6ff","0xff24d6ff",,"event_teamentry_arena","panel_team_online_arena","emoji_moba_left","emoji_moba_center","emoji_moba_right",,true,10000,,,,,,,,true,,true,true,,,,,,true,,,true,,,,,,,true,,,1,true,,,true,true,,true,true,,,,,,480,,,7,,9,,,,,,,,true,,,,,,,,,,1,,,3,2,,30,25,,,,,200,150,,"player_info_cards","brawler_containers"
"BrawlBall2v2",49,,"BrawlBall2v2","TID_GAME_MODE_49","chat_letsplay_brawlball_2v2","event_gameroom_brawlball_2v2","event_icon_brawlball_2v2",,,,,2,"Brawlbawl_goal","Brawlbawl_other_goal","TID_GOAL","TID_GOAL","TID_GOAL_MATCH_OVER","TID_GOAL_MATCH_OVER","Announcer_goal_vo","Announcer_goal_vo","Deathmatch_Victory_VO","Deathmatch_Defeat_VO",,,,,,,,,"TID_GAME_MODE_49","TID_LASER_BALL_INTRO_TEXT",,"TID_OVERTIME","Announcer_overtime_vo","TID_EVENT_POPUP_GMV_LABEL_2V2",,,"0xff9ab1fd","0xff8CA0E0",,"event_teamentry_brawlball_2v2","panel_team_online_brawlball_2v2",,,,1,,,,,,,,,,,,,,true,true,,,,true,,,true,,,,,,,,,,1,true,,,true,true,,true,,true,true,true,false,,210,true,true,7,true,1,true,,,,,,,,,,,true,,,,,,1,,"LaserBall",2,2,,8,7,,,,,,,,"player_info_cards_2v2","brawler_containers_2v2"
"Knockout2v2",50,,"Knockout2v2","TID_GAME_MODE_50","chat_letsplay_knockout_2v2","event_gameroom_knockout_2v2","event_icon_knockout_2v2",,,,,2,,,,,,,,,,,,,,,,,,,"TID_GAME_MODE_50","TID_KNOCKOUT_INTRO_TEXT",,"TID_OVERTIME",,"TID_EVENT_POPUP_GMV_LABEL_2V2",,,"0xfffd9b0e","0xffF7831C",,"event_teamentry_knockedout_2v2","panel_team_online_knockedout_2v2",,,,,,,,,,,,,,,,true,true,,,,,,,,,,,,,,,,,,,1,,,,true,true,,,,,,,,,800,,,-1,,,,,,,,,,,,,,true,,,,,,3,true,,2,2,true,8,7,,,,,,,,"player_info_cards_2v2","brawler_containers_2v2"
"KingOfHill2v2",51,,"HotZone2v2","TID_GAME_MODE_51","chat_letsplay_king_of_hill_2v2","event_gameroom_king_of_hill_2v2","event_icon_king_of_hill_2v2",,,,,100,,,,,,,,,,,,,,,,,,,"TID_GAME_MODE_51","TID_KING_OF_HILL_INTRO_TEXT",,"TID_OVERTIME",,"TID_EVENT_POPUP_GMV_LABEL_2V2",,,"0xffff4343","0xffE33B50",,"event_teamentry_king_of_hill_2v2","panel_team_online_king_of_hill_2v2",,,,3,,,,,,,,,,,,,,,,,,,,,,true,,,,true,true,true,,,,1,true,,,true,true,true,true,true,,true,,,,180,,,5,,,,,"KingOfHillArea",,,1050,,,,,,true,,,,,,1,true,,2,2,,8,7,,,,,,,,"player_info_cards_2v2","brawler_containers_2v2"
"BasketBrawl2v2",52,,"BasketBrawl2v2","TID_GAME_MODE_52","chat_letsplay_basketbrawl_2v2","event_gameroom_basketbrawl_2v2","event_icon_basketbrawl_2v2","sc/events.sc","event_basketball_banner",,,5,"Basketbrawl_goal","Basketbrawl_other_goal","TID_HOOP_GOAL","TID_HOOP_GOAL","TID_HOOP_GOAL_MATCH_OVER","TID_HOOP_GOAL_MATCH_OVER","Announcer_goal_vo","Announcer_goal_vo","Deathmatch_Victory_VO","Deathmatch_Defeat_VO",,,,,,,,,"TID_GAME_MODE_52","TID_BASKET_BRAWL_INTRO_TEXT",,"TID_OVERTIME","Announcer_overtime_vo","TID_EVENT_POPUP_GMV_LABEL_2V2",,,"0xff2fc4f9","0xff2FC4F9",,"event_teamentry_basketbrawl_2v2","panel_team_online_basketbrawl_2v2",,,,5,,,,,,,,,,,,,,true,true,,,,true,,,true,,,,,,,,,,1,true,,,true,true,,true,,true,true,true,false,,210,true,true,7,,1,true,,,,,,,,,,,true,,,,,,1,,"BasketBall",2,2,,8,7,,,,,,,,"player_info_cards_2v2","brawler_containers_2v2"
"AirHockey2v2",53,,"AirHockey2v2","TID_GAME_MODE_53","chat_letsplay_air_hockey_2v2","event_gameroom_air_hockey_2v2","event_icon_air_hockey_2v2",,,,,3,"Brawlbawl_goal","Brawlbawl_other_goal","TID_GOAL","TID_GOAL","TID_GOAL_MATCH_OVER","TID_GOAL_MATCH_OVER","Announcer_goal_vo","Announcer_goal_vo","Deathmatch_Victory_VO","Deathmatch_Defeat_VO",,,,,,,,,"TID_GAME_MODE_53","TID_AIR_HOCKEY_INTRO_TEXT",,"TID_OVERTIME","Announcer_overtime_vo","TID_EVENT_POPUP_GMV_LABEL_2V2",,,"0xff9ab1fd","0xff8CA0E0",,"event_teamentry_air_hockey_2v2","panel_team_online_air_hockey_2v2",,,,9,,,,,,,,,,,,,,true,true,,,,true,,,true,,,,,,,,,,1,true,,,true,true,,true,,true,true,true,false,,210,true,true,5,true,1,true,,,,,,,,,,,true,,,,,,1,,"AirDisc",2,2,,8,7,,,,,,,,"player_info_cards_2v2","brawler_containers_2v2"
"PayloadSingle2v2",54,true,"PayloadSingle2v2","TID_GAME_MODE_54","chat_letsplay_payload_single_2v2","event_gameroom_payload_single_2v2","event_icon_payload_single_2v2",,,,,100,,,,,,,,,,,,,,,,,,,"TID_GAME_MODE_54","TID_GAME_MODE_47_INTRO_TEXT",,"TID_OVERTIME_PAYLOAD_SINGLE","Announcer_overtime_vo","TID_EVENT_POPUP_GMV_LABEL_2V2",,,"0xffff4343","0xffE33B50",,"event_teamentry_payload_single_2v2","panel_team_online_payload_single_2v2",,,,,,,,,,,,,,,,,,,,,,,,,,true,,,,,,,,,,1,true,,,true,true,,true,true,,,,,,210,true,,7,,,,,"PayloadSingleMoveArea",,,900,,,,,,true,,,,,,1,true,,2,2,,8,7,,,,,,,,"player_info_cards_2v2","brawler_containers_2v2"
"UNO",55,true,"UNO","TID_GAME_MODE_55","chat_letsplay_uno","event_gameroom_uno","event_icon_uno",,,"sc/events.sc","event_uno_banner_square",7,"Brawlbawl_goal","Brawlbawl_other_goal",,,"TID_VICTORY_MATCH_OVER","TID_LOSS_MATCH_OVER",,,"Deathmatch_Victory_VO","Deathmatch_Defeat_VO","Token_Action_Draw_Two","Token_Action_Skip","Token_Action_Reverse",,,,"Token_One_Left_VO",,"TID_GAME_MODE_55","TID_UNO_INTRO_TEXT",,"TID_OVERTIME","Announcer_overtime_vo","TID_EVENT_POPUP_GMV_LABEL_TEAM",,,"0xff2ef3e0","0xff00DA48",,"event_teamentry_ctf","panel_team_online_ctf",,,,,,,,,,,,,,,,,,,,,,,true,,,true,,,,,,,,,,1,true,,,true,true,,,,true,true,true,false,,210,true,true,7,,1,,,,,,,,,,,,true,,,,,,1,,"UNOCard",3,2,,10,8,,,,,,,,"player_info_cards","brawler_containers"
"TreasureHunt",56,true,"TreasureHunt","TID_GAME_MODE_56","chat_letsplay_treasurehunt","event_gameroom_treasurehunt","event_icon_treasurehunt",,,"sc/events.sc","event_treasurehunt_banner_square",10,,,,,,,,,"Deathmatch_Victory_VO","Deathmatch_Defeat_VO",,,,,,,,,"TID_GAME_MODE_56","TID_TREASURE_HUNT_INTRO_TEXT",,"TID_OVERTIME",,"TID_EVENT_POPUP_GMV_LABEL_TEAM",,,"0xff24d6ff","0xff9A3DF3","MineEnvironment","event_teamentry_gemgrab","panel_team_online_gemgrab",,,,,,,,,,,,,,,,,,,,,,,,,,true,,,,,,,,,,1,true,,,true,true,,,,,true,,,,180,,,5,,1,,,,"TreasureSpawner","Treasure",,,,,,,true,,,,,,1,,,3,2,,10,8,,,,,,,,"player_info_cards","brawler_containers"
"AirHockey5v5",57,,"AirHockey5v5","TID_GAME_MODE_57","chat_letsplay_air_hockey_5v5","event_gameroom_air_hockey_5v5","event_icon_air_hockey_5v5",,,,"event_gameroom_air_hockey_5v5_square",3,"Brawlbawl_goal","Brawlbawl_other_goal","TID_GOAL","TID_GOAL","TID_GOAL_MATCH_OVER","TID_GOAL_MATCH_OVER","Announcer_goal_vo","Announcer_goal_vo","Deathmatch_Victory_VO","Deathmatch_Defeat_VO",,,,,,,,28,"TID_GAME_MODE_57","TID_AIR_HOCKEY_INTRO_TEXT",,"TID_OVERTIME","Announcer_overtime_vo","TID_EVENT_POPUP_GMV_LABEL_5V5",,,"0xff9ab1fd","0xff8CA0E0",,"event_teamentry_air_hockey_5v5","panel_team_online_air_hockey_5v5",,,,9,,,,,,,,,,true,,,,true,true,,,,true,,,true,,,,,,,,,,1,true,,,true,true,,true,,true,true,true,false,true,210,true,true,7,true,1,true,,,,,,,,,,,,,,,,,1,,"AirDisc",5,2,,20,16,,,,,,,,"player_info_cards_5v5","brawler_containers_5v5"
"KingHunt",58,true,"KingHunt","TID_GAME_MODE_59","chat_letsplay_teamdeathmatch","event_gameroom_teamdeathmatch","event_icon_teamdeathmatch",,,,,3,,,,,,,,,"Deathmatch_Victory_VO","Deathmatch_Defeat_VO",,,,,"Deathmatch_FirstTD_VO","Deathmatch_FourTD_left_VO","Deathmatch_OneTD_left_VO",30,"TID_GAME_MODE_59","TID_KINGHUNT_INTRO_TEXT",,"TID_OVERTIME",,"TID_EVENT_POPUP_GMV_LABEL_TEAM",,,"0xff24d6ff","0xff00CFFF",,"event_teamentry_king_hunt","panel_team_online_king_hunt",,,,,,,,,,,,,,,,,,,,,,,,,,true,,,,,,,,,,1,true,,,true,true,,true,,,true,,,,180,,,3,,,,,,,,,,,,,,true,,,,,,1,true,,3,2,,10,8,,,,,,,,,
"KingHuntShowdown",59,true,"KingHunt SD","TID_GAME_MODE_59","chat_letsplay_triosurvival","event_gameroom_triosurvival","event_icon_triosurvival",,,,,,,,,,,,,,,,,,,,,,,31,"TID_GAME_MODE_59","TID_KINGHUNT_INTRO_TEXT",,"TID_OVERTIME",,"TID_EVENT_POPUP_GMV_LABEL_BATTLE_ROYALE_TEAM",,,"0xff91e136","0xff81D621",,"event_teamentry_triosurvival","panel_team_online_triosurvival",,,,,,,,,,true,,,,true,,true,true,,,true,true,,true,,,,,,,,,,,,,1,,true,true,,,,,,,,,,,800,,,10,,1,,"BattleRoyaleBuff",,,,,,,,,,true,true,,,,,1,,,3,4,true,25,20,,,,,,,,,
"SamuraiSmash",60,true,"SamuraiSmash","TID_GAME_MODE_60","chat_letsplay_samuraismash","event_gameroom_samuraismash","event_icon_samuraismash_small",,,"sc/ui.sc","event_gameroom_samuraismash_square",60,,,,,"TID_VICTORY_MATCH_OVER","TID_LOSS_MATCH_OVER",,,"Deathmatch_Victory_VO","Deathmatch_Defeat_VO",,,,,,,,23,"TID_GAME_MODE_60","TID_SAMURAI_SMASH_INTRO_TEXT",,"TID_OVERTIME",,"TID_EVENT_POPUP_GMV_LABEL_TEAM",,,"0xfffd9b0e","0xffE337C1",,"event_teamentry_wipeoutmax","panel_team_online_wipeoutmax",,,,10,,,,,,,,,,true,,,,,,,,,true,true,,true,,,,,,,,,,1,true,,true,true,,,,,,,,,,210,,,5,,,,,,"SamuraiPoint",,,true,,,,,true,,,,,,1,,,3,2,,20,16,,,,,,,,"player_info_cards","brawler_containers"
"MegaBoss",61,true,"MegaBoss","TID_GAME_MODE_61","chat_letsplay_megaboss","event_gameroom_megaboss","event_icon_bossmode",,,"sc/ui.sc","event_gameroom_megaboss_square",,,,,,,,,,,,,,,,,,,12,"TID_GAME_MODE_61","TID_MEGA_BOSS_INTRO_TEXT",,"TID_OVERTIME",,"TID_EVENT_POPUP_GMV_LABEL_MEGA_BOSS",,,"0xff7FFB50","0xffDC2423",,"event_teamentry_raid","panel_team_online_raid",,,,,,,,,,,,,,true,,true,true,,,,,,true,true,true,true,true,true,,,,,,,,1,true,true,,,,,,,,,,,,300,,,22,,1,,,,,,,,,true,true,true,true,,"MegaBossSTVec","MegaBossSTDg",,,1,,,3,1,,10,8,,,,,,,,"player_info_cards","brawler_containers"
"SamuraiSmash5v5",62,true,"SamuraiSmash5v5","TID_GAME_MODE_60","chat_letsplay_samuraismash_5v5","event_gameroom_samuraismash_5v5","event_icon_samuraismash_small_5v5",,,"sc/ui.sc","event_gameroom_samuraismash_square",100,,,,,"TID_VICTORY_MATCH_OVER","TID_LOSS_MATCH_OVER",,,"Deathmatch_Victory_VO","Deathmatch_Defeat_VO",,,,,,,,23,"TID_GAME_MODE_60","TID_SAMURAI_SMASH_INTRO_TEXT",,"TID_OVERTIME",,"TID_EVENT_POPUP_GMV_LABEL_5V5",,,"0xfffd9b0e","0xffE337C1",,"event_teamentry_samuraismash_5v5","panel_team_online_samuraismash_5v5",,,,10,,,,,,,,,,true,,,,,,,,,true,true,,true,,,,,,,,,,1,true,,true,true,,,,,,,,,,210,,,5,,,,,,"SamuraiPoint",,,true,,,,,true,,,,,,1,,,5,2,,25,20,,,,,,,,"player_info_cards_5v5","brawler_containers_5v5"
"Dodgeball",63,,"Dodgeball","TID_GAME_MODE_63","chat_letsplay_dodge_ball","event_gameroom_dodge_ball","event_icon_dodge_ball",,,,"event_brawlball_banner_square",10,"Brawlbawl_goal","Brawlbawl_other_goal",,,"TID_VICTORY_MATCH_OVER","TID_LOSS_MATCH_OVER",,,"Deathmatch_Victory_VO","Deathmatch_Defeat_VO",,,,,,,"Token_One_Left_VO",32,"TID_GAME_MODE_63","TID_DODGEBALL_INTRO_TEXT",,"TID_OVERTIME","Announcer_overtime_vo","TID_EVENT_POPUP_GMV_LABEL_TEAM",,,"0xff2ef3e0","0xff00DA48",,"event_teamentry_dodgeball","panel_team_online_dodgeball",,,,,,,,,,,,,,,,,,,,,,,true,,,true,,,,,,,,,,1,true,,,true,true,,,,true,true,true,false,,210,true,true,3,,,,,,,,,,,,,,,,,,,,1,true,"DodgeBall",3,2,,10,8,,,,,,,,,
"TrailRun",64,true,"TrailRun","TID_GAME_MODE_64","chat_letsplay_trail_run","event_gameroom_trail_run","event_icon_trail_run",,,,"event_brawlball_banner_square",10,"Brawlbawl_goal","Brawlbawl_other_goal",,,,,,,,,,,,,,"Subway_Three_Left","Subway_One_Left",33,"TID_GAME_MODE_64","TID_TRAIL_RUN_INTRO_TEXT",,"TID_OVERTIME",,"TID_EVENT_POPUP_GMV_LABEL_ALL_VS_ALL",,,"0xff2ef3e0","0xff00DA48",,"event_teamentry_trail_run","panel_team_online_trail_run",,,,,,,,,,,,,,true,,,,,,,,,true,,,true,,,,,,,,true,true,1,true,,true,,,,,,,,,,,210,,,1,,,,,,,,,,,,,,,true,,,,,1,,,1,10,,20,16,,,,,,,,,
"GemGrab4x3",65,true,"GemGrab4x3","TID_GAME_MODE_65","chat_letsplay_gemgrab_4x3","event_gameroom_gemgrab_4x3","event_icon_gemgrab_4x3",,,,"event_gemgrab_banner_square",,,,,,,,,,,,,,,,,,,,"TID_GAME_MODE_65","TID_COIN_RUSH_INTRO_TEXT","TID_GEMGRAB_DOUBLE_MINE_INTRO_TEXT","TID_OVERTIME",,"TID_EVENT_POPUP_GMV_LABEL_4X3",,,"0xffd852ff","0xff9A3DF3",,"event_teamentry_gemgrab_4x3","panel_team_online_gemgrab_4x3",,,,,,,,,,,,,,true,,,,,,,,,true,,,true,,,,,,,,,,1,true,,,true,true,,,,,,,,,210,,,7,,1,,"Point",,"Point",,,,,,,,true,,,,,,1,,,3,4,,25,20,true,,,,,,,"player_info_cards","brawler_containers"
"Deathmatch4x3",66,true,"Deathmatch4x3","TID_GAME_MODE_66","chat_letsplay_teamdeathmatch_4x3","event_gameroom_teamdeathmatch_4x3","event_icon_teamdeathmatch_4x3",,,"sc/events.sc","event_teamdeathmatch_banner_square",10,,,,,"TID_VICTORY_MATCH_OVER","TID_LOSS_MATCH_OVER",,,"Deathmatch_Victory_VO","Deathmatch_Defeat_VO","Deathmatch_DoubleTD_VO","Announcer_tripletakedown_vo","Announcer_quadtakedown_vo","Deathmatch_TeamTD_VO","Deathmatch_FirstTD_VO","Deathmatch_FourTD_left_VO","Deathmatch_OneTD_left_VO",,"TID_GAME_MODE_66","TID_DEATHMATCH_INTRO_TEXT",,"TID_OVERTIME",,"TID_EVENT_POPUP_GMV_LABEL_4X3",,,"0xff24d6ff","0xff00CFFF",,"event_teamentry_teamdeathmatch_4x3","panel_team_online_teamdeathmatch_4x3",,,,,,,,,,,,,,true,,,,,,,,,,,,true,,,,,,,,,,1,true,,,true,true,,true,,,true,,,,180,,,5,,,,,,"DamageAndSpeed",,,,,,,,true,,,,,,1,true,,3,4,,25,20,,,,,,,,,
"Roguelite",67,true,"Solo SD","TID_GAME_MODE_67","chat_letsplay_roguelite_showdown","event_gameroom_roguelite_showdown","event_icon_roguelite_showdown",,,"sc/events.sc","event_showdown_banner_square",,,,,,,,,,,,,,,,,,,2,"TID_GAME_MODE_67","TID_BATTLE_ROYALE_INTRO_TEXT",,"TID_OVERTIME",,"TID_EVENT_POPUP_GMV_LABEL_BATTLE_ROYALE","BRStart",,"0xff33FFFF","0xff33FFFF","DefaultEnvironment","event_teamentry_survival","panel_team_online_survival",,,,,true,,,,,true,5,,,true,true,true,,,,true,true,true,,,,,,,,,,,,,true,1,,,true,,,,,,,,,,,800,,,-1,,,,"BattleRoyaleBuff",,,,,,,,,,true,true,,,,,1,,,1,10,true,16,10,,,,,,,,"player_info_cards_solo","brawler_containers_solo"
