"Name","NumberValue","BooleanValue","TextValue","StringArray","NumberArray"
"String","int","boolean","string","String","int"
"ALLIANCE_CREATE_COST",1000,,,,
"STARTING_DIAMONDS",0,,,,
"MAX_MESSAGE_LENGTH",128,,,,
"STARTING_GOLD",0,,,,
"AFK_TIMER_SECONDS",15,,,,
"BOSS_DAMAGE_PERCENT_INCREASE",50,,,,
"BOSS_PET_DAMAGE_PERCENT_INCREASE",20,,,,
"BOSS_HEALTH_INCREASE_FIXED",40000,,,,
"BOSS_HEALTH_INCREASE_PERCENT",800,,,,
"BOSS_SPEED_INCREASE",100,,,,
"BOSS_RELOAD_TIME_DIV",20,,,,
"BOSS_PET_HEALTH_INCREASE_PERCENT",20,,,,
"BOSS_ULTI_CHARGE_MUL",60,,,,
"BOSS_ULTI_CHARGE_DIV",100,,,,
"BOSS_HEAL_MUL",10,,,,
"BOSS_HEAL_DIV",100,,,,
"COOP_ULTI_CHARGE_MUL",30,,,,
"COOP_ULTI_CHARGE_DIV",100,,,,
"MOD_FAST_ULTI_CHARGE_MUL",200,,,,
"MOD_FAST_ULTI_CHARGE_DIV",100,,,,
"VISIBILITY_X",43,,,,
"VISIBILITY_UP",33,,,,
"VISIBILITY_DOWN",28,,,,
"VISIBILITY_HORIZONTAL_MARGIN",6,,,,
"VISIBILITY_VERTICAL_MARGIN_1",18,,,,
"VISIBILITY_VERTICAL_MARGIN_2",26,,,,
"STARTING_HERO_LVL_UP_MATERIAL",100,,,,
"VAMPIRES_HEAL_MUL",25,,,,
"VAMPIRES_HEAL_DIV",100,,,,
"EMOTE_COOLDOWN_TICKS",200,,,,
"EMOTE_COOLDOWN_TICKS_MATCH_END",60,,,,
"CHINA_BOX_LIMIT",25,,,,
"OFFLINE_RAID_DIFFICULTY",3,,,,
"DEVICE_LINK_CODE_LENGTH",12,,,,
"DEVICE_LINK_CODE_VALID_SECONDS",120,,,,
"OFFLINE_BOT_BRAWLER",,,,,
"OFFLINE_TEAM",-1,,,,
"QUEST_REROLL_COUNT",5,,,,
"QUEST_REROLL_BRAWL_PASS_COUNT",5,,,,
"GEM_TO_COIN_PERCENTAGE",1000,,,,
"FAME_CHROMA_OFFER_PRICE",100,,,,
"GEM_TO_POWERPOINT_PERCENTAGE",500,,,,
"GEM_TO_BLING_PERCENTAGE",3300,,,,
"STAR_POINTS_TO_BLING_PERCENTAGE",1000,,,,
"SEND_KUDOS_LIMIT",1,,,,
"IRONSOURCE_VIDEO_ADS_MINIMUM_OS_VERSION",,,11,,
"IRONSOURCE_VIDEO_ADS_MINIMUM_OS_VERSION_ANDROID",,,19,,
"VIDEO_AD_AVAILABLE_CHECK_TIME",750,,,,
"WINSTREAK_FLAME_THRESHOLD",6,,,,
"GEM_TO_COLLAB_POINTS_PERCENTAGE",200,,,,
