"Name","ParentItemForSkin","Disabled","FileName","ExportName","ExportNameEnemy","ShadowExportName","GroundGlowExportName","LoopingEffect","AlignToTiles","Value","Value2","Value3","Lifetime","StatusEffectAlly","StatusEffectEnemy","DisappearingTime","TriggerRangeSubTiles","TriggerAreaEffect","DestroyAreaEffect","CanBePickedUp","PickUpOnlyBySource","FollowSourceDimension","SpawnEffect","ActivateEffect","SCW","SCWEnemy","SCWTopLayer","UseGeneratedShadow","ShowAlways","ForceShow","RandomStartFrame","Layer","ItemClip","ItemReadyEffect","CustomAreaEffect1","CustomAreaEffect2"
"string","String","boolean","string","string","string","string","string","string","boolean","int","int","int","int","string","string","int","int","string","string","boolean","boolean","boolean","string","string","string","string","string","boolean","boolean","boolean","int","string","string","string","string","string"
"Health","","","sc/effects.sc","soul","soul","","pickup_glow_green","Health_fx","","16000","","","","","","","4","","","true","","","Spawn_plasmoid","","","","","","","","","Above","","","",""
"Speed","","","sc/effects.sc","red_pickup","red_pickup","","pickup_glow_green","Health_fx","","300","","","","","","","4","","","true","","","Spawn_plasmoid","","","","","","","","","Above","","","",""
"DamageAndSpeed","","","sc/effects.sc","","","","pickup_glow_green","power_up_bottle_sparkle","","100","200","","","","","","4","","","true","","","Spawn_buff","","sc3d/item_power_up_bottle.scw","sc3d/item_power_up_bottle.scw","","true","","","","Above","","","",""
"Point","","","sc/effects.sc","blob_pickup","blob_pickup","","pickup_glow","Blob_fx","","","","","","","","","4","","","true","","","Spawn_plasmoid","","","","","","","","","Above","","","",""
"Corpse","","","sc/effects.sc","soul","soul","","pickup_glow_green","Health_fx","","800","","","","","","","4","","","true","","","Spawn_plasmoid","","","","","","","","","Above","","","",""
"OrbSpawner","","","","","","","","","","","","","","","","","","","","","","","Spawn_plasmoid","","sc3d/default_gem_spawn_geo.glb","sc3d/default_gem_spawn_geo.glb","","true","","","","GroundLow","","","",""
"Mine","","","sc/effects_brawler.sc","bo_def_mine_blue","bo_def_mine_red","","","","","800","1150","","","","","","3","Bo_def_ulti2_area","","true","","","bo_def_ulti2_spawn","","","","","","","","","Above","","","",""
"SupplyCrate","","","sc/effects.sc","red_pickup","red_pickup","","pickup_glow_green","","","","","","","","","","","","","","","","Spawn_plasmoid","","","","","","","","","Above","","","",""
"BoxOfMines","","","sc/effects.sc","","","","pickup_glow_green","","","3","6","","","","","","","","","","","","Spawn_plasmoid","","","","","","","","","Above","","","",""
"BattleRoyaleBuff","","","sc/effects.sc","","","projectile_shadow","","powerup_fx","","10","400","","","","","","4","","","true","","","Spawn_plasmoid","","sc3d/item_showdown_boost.scw","sc3d/item_showdown_boost.scw","","true","","","","Above","","","",""
"Money","","","sc/effects.sc","wanted_star_pickup","wanted_star_pickup","","pickup_glow_gold","Blob_fx","","1","","","","","","","4","","","true","","","Spawn_plasmoid","","","","","","","","","Above","","","",""
"BoxOfBombs","","","sc/effects.sc","","","","pickup_glow_green","","","4","8","","","","","","","","","","","","Spawn_plasmoid","","","","","","","","","Above","","","",""
"Bomb","","","sc/effects.sc","grenade_01","grenade_01_red","projectile_shadow","","","","800","300","","","","","","200","SniperBombExplosion","","true","","","Spawn_sniper_bomb","","","","","","","","","Above","","","",""
"BoxOfSelfDestructBombs","","","sc/effects.sc","red_pickup","red_pickup","","pickup_glow_green","","","4","40","","","","","","","","","","","","Spawn_plasmoid","","","","","","","","","Above","","","",""
"SelfDestructBomb","","","sc/effects.sc","cannon_projectile_blue","cannon_projectile_red","projectile_shadow","","","","800","1300","","","","","","200","SelfDestructExplosion","","true","","","artillery_dude_turret_attack","","","","","","","","","Above","","","",""
"Scrap","","","sc/effects.sc","","","","pickup_glow_green","power_up_bottle_sparkle","","","","","","","","","4","","","true","","","Spawn_buff","","sc3d/item_bolt.scw","sc3d/item_bolt.scw","","true","","","","Above","","","",""
"SpringBoardLeft","","","","","","","","","true","600","","","","","","","3","","","","","","Spawn_plasmoid","","sc3d/spring_board.scw","sc3d/spring_board.scw","","true","","","","GroundTop","","","",""
"SpringBoardRight","","","","","","","","","true","600","","","","","","","3","","","","","","Spawn_plasmoid","","sc3d/spring_board.scw","sc3d/spring_board.scw","","true","","","","GroundTop","","","",""
"SpringBoardUp","","","","","","","","","true","600","","","","","","","3","","","","","","Spawn_plasmoid","","sc3d/spring_board.scw","sc3d/spring_board.scw","","true","","","","GroundTop","","","",""
"SpringBoardDown","","","","","","","","","true","600","","","","","","","3","","","","","","Spawn_plasmoid","","sc3d/spring_board.scw","sc3d/spring_board.scw","","true","","","","GroundTop","","","",""
"SpringBoardUpLeft","","","","","","","","","true","600","","","","","","","3","","","","","","Spawn_plasmoid","","sc3d/spring_board_diagonal.scw","sc3d/spring_board_diagonal.scw","","true","","","","GroundTop","","","",""
"SpringBoardUpRight","","","","","","","","","true","600","","","","","","","3","","","","","","Spawn_plasmoid","","sc3d/spring_board_diagonal.scw","sc3d/spring_board_diagonal.scw","","true","","","","GroundTop","","","",""
"SpringBoardDownLeft","","","","","","","","","true","600","","","","","","","3","","","","","","Spawn_plasmoid","","sc3d/spring_board_diagonal.scw","sc3d/spring_board_diagonal.scw","","true","","","","GroundTop","","","",""
"SpringBoardDownRight","","","","","","","","","true","600","","","","","","","3","","","","","","Spawn_plasmoid","","sc3d/spring_board_diagonal.scw","sc3d/spring_board_diagonal.scw","","true","","","","GroundTop","","","",""
"TrainSpawner","","","","","","","","","","","","","","","","","","","","","","","","","","","","","","","","Above","","","",""
"ClusterMine","","","sc/effects_brawler.sc","tick_def_atk2","tick_def_atk2_red","shadow_normal_circle","","","","800","2000","","","","","","200","ClusterBombExplosion2","","true","","","","","","","","","true","","","Above","","","",""
"Tick002Mine","ClusterMine","","sc/effects_brawler.sc","tick_002_atk2","tick_002_atk2_red","shadow_normal_circle","","","","800","2000","","","","","","200","ClusterBombExplosion2","","true","","","","","","","","","true","","","Above","","","",""
"Tick003Mine","ClusterMine","","sc/effects_brawler.sc","tick_003_atk2","tick_003_atk2_red","shadow_normal_circle","","","","800","2000","","","","","","200","Tick003Explosion2","","true","","","","","","","","","true","","","Above","","","",""
"Tick004Mine","ClusterMine","","sc/effects_brawler.sc","tick_004_atk2","tick_004_atk2_red","","","","","800","2000","","","","","","200","Tick004Explosion2","","true","","","","","","","","","true","","2","Above","","","",""
"Tick005Mine","ClusterMine","","sc/effects_brawler.sc","tick_005_atk2","tick_005_atk2_red","shadow_normal_circle","","tick_005_atk2","","800","2000","","","","","","200","Tick005Explosion2","","true","","","","","","","","","true","","2","Above","","","",""
"Tick006Mine","ClusterMine","","sc/effects_brawler.sc","tick_006_atk2_projectile","tick_006_atk2_projectile_red","shadow_normal_circle","","gen_no_hit","","800","2000","","","","","","200","Tick006Explosion2","","true","","","","","","","","","true","","2","Above","","","",""
"Tick007Mine","ClusterMine","","sc/effects_brawler.sc","tick_007_atk2_projectile","tick_007_atk2_projectile_red","","","gen_no_hit","","800","2000","","","","","","200","Tick007Explosion2","","true","","","","","","","","","true","","2","Above","","","",""
"Tick009Mine","ClusterMine","","sc/effects_brawler_tick.sc","tick_009_atk2_projectile","tick_009_atk2_projectile_red","","","gen_no_hit","","800","2000","","","","","","200","Tick009Explosion2","","true","","","","","","","","","true","","2","Above","","","",""
"MineMecha","Mine","","sc/effects_brawler.sc","bo_002_mine_blue","bo_002_mine_red","","","","","","","","","","","","","Bo_def_ulti2_area","","","","","bo_def_ulti2_spawn","","","","","","","","","Above","","","",""
"PiperdefBomb","Bomb","","sc/effects_brawler.sc","piper_def_ulti_projectile","piper_def_ulti_projectile_red","shadow_normal_circle_big","","","","","","","","","","","","Piper_def_ulti","","","","","bo_def_ulti2_spawn","","","","","","","","2","Above","","","",""
"Piper002Bomb","Bomb","","sc/effects_brawler.sc","piper_002_ulti_projectile","piper_002_ulti_projectile_red","shadow_normal_circle_big","","","","","","","","","","","","Bo_def_ulti2_area","","","","","bo_def_ulti2_spawn","","","","","","","","","Above","","","",""
"Piper003Bomb","Bomb","","sc/effects_brawler.sc","piper_003_ulti_projectile","piper_003_ulti_projectile_red","shadow_normal_circle_big","","","","","","","","","","","","Piper_003_ulti","","","","","bo_def_ulti2_spawn","","","","","","","","2","Above","","","",""
"Piper004Bomb","Bomb","","sc/effects_brawler.sc","piper_004_ulti_projectile","piper_004_ulti_projectile_red","shadow_normal_circle_big","","","","","","","","","","","","Piper_004_ulti","","","","","bo_def_ulti2_spawn","","","","","","","","2","Above","","","",""
"Piper005Bomb","Bomb","","sc/effects_brawler.sc","piper_005_ulti_projectile","piper_005_ulti_projectile_red","shadow_normal_circle_big","","","","","","","","","","","","Piper_005_ulti","","","","","bo_def_ulti2_spawn","","","","","","","","","Above","","","",""
"Piper006Bomb","Bomb","","sc/effects_brawler.sc","piper_006_ulti_projectile","piper_006_ulti_projectile_red","shadow_normal_circle_big","","","","","","","","","","","","Piper_006_ulti","","","","","bo_def_ulti2_spawn","","","","","","","","2","Above","","","",""
"Piper007Bomb","Bomb","","sc/effects_brawler.sc","piper_007_ulti_projectile","piper_007_ulti_projectile_red","shadow_normal_circle_big","","","","","","","","","","","","Piper_007_ulti","","","","","bo_def_ulti2_spawn","","","","","","","","","Above","","","",""
"Piper008Bomb","Bomb","","sc/effects_brawler.sc","piper_008_ulti_projectile","piper_008_ulti_projectile_red","shadow_normal_circle_big","","","","","","","","","","","","Piper_008_ulti","","","","","bo_def_ulti2_spawn","","","","","","","","2","Above","","","",""
"Piper009Bomb","Bomb","","sc/effects_brawler_piper.sc","piper_009_ulti_projectile","piper_009_ulti_projectile_red","shadow_normal_circle_big","","","","","","","","","","","","Piper_009_ulti","","","","","bo_def_ulti2_spawn","","","","","","","","2","Above","","","",""
"Piper010Bomb","Bomb","","sc/effects_brawler_piper.sc","piper_010_ulti_projectile","piper_010_ulti_projectile_red","piper_010_shadow","","","","","","","","","","","","Piper_010_ulti","","","","","bo_def_ulti2_spawn","","","","","","","","2","Above","","","",""
"Piper010OverchargedBomb","Bomb","","sc/effects_brawler_piper.sc","piper_010_hc_ulti_projectile","piper_010_hc_ulti_projectile_red","piper_010_shadow","","","","","","","","","","","","Piper_010_hc_ulti","","","","","bo_def_ulti2_spawn","","","","","","","","2","Above","","","",""
"MineHorus","Mine","","sc/effects_brawler.sc","bo_003_mine_blue","bo_003_mine_red","","","","","","","","","","","","","Bo_def_ulti2_area","","","","","bo_def_ulti2_spawn","","","","","","","","","Above","","","",""
"MineDemon","Mine","","sc/effects_brawler.sc","bo_004_mine_blue","bo_004_mine_red","","","","","","","","","","","","","Bo_def_ulti2_area","","","","","bo_def_ulti2_spawn","","","","","","","","2","Above","","","",""
"MineGift","Mine","","sc/effects_brawler.sc","bo_005_mine","bo_005_mine_red","","","","","","","","","","","","","Bo_005_ulti2_area","","","","","bo_def_ulti2_spawn","","","","","","","","2","Above","","","",""
"MineWasp","Mine","","sc/effects_brawler.sc","bo_006_mine_blue","bo_006_mine_red","","","","","","","","","","","","","Bo_006_ulti2_area","","","","","bo_def_ulti2_spawn","","","","","","","","2","Above","","","",""
"MineLotus","Mine","","sc/effects_brawler.sc","bo_007_mine","bo_007_mine_red","","","","","","","","","","","","","Bo_007_ulti2_area","","","","","bo_def_ulti2_spawn","","","","","","","","","Above","","","",""
"MineChoco","Mine","","sc/effects_brawler.sc","bo_008_mine","bo_008_mine_red","","","","","","","","","","","","","Bo_008_ulti2_area","","","","","bo_def_ulti2_spawn","","","","","","","","2","Above","","","",""
"MineHelmet","Mine","","sc/effects_brawler_bo.sc","bo_009_mine","bo_009_mine_red","","","","","","","","","","","","","Bo_009_ulti2_area","","","","","bo_def_ulti2_spawn","","","","","","","","2","Above","","","",""
"ScorePole","","","","","","","","","","","","","","","","","","","","","","","Spawn_plasmoid","","","","","true","","","","Above","","","",""
"ScoreFlag","","","","","","","","","","","","","","","","","","","","","","","Spawn_plasmoid","","","","","true","","","","Above","","","",""
"ScoreFlagHoisted","","","","","","","","mode_koh_complete","","","","","","","","","","","","","","","mode_koh_captured","","","","","true","","","","Above","","","",""
"5dce5f478110256c30c89d84664a5acf3ec9e9f0","","true","sc/effects.sc","","","","pickup_glow_green","power_up_bottle_sparkle","","100","200","","","","","","4","","","true","","","Spawn_buff","","sc3d/item_power_up_bottle.scw","sc3d/item_power_up_bottle.scw","","true","","","","Above","","","",""
"SpringBoardLeft_Gale","","","","","","","","","","300","","","","","","","3","","","","","","Spawn_plasmoid","","sc3d/spring_board_gale.scw","sc3d/spring_board_gale.scw","","true","","","","GroundTop","","","",""
"SpringBoardRight_Gale","","","","","","","","","","300","","","","","","","3","","","","","","Spawn_plasmoid","","sc3d/spring_board_gale.scw","sc3d/spring_board_gale.scw","","true","","","","GroundTop","","","",""
"SpringBoardUp_Gale","","","","","","","","","","300","","","","","","","3","","","","","","Spawn_plasmoid","","sc3d/spring_board_gale.scw","sc3d/spring_board_gale.scw","","true","","","","GroundTop","","","",""
"SpringBoardDown_Gale","","","","","","","","","","300","","","","","","","3","","","","","","Spawn_plasmoid","","sc3d/spring_board_gale.scw","sc3d/spring_board_gale.scw","","true","","","","GroundTop","","","",""
"SpringBoardUpLeft_Gale","","","","","","","","","","300","","","","","","","3","","","","","","Spawn_plasmoid","","sc3d/spring_board_diagonal_gale.scw","sc3d/spring_board_diagonal_gale.scw","","true","","","","GroundTop","","","",""
"SpringBoardUpRight_Gale","","","","","","","","","","300","","","","","","","3","","","","","","Spawn_plasmoid","","sc3d/spring_board_diagonal_gale.scw","sc3d/spring_board_diagonal_gale.scw","","true","","","","GroundTop","","","",""
"SpringBoardDownLeft_Gale","","","","","","","","","","300","","","","","","","3","","","","","","Spawn_plasmoid","","sc3d/spring_board_diagonal_gale.scw","sc3d/spring_board_diagonal_gale.scw","","true","","","","GroundTop","","","",""
"SpringBoardDownRight_Gale","","","","","","","","","","300","","","","","","","3","","","","","","Spawn_plasmoid","","sc3d/spring_board_diagonal_gale.scw","sc3d/spring_board_diagonal_gale.scw","","true","","","","GroundTop","","","",""
"Teleport1","","","","","","","","","","1","","","","","","","3","","","","","","Spawn_plasmoid","","sc3d/teleport_tile_geo.glb","sc3d/teleport_tile_geo.glb","sc3d/teleport_effect.scw","true","","","","GroundTop","","","",""
"Teleport2","","","","","","","","","","2","","","","","","","3","","","","","","Spawn_plasmoid","","sc3d/teleport_tile_2_geo.glb","sc3d/teleport_tile_2_geo.glb","sc3d/teleport_effect_2.scw","true","","","","GroundTop","","","",""
"Teleport3","","","","","","","","","","3","","","","","","","3","","","","","","Spawn_plasmoid","","sc3d/teleport_tile_3_geo.glb","sc3d/teleport_tile_3_geo.glb","sc3d/teleport_effect_3.scw","true","","","","GroundTop","","","",""
"Teleport4","","","","","","","","","","4","","","","","","","3","","","","","","Spawn_plasmoid","","sc3d/teleport_tile_4_geo.glb","sc3d/teleport_tile_4_geo.glb","sc3d/teleport_effect_4.scw","true","","","","GroundTop","","","",""
"RuffsBuff","","","sc/effects_brawler.sc","","","","","ruffs_def_ulti_item","","20","700","","","","","","4","","","true","","","Spawn_buff","","sc3d/ruffs_buff_geo.scw","sc3d/ruffs_buff_geo.scw","","","","","","Above","","","",""
"RuffsOverchargedBuff","","","sc/effects_brawler.sc","","","","","ruffs_overcharged_ulti_item","","20","700","","","","","","4","","","true","","","Spawn_buff","","sc3d/ruffs_buff_geo.scw","sc3d/ruffs_buff_geo.scw","","","","","","Above","","","",""
"StickyBomb","","","sc/effects_brawler.sc","sticky_def_atk_reached","sticky_def_atk_reached_red","","","","","800","1150","","","","","","3","StickyBombExplosion","","","","","Spawn_buff","sticky_def_atk_hit","","","","","true","","","Above","","","",""
"StickyBombUlti","","","sc/effects_brawler.sc","sticky_def_ulti_reached","sticky_def_ulti_reached_red","","","","","800","1150","","","","","","3","StickyBombUltiExplosion","","","","","Spawn_buff","sticky_def_atk_hit","","","","","true","","","Above","","","",""
"Sticky002Bomb","StickyBomb","","sc/effects_brawler.sc","sticky_002_atk_reached","sticky_002_atk_reached_red","","","","","800","1150","","","","","","3","StickyBombExplosion","","","","","Spawn_buff","sticky_def_atk_hit","","","","","true","","","Above","","","",""
"Sticky002BombUlti","StickyBombUlti","","sc/effects_brawler.sc","sticky_002_ulti_reached","sticky_002_ulti_reached_red","","","","","800","1150","","","","","","3","StickyBombUltiExplosion","","","","","Spawn_buff","","","","","","true","","","Above","","","",""
"Sticky003Bomb","StickyBomb","","sc/effects_brawler.sc","squeak_003_atk_reached","squeak_003_atk_reached_red","","","","","800","1150","","","","","","3","Squeak003BombExplosion","","","","","Spawn_buff","squeak_003_atk_hit","","","","","true","","","Above","","","",""
"Sticky003BombUlti","StickyBombUlti","","sc/effects_brawler.sc","squeak_003_ulti_reached","squeak_003_ulti_reached_red","","","","","800","1150","","","","","","3","Squeak003UltiExplosion","","","","","Spawn_buff","squeak_003_atk_hit","","","","","true","","","Above","","","",""
"Sticky004Bomb","StickyBomb","","sc/effects_brawler.sc","squeak_004_atk_reached","squeak_004_atk_reached_red","","","","","800","1150","","","","","","3","Squeak004BombExplosion","","","","","Spawn_buff","squeak_004_atk_hit","","","","","true","","","Above","","","",""
"Sticky004BombUlti","StickyBombUlti","","sc/effects_brawler.sc","squeak_004_ulti_reached","squeak_004_ulti_reached_red","","","","","800","1150","","","","","","3","Squeak004UltiExplosion","","","","","Spawn_buff","squeak_004_ulti_hit","","","","","true","","","Above","","","",""
"Sticky005Bomb","StickyBomb","","sc/effects_brawler.sc","squeak_005_atk_reached","squeak_005_atk_reached_red","","","","","800","1150","","","","","","3","Squeak005BombExplosion","","","","","Spawn_buff","squeak_005_atk_hit","","","","","true","","","Above","","","",""
"Sticky005BombUlti","StickyBombUlti","","sc/effects_brawler.sc","squeak_005_ulti_reached","squeak_005_ulti_reached_red","","","","","800","1150","","","","","","3","Squeak005UltiExplosion","","","","","Spawn_buff","squeak_005_ulti_hit","","","","","true","","","Above","","","",""
"Sticky006Bomb","StickyBomb","","sc/effects_brawler.sc","squeak_006_atk_timer","squeak_006_atk_timer_red","","","","","800","1150","","","","","","3","Squeak006BombExplosion","","","","","Spawn_buff","","","","","","true","","","Above","","","",""
"Sticky006BombUlti","StickyBombUlti","","sc/effects_brawler.sc","squeak_006_ulti_timer","squeak_006_ulti_timer_red","","","","","800","1150","","","","","","3","Squeak006UltiExplosion","","","","","Spawn_buff","","","","","","true","","","Above","","","",""
"Sticky007Bomb","StickyBomb","","sc/effects_brawler.sc","squeak_007_atk_reached","squeak_007_atk_reached_red","","","","","800","1150","","","","","","3","Squeak007BombExplosion","","","","","Spawn_buff","","","","","","true","","","Above","","","",""
"Sticky007BombUlti","StickyBombUlti","","sc/effects_brawler.sc","squeak_007_ulti_reached","squeak_007_ulti_reached_red","","","","","800","1150","","","","","","3","Squeak007UltiExplosion","","","","","Spawn_buff","","","","","","true","","","Above","","","",""
"ElectroTrap","","","sc/effects_brawler.sc","belle_gadget_trap","belle_gadget_trap_red","","","","","0","1","","","","","","3","ElectroTrapExplosion","","true","","","bo_def_ulti2_spawn","","","","","","","","","Above","","","",""
"BasketBrawlHoop","","","","","","","","","","","","","","","","","","","","","","","Spawn_plasmoid","","sc3d/basketball_hoop.scw","sc3d/basketball_hoop.scw","","","true","","","Above","","","",""
"Healing","","","","","","","","","true","500","","","","","","","3","","","","","","Spawn_plasmoid","","sc3d/healing_tile.scw","sc3d/healing_tile.scw","","true","","","","GroundLow","","","",""
"WindWall","","","sc/effects.sc","","","","","gadget_gale_windwall","","600","","","100","","","","","","","","","","Spawn_plasmoid","","","","","","true","","","Above","","","",""
"KickerDudeMine","","","sc/effects_brawler.sc","fang_gadget_projectile","fang_gadget_projectile_red","shadow_normal_circle","","","","800","2000","","","","","","200","KickerDudeMineExplosion","","true","","","","","","","","","true","","","Above","","","",""
"KickerDudeMineOC","","","sc/effects_brawler.sc","fang_def_oc_popcorn","fang_def_oc_popcorn_red","shadow_normal_circle","","","","800","2000","","","","","","200","KickerDudeMineExplosionOC","","true","","","","","","","","","true","","","Above","","","",""
"Spray","","","","","","","","","true","","","","","","","","","","","","","","","","sc3d/spray_2x2.scw","sc3d/spray_2x2.scw","","","","","","GroundLow","","","",""
"InvasionToken","","","sc/effects.sc","","","","pickup_glow_green","power_up_bottle_sparkle","","","","","","","","","4","","","true","","","Spawn_buff","","sc3d/item_bolt.scw","sc3d/item_bolt.scw","","true","","","","Above","","","",""
"InvasionBase","","","","","","","","","","","","","200","","","","","","","","","","","","sc3d/drop_pod_platform_present_geo.glb","sc3d/drop_pod_platform_present_geo.glb","sc3d/drop_pod_present_geo.glb","true","","","","GroundTop","","","",""
"SilencerHugger","","","sc/effects_brawler.sc","otto_def_ulti_hugger_starfish","otto_def_ulti_hugger_starfish_red","","","","","","","","60","","","","","","","","","","otto_def_ulti_hugger_hit","sticky_def_atk_hit","","","","","true","","2","Above","","","",""
"SilencerHuggerMine","","","sc/effects_brawler.sc","otto_def_gajet_mine","otto_def_gajet_mine_red","shadow_normal_circle","","","","","1","","","","","","3","HuggerMineExplosion","","true","","","","","","","","","","","","Above","","","",""
"SilencerHuggerOC","SilencerHugger","","sc/effects_brawler.sc","otis_def_oc_ulti_hugger_starfish","otis_def_oc_ulti_hugger_starfish_red","","","","","","","","60","","","","","","","","","","otis_def_oc_ulti_hugger_hit","","","","","","true","","2","Above","","","",""
"Otto002Hugger","SilencerHugger","","sc/effects_brawler.sc","otto_002_ulti_hugger_bug","otto_002_ulti_hugger_bug_red","","","otto_002_ulti_hugger_loop","","","","","60","","","","","","","","","","otto_002_ulti_hugger_hit","sticky_def_atk_hit","","","","","true","","2","Above","","","",""
"Otto002HuggerMine","SilencerHuggerMine","","sc/effects_brawler.sc","otto_002_gajet_mine","otto_002_gajet_mine_red","shadow_normal_circle","","","","","1","","","","","","3","Otto002MineExplosion","","true","","","","","","","","","","","2","Above","","","",""
"Otis003Hugger","SilencerHugger","","sc/effects_brawler.sc","otis_003_ulti_stick_starfish","otis_003_ulti_stick_starfish_red","","","otto_002_ulti_hugger_loop","","","","","60","","","","","","","","","","otis_003_ulti_hit","sticky_def_atk_hit","","","","","true","","2","Above","","","",""
"Otis003HuggerMine","SilencerHuggerMine","","sc/effects_brawler.sc","otis_003_ulti_mine","otis_003_ulti_mine_red","shadow_normal_circle","","","","","1","","","","","","3","Otto002MineExplosion","","true","","","","","","","","","","","2","Above","","","",""
"Otis004Hugger","SilencerHugger","","sc/effects_brawler.sc","otis_004_ulti_hugger","otis_004_ulti_hugger_red","","","otto_002_ulti_hugger_loop","","","","","60","","","","","","","","","","otis_004_ulti_hugger_hit","sticky_def_atk_hit","","","","","true","","2","Above","","","",""
"Otis004HuggerMine","SilencerHuggerMine","","sc/effects_brawler.sc","otis_004_gadget_mine","otis_004_gadget_mine_red","shadow_normal_circle","","","","","1","","","","","","3","Otto002MineExplosion","","true","","","","","","","","","","","2","Above","","","",""
"Otis005Hugger","SilencerHugger","","sc/effects_brawler.sc","otis_005_ulti_hugger_starfish","otis_005_ulti_hugger_starfish_red","","","","","","","","60","","","","","","","","","","otis_005_ulti_hugger_hit","sticky_def_atk_hit","","","","","true","","2","Above","","","",""
"Otis005HuggerMine","SilencerHuggerMine","","sc/effects_brawler.sc","otis_005_gajet_mine","otis_005_gajet_mine_red","shadow_normal_circle","","","","","1","","","","","","3","Otto002MineExplosion","","true","","","","","","","","","","","2","Above","","","",""
"Turret","","","","","","","","","","","","","","","","","","","","","","","","","","","","true","","","","Above","","","",""
"WeaponThrowerWeapon","","","sc/effects_brawler.sc","bronson_def_ulti_gauntlet","bronson_def_ulti_gauntlet_red","","","otto_002_ulti_hugger_loop","","","","","","","","","3","","","true","","","Spawn_plasmoid","","","","","","","","","Above","","","",""
"WeaponThrowerOverchargedWeapon","WeaponThrowerWeapon","","sc/effects_brawler.sc","bronson_def_oc_ulti_gauntlet","bronson_def_oc_ulti_gauntlet_red","","","otto_002_ulti_hugger_loop","","","","","","","","","3","","","true","","","Spawn_plasmoid","","","","","","","","","Above","","","",""
"Bronson002Weapon","WeaponThrowerWeapon","","sc/effects_brawler.sc","bronson_002_ulti_reached_ryan","bronson_002_ulti_reached_ryan_red","bronson_002_ulti_reached_ryan_shadow","","","","","","","","","","","3","","","true","","","bo_def_ulti2_spawn","","","","","","","","","Above","","","",""
"Bronson003Weapon","WeaponThrowerWeapon","","sc/effects_brawler.sc","bronson_003_ulti_reached_proj","bronson_003_ulti_reached_proj_red","bronson_003_ulti_reached_shadow","","","","","","","","","","","3","","","true","","","bo_def_ulti2_spawn","","","","","","","","","Above","","","",""
"Bronson004Weapon","WeaponThrowerWeapon","","sc/effects_brawler.sc","bronson_004_ulti_reached_gauntlet","bronson_004_ulti_reached_gauntlet_red","bronson_004_ulti_reached_gauntlet_shadow","","","","","","","","","","","3","","","true","","","bo_def_ulti2_spawn","","","","","","","","","Above","","","",""
"Bronson005Weapon","WeaponThrowerWeapon","","sc/effects_brawler.sc","bronson_005_ulti_reached_gauntlet","bronson_005_ulti_reached_gauntlet_red","","","","","","","","","","","","3","","","true","","","bo_def_ulti2_spawn","","","","","","","","","Above","","","",""
"SoulCollectorSoul","","","sc/effects_brawler.sc","gus_def_atk_spirit","gus_def_atk_spirit_red","","","gus_def_spirit_loop","","800","","","","","","","3","SoulCollectorSoulExplosion","","true","","","gus_def_spirit_active","","","","","","","","2","Above","","","",""
"Gus002Soul","SoulCollectorSoul","","sc/effects_brawler.sc","gus_002_atk_spirit","gus_002_atk_spirit_red","","","gus_def_spirit_loop","","800","","","","","","","3","SoulCollectorSoulExplosion","","true","","","gus_def_spirit_active","","","","","","","","2","Above","","","",""
"Gus003Soul","SoulCollectorSoul","","sc/effects_brawler.sc","gus_003_atk_spirit","gus_003_atk_spirit_red","","","gus_def_spirit_loop","","800","","","","","","","3","SoulCollectorSoulExplosion","","true","","","gus_def_spirit_active","","","","","","","","2","Above","","","",""
"Gus004Soul","SoulCollectorSoul","","sc/effects_brawler.sc","gus_004_atk_spirit","gus_004_atk_spirit_red","","","gus_def_spirit_loop","","800","","","","","","","3","SoulCollectorSoulExplosion","","true","","","gus_def_spirit_active","","","","","","","","2","Above","","","",""
"Gus005Soul","SoulCollectorSoul","","sc/effects_brawler_gus.sc","gus_005_atk_spirit","gus_005_atk_spirit_red","","","gus_005_spirit_loop","","800","","","","","","","3","SoulCollectorSoulExplosion","","true","","","gus_def_spirit_active","","","","","","","","2","Above","","","",""
"Gus006Soul","SoulCollectorSoul","","sc/effects_brawler_gus.sc","gus_006_atk_spirit","gus_006_atk_spirit_red","","","gus_def_spirit_loop","","800","","","","","","","3","SoulCollectorSoulExplosion","","true","","","gus_def_spirit_active","","","","","","","","2","Above","","","",""
"LastStandCoin","","","sc/effects.sc","","","","pickup_glow_gold","laststand_coin_twinkle","","100","","","","","","","4","","","true","","","Spawn_plasmoid","","sc3d/item_last_stand_coin.scw","sc3d/item_last_stand_coin.scw","","true","","","","Above","","","",""
"DoorHorizontal","","","","","","","","","true","","","","","","","","","","","","","","","","","","","true","","","","Object","","","",""
"DoorVertical","","","","","","","","","true","","","","","","","","","","","","","","","","","","","true","","","","Object","","","",""
"ButtonPress","","","","","","","","","true","","","","","","","","2","","","","","","","","","","","true","","","","GroundLow","","","",""
"ButtonHold","","","","","","","","","true","","","","","","","","2","","","","","","","","","","","true","","","","GroundLow","","","",""
"Portal","","","sc/effects_brawler_gray.sc","","","","","","","1","","","","","","","3","","","","","","","","","","","","","","","GroundTop","","","DoorManPortalLeave","DoorManPortalArrive"
"Gray003Portal","Portal","","","gray_003_ulti_start","gray_003_ulti_start_red","","","","","1","","","","","","","3","","","","","","","gray_003_ulti_active","","","","","","","","GroundTop","","","",""
"Gray004Portal","Portal","","","gray_004_ulti_start","gray_004_ulti_start_red","","","","","1","","","","","","","3","","","","","","","gray_004_ulti_active","","","","","","","","GroundTop","","","",""
"EventCollectToken","","","sc/effects.sc","","","","pickup_glow_gold","laststand_coin_twinkle","","100","","","","","","","4","","","true","","","Spawn_plasmoid","","sc3d/item_skull_coin_geo.glb","sc3d/item_skull_coin_geo.glb","","true","","","","Above","","","",""
"HealthPack","","","sc/effects.sc","","","projectile_shadow","","","","3000","","","","","","","4","","","true","","","Spawn_buff","","sc3d/item_health_boost_geo.glb","sc3d/item_health_boost_geo.glb","","true","","","","Above","","","",""
"ShadowMushroom","","","sc/effects.sc","","","projectile_shadow","","Blob_fx","","","","","","ShadowMushroomHot","ShadowMushroomDot","","4","","","true","","","Spawn_buff","","sc3d/item_cordelius_shroom_blue_geo.glb","sc3d/item_cordelius_shroom_red_geo.glb","","true","","","","Above","","","",""
"ShadowRealmMarker","","","sc/effects_brawler.sc","cordelius_def_realm_indicator","cordelius_def_realm_indicator","","","cordelius_def_indicator","","","","","","","","","","","","","","","","","","","","","","","","GroundTop","","","",""
"ConductorSign","","","","","","","","conductor_def_sign_warning","","","","","","","","","","ConductorSignArea","ConductorSignAreaDestroy","","","","","conductor_def_sign_active","sc3d/item_chochosign_blue_geo.glb","sc3d/item_chochosign_red_geo.glb","","true","","","","Object","","","",""
"Conductor002Sign","ConductorSign","","","","","","","conductor_def_sign_warning","","","","","","","","","","Conductor002SignArea","Conductor002SignAreaDestroy","","","","","conductor_def_sign_active","sc3d/item_pincer_chochosign_blue_geo.glb","sc3d/item_pincer_chochosign_red_geo.glb","","true","","","","Object","","","",""
"Conductor003Sign","ConductorSign","","","","","","","conductor_def_sign_warning","","","","","","","","","","Conductor003SignArea","Conductor003SignAreaDestroy","","","","","conductor_def_sign_active","sc3d/item_electrolord_chochosign_blue_geo.glb","sc3d/item_electrolord_chochosign_red_geo.glb","","true","","","","Object","","","",""
"ExtractionZone","","","","","","","","","","","","","","","","","5","TeleportTileLeave","","","","","Spawn_plasmoid","","sc3d/extraction_teleport_tile_geo.glb","sc3d/extraction_teleport_tile_geo.glb","sc3d/extraction_teleport_effect_geo.glb","true","","true","","GroundTop","","","",""
"ExtractionPoint","","","sc/effects.sc","","","projectile_shadow_mid","pickup_glow","item_extraction_trophy","","","","","","","","","4","","","true","","","Spawn_plasmoid","","sc3d/item_extraction_trophy_geo.glb","sc3d/item_extraction_trophy_geo.glb","","true","","","","Above","","","",""
"Hypercharge","","","sc/effects.sc","","","projectile_shadow","","item_hypercharge","","10","400","","","","","","4","","","true","","","Spawn_plasmoid","","sc3d/item_hypercharge_geo.glb","sc3d/item_hypercharge_geo.glb","","true","","","","Above","","","",""
"ClusterOverchargedMine","","","sc/effects_brawler.sc","tick_def_oc_mine","tick_def_oc_mine_red","shadow_normal_circle","","","","800","2000","","","","","","200","ClusterBombOverchargedExplosion2","","true","","","","","","","","","true","","2","Above","","","",""
"GodzillaTransform","","","sc/effects.sc","","","projectile_shadow","pickup_glow_green","powerup_fx_blue","","10","400","","","","","","4","","","true","","","Spawn_plasmoid","","sc3d/item_monster_geo.glb","sc3d/item_bolt.scw","","","","true","","Above","","","",""
"OverchargedBoxOfBombs","","","sc/effects.sc","","","","pickup_glow_green","","","6","8","","","","","","","","","","","","Spawn_plasmoid","","","","","","","","","Above","","","",""
"OverchargedBomb","","","sc/effects_brawler.sc","piper_def_oc_ulti_projectile","piper_def_oc_ulti_projectile_red","shadow_normal_circle_big","","","","800","300","","","","","","200","SniperOverchargedBombExplosion","","true","","","Spawn_sniper_bomb","","","","","","","","2","Above","","","",""
"DogTag","","","sc/effects.sc","","","projectile_shadow","pickup_glow_gold","dog_tag_glow","","14","","","214","","","60","4","","","true","","","dog_tag_spawn","dog_tag_highlight","sc3d/item_angelsdemons_blue_geo.glb","sc3d/item_angelsdemons_red_geo.glb","","","","","","Above","","","",""
"ControllerArchetypeMine","","","sc/effects_brawler.sc","sb_controller_bubble","sb_controller_bubble_red","shadow_normal_circle","","","","800","20","","60","","","","3","ClusterBombExplosion_SB","SbcontrollerAreaDestroy","true","","","","","","","","","true","","2","Above","","","",""
"Cash","","","sc/effects.sc","","","projectile_shadow_mid","pickup_glow_green","trash_pickup_item_fx","","10","400","","","","","","4","","","true","","","Spawn_buff","","sc3d/item_trash_pickup_geo.glb","sc3d/item_trash_pickup_geo.glb","","true","","","","Above","","","",""
"StickyBombOverchargedUlti","StickyBombUlti","","sc/effects_brawler.sc","sticky_def_oc_ulti_reached","sticky_def_oc_ulti_reached_red","","","","","800","1150","","","","","","3","StickyBombOverchargedUltiExplosion","","","","","Spawn_buff","sticky_def_oc_atk_hit","","","","","true","","","Above","","","",""
"PetWars","","","sc/effects.sc","","","projectile_shadow","pickup_glow_green","petwars_item_glow","","","","","","","","","4","","","true","","","petwars_item_spawn","","sc3d/item_petwars_geo.glb","sc3d/item_petwars_geo.glb","","","","","","Above","","","",""
"OverChargedPortal","Portal","","sc/effects_brawler2.sc","gray_def_oc_ulti_start","gray_def_oc_ulti_start_red","","","gray_def_oc_ulti_start_finger","","1","","","","","","","3","","","","","","","gray_def_oc_ulti_active","","","","","","","","GroundTop","gray_def_oc_ulti_ready","gray_def_oc_ulti_ready","DoorManPortalOverchargedLeave","DoorManPortalOverchargedArrive"
"OverchargedMine","","","sc/effects_brawler.sc","bo_def_oc_ulti_mine","bo_def_oc_ulti_mine_red","","","","","800","1150","","","","","","3","Bo_def_overcharged_ulti2_area","","true","","","bo_def_ulti2_spawn","","","","","","","","2","Above","","","",""
"BoxOfOverchargedMines","","","sc/effects.sc","","","","pickup_glow_green","","","5","7","","","","","","","","","","","","Spawn_plasmoid","","","","","","","","","Above","","","",""
"MorningstarGroundedWeapon","","","sc/effects_brawler_lumi.sc","lumi_def_atk_morningstar","lumi_def_atk_morningstar_red","","","lumi_def_atk_still_morningstar_loop","","","","","","","","","","","","","","true","Spawn_plasmoid","","","","","","","","","Above","","","",""
"Morningstar002GroundedWeapon","MorningstarGroundedWeapon","","sc/effects_brawler_lumi.sc","lumi_002_atk_morningstar","lumi_002_atk_morningstar_red","","","lumi_002_atk_still_morningstar_loop","","","","","","","","","","","","","","true","Spawn_plasmoid","","","","","","","","2","Above","","","",""
"Morningstar003GroundedWeapon","MorningstarGroundedWeapon","","sc/effects_brawler_lumi.sc","lumi_003_atk_another_plane_carck","lumi_003_atk_another_plane_carck_red","","","","","","","","","","","","","","","","","true","Spawn_plasmoid","","","","","","","","2","Object","","","",""
"UNODeck","","","sc/effects_brawler.sc","","","","","","","","","","","","","","5","","","","","","","","sc3d/item_token_toss_base_geo.glb","sc3d/item_token_toss_base_geo.glb","sc3d/item_token_toss_base_top_geo.glb","true","","true","","GroundLow","","","DoorManPortalLeave","DoorManPortalArrive"
"TreasureSpawner","","","","","","","","","","","","","","","","","4","","","","","","Spawn_plasmoid","treasure_plate_trigger","sc3d/item_treasure_spawner_geo.glb","sc3d/item_treasure_spawner_geo.glb","","true","","true","","GroundLow","","treasure_plate_reset","",""
"Treasure","","","sc/effects.sc","","","","pickup_glow_gold","treasure_hunt_pickup","","","","","","","","","4","","","true","","","Spawn_treasure","","sc3d/item_treasure_geo.glb","sc3d/item_treasure_geo.glb","","","","","","Above","","","",""
"SamuraiPoint","","","sc/effects.sc","","","projectile_shadow","pickup_glow_gold","","","","1","","4200","","","","4","","SamuraiItemPickup","true","","","","golden_pickup_glow","sc3d/item_samurai_smash_pickup_regular_geo.glb","sc3d/item_samurai_smash_pickup_transparent_geo.glb","","","","","","Above","","","",""
"TrailWaypoint","","","","","","","","","","","","","","","","","6","ConductorSignArea","ConductorSignAreaDestroy","","","","","conductor_def_sign_active","sc3d/default_goal_radius_geo.glb","sc3d/default_goal_radius_geo.glb","sc3d/default_goal_pole_geo.glb","true","","true","","Above","","","",""
"MegaTickMine","ClusterMine","","sc/effects_brawler_tick.sc","tick_009_atk2_projectile","tick_009_atk2_projectile_red","","","gen_no_hit","","800","2000","","","","","","200","Tick009Explosion2","","true","","","","","","","","","true","","2","Above","","","",""
"5f0914bd5d50bb5155490f06f770e634580f1581","","true","sc/effects.sc","","","","pickup_glow_green","power_up_bottle_sparkle","","100","200","","","","","","4","","","true","","","Spawn_buff","","sc3d/item_power_up_bottle.scw","sc3d/item_power_up_bottle.scw","","true","","","","Above","","","",""
"RogueliteLCardSqueakStickyBomb","","","sc/effects_brawler.sc","sticky_def_atk_reached","sticky_def_atk_reached_red","","","","","800","1150","","","","","","3","RogueliteLCardBombExplosion","","","","","Spawn_buff","sticky_def_atk_hit","","","","","true","","","Above","","","",""
