"Name","TID","BubbleOverrideTID","Disabled","MessageType","FileName","DefaultExportName","PopoverExportNameOverride","QuickEmojiType","SortPriority","AgeGated","AvailableInClub"
"string","string","string","Boolean","int","string","string","string","int","int","Boolean","Boolean"
"msg1","TID_QUICK_MESSAGE_CHOOSE_BRAWLER",,,1,"sc/ui.sc","button_chat_item","quick_chat_button_chat_item",,,,
"msg2","TID_QUICK_MESSAGE_CHOOSE_MODE",,,2,"sc/ui.sc","button_chat_item","quick_chat_button_chat_item",,,,
"msg3","TID_QUICK_MESSAGE_CHANGE_BRAWLERS",,"TRUE",,"sc/ui.sc","button_chat_item","quick_chat_button_chat_item",,,,
"msg4","TID_QUICK_MESSAGE_GOOD_GAME",,"TRUE",,"sc/ui.sc","button_chat_item","quick_chat_button_chat_item",,,,
"msg5","TID_QUICK_MESSAGE_PLAY_AGAIN",,,,"sc/ui.sc","button_chat_item","quick_chat_button_chat_item",,13,,
"msg6","TID_QUICK_MESSAGE_WELL_PLAYED",,,,"sc/ui.sc","button_chat_item","quick_chat_button_chat_item",,10,,
"msg7","TID_QUICK_MESSAGE_WOW",,"TRUE",,"sc/ui.sc","button_chat_item","quick_chat_button_chat_item",,,,
"msg8","TID_QUICK_MESSAGE_OK",,"TRUE",,"sc/ui.sc","button_chat_item","quick_chat_button_chat_item",,,,
"msg9","TID_QUICK_MESSAGE_GOTTA_GO",,,,"sc/ui.sc","button_chat_item","quick_chat_button_chat_item",,3,,
"msg10","TID_QUICK_MESSAGE_CHANGE_MODE",,"TRUE",,"sc/ui.sc","button_chat_item","quick_chat_button_chat_item",,,,
"msg11","TID_QUICK_MESSAGE_BYE",,"TRUE",,"sc/ui.sc","button_chat_item","quick_chat_button_chat_item",,,,
"msg12","TID_QUICK_MESSAGE_CLOSE_MATCH",,"TRUE",,"sc/ui.sc","button_chat_item","quick_chat_button_chat_item",,,,
"msg13","TID_QUICK_MESSAGE_READY",,"TRUE",,"sc/ui.sc","button_chat_item","quick_chat_button_chat_item",,,,
"msg14","TID_QUICK_MESSAGE_READY_GO",,,,"sc/ui.sc","button_chat_item","quick_chat_button_chat_item",,2,,
"msg15","TID_QUICK_MESSAGE_HI",,,,"sc/ui.sc","button_chat_item","quick_chat_button_chat_item",,1,,
"msg16","TID_QUICK_MESSAGE_NEED_BREAK",,"TRUE",,"sc/ui.sc","button_chat_item","quick_chat_button_chat_item",,,,
"msg17","TID_QUICK_MESSAGE_NEED_TO_GO",,"TRUE",,"sc/ui.sc","button_chat_item","quick_chat_button_chat_item",,,,
"msg18","TID_QUICK_MESSAGE_THANKS",,,,"sc/ui.sc","button_chat_item","quick_chat_button_chat_item",,12,,
"msg19","TID_QUICK_MESSAGE_SORRY",,,,"sc/ui.sc","button_chat_item","quick_chat_button_chat_item",,5,,
"msg20","TID_QUICK_MESSAGE_OOPS",,"TRUE",,"sc/ui.sc","button_chat_item","quick_chat_button_chat_item",,,,
"msg21","TID_QUICK_MESSAGE_SUGGEST_BRAWLER",,"TRUE",,"sc/ui.sc","button_chat_item","quick_chat_button_chat_item",,,,
"msg22","TID_QUICK_MESSAGE_SUGGEST_STARPOWER",,"TRUE",,"sc/ui.sc","button_chat_item","quick_chat_button_chat_item",,,,
"msg23","TID_QUICK_MESSAGE_SUGGEST_MODE",,"TRUE",,"sc/ui.sc","button_chat_item","quick_chat_button_chat_item",,,,
"msg24","TID_QUICK_MESSAGE_ASK_BRAWLER","TID_QUICK_MESSAGE_ASK_BRAWLER_SPLIT",,5,"sc/ui.sc","button_chat_item","quick_chat_button_chat_item",,6,,
"msg25","TID_QUICK_MESSAGE_ASK_MODE","TID_QUICK_MESSAGE_ASK_MODE_SPLIT",,6,"sc/ui.sc","button_chat_item","quick_chat_button_chat_item",,15,,
"msg26",,,,3,"sc/emoji.sc","emoji_thumbsup",,1,30,,"TRUE"
"msg27",,,,3,"sc/emoji.sc","emoji_thumbsdown",,2,30,,"TRUE"
"msg28",,,,3,"sc/emoji.sc","emoji_smile",,3,0,,"TRUE"
"msg29",,,,3,"sc/emoji.sc","emoji_sad",,4,11,,"TRUE"
"msg30",,,,3,"sc/emoji.sc","emoji_laugh",,,0,,"TRUE"
"msg31",,,,3,"sc/emoji.sc","emoji_angry",,5,22,,"TRUE"
"msg32",,,,3,"sc/emoji.sc","emoji_annoyed",,,21,,"TRUE"
"msg33",,,,3,"sc/emoji.sc","emoji_blank",,,10,,"TRUE"
"msg34",,,,3,"sc/emoji.sc","emoji_grin",,,1,,"TRUE"
"msg35",,,,3,"sc/emoji.sc","emoji_rage",,,22,,"TRUE"
"msg36",,,,3,"sc/emoji.sc","emoji_shocked",,,12,,"TRUE"
"msg37","TID_QUICK_MESSAGE_CHOOSE_FRIENDLY_LOCATION",,,4,"sc/ui.sc","button_chat_item","quick_chat_button_chat_item",,,,
"msg38",,,,3,"sc/emoji.sc","emoji_happy",,,0,,"TRUE"
"msg39",,,,3,"sc/emoji.sc","emoji_stunned",,,11,,"TRUE"
"msg40",,,,3,"sc/emoji.sc","emoji_bothered",,,20,,"TRUE"
"msg41",,,,3,"sc/emoji.sc","emoji_ecstatic",,,1,,"TRUE"
"msg42",,,,3,"sc/emoji.sc","emoji_speechless",,,10,,"TRUE"
"msg43",,,,3,"sc/emoji.sc","emoji_frenzied",,,22,,"TRUE"
"msg44","TID_QUICK_MESSAGE_ONE_MOMENT",,,,"sc/ui.sc","button_chat_item","quick_chat_button_chat_item",,7,,
"msg45","TID_QUICK_MESSAGE_ASK_STAR_TOKEN_HELP",,"TRUE",,"sc/ui.sc","button_chat_item","quick_chat_button_chat_item",,,,
"msg55","TID_QUICK_MESSAGE_LETS_CHAT",,,7,"sc/ui.sc","button_chat_item","quick_chat_button_chat_item",,,"TRUE",
"msg56",,,,8,"sc/emoji.sc","emoji_happy",,,0,,"TRUE"
"msg57","TID_QUICK_MESSAGE_YO",,,,"sc/ui.sc","button_chat_item","quick_chat_button_chat_item",,8,,
"msg58","TID_QUICK_MESSAGE_LAG",,,,"sc/ui.sc","button_chat_item","quick_chat_button_chat_item",,11,,
"msg59","TID_QUICK_MESSAGE_GG",,,,"sc/ui.sc","button_chat_item","quick_chat_button_chat_item",,4,,
"msg60","TID_QUICK_MESSAGE_LOL",,,,"sc/ui.sc","button_chat_item","quick_chat_button_chat_item",,9,,
"msg61","TID_QUICK_MESSAGE_BRB",,,,"sc/ui.sc","button_chat_item","quick_chat_button_chat_item",,14,,
"msg62","TID_QUICK_MESSAGE_QUESTS",,,,"sc/ui.sc","button_chat_item","quick_chat_button_chat_item",,17,,
"msg63","TID_QUICK_MESSAGE_TROPHIES",,,,"sc/ui.sc","button_chat_item","quick_chat_button_chat_item",,16,,
