"Name","Disabled","IconSWF","IconExportName","IconExportNameFront","IconExportNameLevels","Banner","IconOnTop","Tier","Season","FrameType","UnlockedByFame","DelayMilliseconds","DescriptionTID"
"string","boolean","string","string","string","string","string","string","int","int","string","string","int","string"
"battle_card_frame_ranked_bronze_bg",,"sc/ui.sc","battle_card_frame_ranked_bronze_bg","battle_card_frame_ranked_bronze_front","battle_card_frame_ranked_bronze_levels","battle_card_frame_ranked_bronze_2024_ui",,1,1,"Ranked",,200,"TID_BATTLE_CARD_NAME_BRONZE_2024"
"battle_card_frame_ranked_silver_bg",,"sc/ui.sc","battle_card_frame_ranked_silver_bg","battle_card_frame_ranked_silver_front","battle_card_frame_ranked_silver_levels","battle_card_frame_ranked_silver_2024_ui",,2,1,"Ranked",,200,"TID_BATTLE_CARD_NAME_SILVER_2024"
"battle_card_frame_ranked_gold_bg",,"sc/ui.sc","battle_card_frame_ranked_gold_bg","battle_card_frame_ranked_gold_front","battle_card_frame_ranked_gold_levels","battle_card_frame_ranked_gold_2024_ui",,3,1,"Ranked",,200,"TID_BATTLE_CARD_NAME_GOLD_2024"
"battle_card_frame_ranked_diamond_bg",,"sc/ui.sc","battle_card_frame_ranked_diamond_bg","battle_card_frame_ranked_diamond_front","battle_card_frame_ranked_diamond_levels","battle_card_frame_ranked_diamond_2024_ui",,4,1,"Ranked",,200,"TID_BATTLE_CARD_NAME_DIAMOND_2024"
"battle_card_frame_ranked_mythic_bg",,"sc/ui.sc","battle_card_frame_ranked_mythic_bg","battle_card_frame_ranked_mythic_front","battle_card_frame_ranked_mythic_levels","battle_card_frame_ranked_mythic_2024_ui",,5,1,"Ranked",,200,"TID_BATTLE_CARD_NAME_MYTHIC_2024"
"battle_card_frame_ranked_legendary_bg",,"sc/ui.sc","battle_card_frame_ranked_legendary_bg","battle_card_frame_ranked_legendary_front","battle_card_frame_ranked_legendary_levels","battle_card_frame_ranked_legendary_2024_ui",,6,1,"Ranked",,200,"TID_BATTLE_CARD_NAME_LEGENDARY_2024"
"battle_card_frame_ranked_masters_bg",,"sc/ui.sc","battle_card_frame_ranked_masters_bg","battle_card_frame_ranked_masters_front","battle_card_frame_ranked_masters_levels","battle_card_frame_ranked_masters_2024_ui",,7,1,"Ranked",,200,"TID_BATTLE_CARD_NAME_MASTERS_2024"
"globalFrame",,"sc/ui.sc","battle_card_frame_fame_earth_bg",,,"battle_card_frame_fame_earth_ui","fame_big_tier_1",1,,"Fame","Global1",900,"TID_BATTLE_CARD_NAME_GLOBAL_FAME"
"lunarFrame",,"sc/ui.sc","battle_card_frame_fame_moon_bg",,,"battle_card_frame_fame_moon_ui","fame_big_tier_2",2,,"Fame","Lunar1",900,"TID_BATTLE_CARD_NAME_LUNAR_FAME"
"martialFrame",,"sc/ui.sc","battle_card_frame_fame_mars_bg",,,"battle_card_frame_fame_mars_ui","fame_big_tier_3",3,,"Fame","Martial1",900,"TID_BATTLE_CARD_NAME_MARTIAN_FAME"
"saturnalFrame",,"sc/ui.sc","battle_card_frame_fame_saturn_bg",,,"battle_card_frame_fame_saturn_ui","fame_big_tier_4",4,,"Fame","Saturnal1",900,"TID_BATTLE_CARD_NAME_SATURNAL_FAME"
"solarFrame",,"sc/ui.sc","battle_card_frame_fame_sun_bg",,,"battle_card_frame_fame_sun_ui","fame_big_tier_5",5,,"Fame","Solar1",900,"TID_BATTLE_CARD_NAME_SOLAR_FAME"
"meteorFrame",,"sc/ui.sc","battle_card_frame_fame_meteor_bg",,,"battle_card_frame_fame_meteor_ui","fame_big_tier_6",6,,"Fame","Meteor1",900,"TID_BATTLE_CARD_NAME_METEORIC_FAME"
"alienFrame",,"sc/ui.sc","battle_card_frame_fame_alien_bg",,,"battle_card_frame_fame_alien_ui","fame_big_tier_7",7,,"Fame","Alien1",900,"TID_BATTLE_CARD_NAME_ALIEN_FAME"
"battle_card_frame_ranked_bronze_bg_2",,"sc/ui.sc","battle_card_frame_ranked_bronze_bg_2","battle_card_frame_ranked_bronze_front_2","battle_card_frame_ranked_bronze_levels_2","battle_card_frame_ranked_bronze_2025_ui",,1,2,"Ranked",,200,"TID_BATTLE_CARD_NAME_BRONZE_2025"
"battle_card_frame_ranked_silver_bg_2",,"sc/ui.sc","battle_card_frame_ranked_silver_bg_2","battle_card_frame_ranked_silver_front_2","battle_card_frame_ranked_silver_levels_2","battle_card_frame_ranked_silver_2025_ui",,2,2,"Ranked",,200,"TID_BATTLE_CARD_NAME_SILVER_2025"
"battle_card_frame_ranked_gold_bg_2",,"sc/ui.sc","battle_card_frame_ranked_gold_bg_2","battle_card_frame_ranked_gold_front_2","battle_card_frame_ranked_gold_levels_2","battle_card_frame_ranked_gold_2025_ui",,3,2,"Ranked",,200,"TID_BATTLE_CARD_NAME_GOLD_2025"
"battle_card_frame_ranked_diamond_bg_2",,"sc/ui.sc","battle_card_frame_ranked_diamond_bg_2","battle_card_frame_ranked_diamond_front_2","battle_card_frame_ranked_diamond_levels_2","battle_card_frame_ranked_diamond_2025_ui",,4,2,"Ranked",,200,"TID_BATTLE_CARD_NAME_DIAMOND_2025"
"battle_card_frame_ranked_mythic_bg_2",,"sc/ui.sc","battle_card_frame_ranked_mythic_bg_2","battle_card_frame_ranked_mythic_front_2","battle_card_frame_ranked_mythic_levels_2","battle_card_frame_ranked_mythic_2025_ui",,5,2,"Ranked",,200,"TID_BATTLE_CARD_NAME_MYTHIC_2025"
"battle_card_frame_ranked_legendary_bg_2",,"sc/ui.sc","battle_card_frame_ranked_legendary_bg_2","battle_card_frame_ranked_legendary_front_2","battle_card_frame_ranked_legendary_levels_2","battle_card_frame_ranked_legendary_2025_ui",,6,2,"Ranked",,200,"TID_BATTLE_CARD_NAME_LEGENDARY_2025"
"battle_card_frame_ranked_masters_bg_2",,"sc/ui.sc","battle_card_frame_ranked_masters_bg_2","battle_card_frame_ranked_masters_front_2","battle_card_frame_ranked_masters_levels_2","battle_card_frame_ranked_masters_2025_ui",,7,2,"Ranked",,200,"TID_BATTLE_CARD_NAME_MASTERS_2025"
"battle_card_frame_ranked_pro_bg_2",,"sc/ui.sc","battle_card_frame_ranked_pro_bg_2","battle_card_frame_ranked_pro_front_2","battle_card_frame_ranked_pro_levels_2","battle_card_frame_ranked_pro_2025_ui",,8,2,"Ranked",,200,"TID_BATTLE_CARD_NAME_PRO_2025"
"records_frame_level_1",,"sc/ui_achievements.sc","battle_card_frame_records_tier1_bg",,,"battle_card_frame_records_tier1_ui","battle_card_frame_records_tier1_levels",1,,"Records",,200,"TID_RECORD_CARD_NAME_LEVEL_1"
"records_frame_level_2",,"sc/ui_achievements.sc","battle_card_frame_records_tier2_bg",,,"battle_card_frame_records_tier2_ui","battle_card_frame_records_tier2_levels",2,,"Records",,200,"TID_RECORD_CARD_NAME_LEVEL_2"
"records_frame_level_3",,"sc/ui_achievements.sc","battle_card_frame_records_tier3_bg",,,"battle_card_frame_records_tier3_ui","battle_card_frame_records_tier3_levels",3,,"Records",,200,"TID_RECORD_CARD_NAME_LEVEL_3"
"records_frame_level_4",,"sc/ui_achievements.sc","battle_card_frame_records_tier4_bg",,,"battle_card_frame_records_tier4_ui","battle_card_frame_records_tier4_levels",4,,"Records",,200,"TID_RECORD_CARD_NAME_LEVEL_4"
"records_frame_level_5",,"sc/ui_achievements.sc","battle_card_frame_records_tier5_bg",,,"battle_card_frame_records_tier5_ui","battle_card_frame_records_tier5_levels",5,,"Records",,200,"TID_RECORD_CARD_NAME_LEVEL_5"
"records_frame_level_6",,"sc/ui_achievements.sc","battle_card_frame_records_tier6_bg",,,"battle_card_frame_records_tier6_ui","battle_card_frame_records_tier6_levels",6,,"Records",,200,"TID_RECORD_CARD_NAME_LEVEL_6"
"records_frame_level_7",,"sc/ui_achievements.sc","battle_card_frame_records_tier7_bg",,,"battle_card_frame_records_tier7_ui","battle_card_frame_records_tier7_levels",7,,"Records",,200,"TID_RECORD_CARD_NAME_LEVEL_7"
"records_frame_level_8",,"sc/ui_achievements.sc","battle_card_frame_records_tier8_bg",,,"battle_card_frame_records_tier8_ui","battle_card_frame_records_tier8_levels",8,,"Records",,200,"TID_RECORD_CARD_NAME_LEVEL_8"
"records_frame_level_9",,"sc/ui_achievements.sc","battle_card_frame_records_tier9_bg",,,"battle_card_frame_records_tier9_ui","battle_card_frame_records_tier9_levels",9,,"Records",,200,"TID_RECORD_CARD_NAME_LEVEL_9"
"records_frame_level_10",,"sc/ui_achievements.sc","battle_card_frame_records_tier10_bg",,,"battle_card_frame_records_tier10_ui","battle_card_frame_records_tier10_levels",10,,"Records",,200,"TID_RECORD_CARD_NAME_LEVEL_10"
"records_frame_level_11",,"sc/ui_achievements.sc","battle_card_frame_records_tier11_bg",,,"battle_card_frame_records_tier11_ui","battle_card_frame_records_tier11_levels",11,,"Records",,200,"TID_RECORD_CARD_NAME_LEVEL_11"
"records_frame_level_12",,"sc/ui_achievements.sc","battle_card_frame_records_tier12_bg",,,"battle_card_frame_records_tier12_ui","battle_card_frame_records_tier12_levels",12,,"Records",,200,"TID_RECORD_CARD_NAME_LEVEL_12"
