"Name","BillingPackages","Tiers"
"string","string","int"
"0.29USD","com.supercell.laser.bundle029",100
,"com.supercell.laser.bundle029",90
,"com.supercell.laser.bundle029",80
,"com.supercell.laser.bundle029",70
,"com.supercell.laser.bundle029",60
,"com.supercell.laser.bundle029",50
,"com.supercell.laser.bundle029",40
,"com.supercell.laser.bundle029",30
,"com.supercell.laser.bundle029",110
,"com.supercell.laser.bundle039",120
"0.39USD","com.supercell.laser.bundle039",100
,"com.supercell.laser.bundle039",90
,"com.supercell.laser.bundle029",80
,"com.supercell.laser.bundle029",70
,"com.supercell.laser.bundle029",60
,"com.supercell.laser.bundle029",50
,"com.supercell.laser.bundle029",40
,"com.supercell.laser.bundle029",30
,"com.supercell.laser.bundle039",110
,"com.supercell.laser.bundle049",120
"0.49USD","com.supercell.laser.bundle049",100
,"com.supercell.laser.bundle049",90
,"com.supercell.laser.bundle039",80
,"com.supercell.laser.bundle039",70
,"com.supercell.laser.bundle029",60
,"com.supercell.laser.bundle029",50
,"com.supercell.laser.bundle029",40
,"com.supercell.laser.bundle029",30
,"com.supercell.laser.bundle049",110
,"com.supercell.laser.bundle059",120
"0.59USD","com.supercell.laser.bundle059",100
,"com.supercell.laser.bundle049",90
,"com.supercell.laser.bundle049",80
,"com.supercell.laser.bundle039",70
,"com.supercell.laser.bundle039",60
,"com.supercell.laser.bundle029",50
,"com.supercell.laser.bundle029",40
,"com.supercell.laser.bundle029",30
,"com.supercell.laser.bundle069",110
,"com.supercell.laser.bundle069",120
"0.69USD","com.supercell.laser.bundle069",100
,"com.supercell.laser.bundle059",90
,"com.supercell.laser.bundle059",80
,"com.supercell.laser.bundle049",70
,"com.supercell.laser.bundle039",60
,"com.supercell.laser.bundle039",50
,"com.supercell.laser.bundle029",40
,"com.supercell.laser.bundle029",30
,"com.supercell.laser.bundle079",110
,"com.supercell.laser.bundle079",120
"0.79USD","com.supercell.laser.bundle079",100
,"com.supercell.laser.bundle069",90
,"com.supercell.laser.bundle059",80
,"com.supercell.laser.bundle059",70
,"com.supercell.laser.bundle049",60
,"com.supercell.laser.bundle039",50
,"com.supercell.laser.bundle029",40
,"com.supercell.laser.bundle029",30
,"com.supercell.laser.bundle089",110
,"com.supercell.laser.bundle099",120
"0.89USD","com.supercell.laser.bundle089",100
,"com.supercell.laser.bundle079",90
,"com.supercell.laser.bundle069",80
,"com.supercell.laser.bundle059",70
,"com.supercell.laser.bundle049",60
,"com.supercell.laser.bundle049",50
,"com.supercell.laser.bundle039",40
,"com.supercell.laser.bundle029",30
,"com.supercell.laser.bundle099",110
,"com.supercell.laser.bundle109",120
"0.99USD","com.supercell.laser.bundle099",100
,"com.supercell.laser.bundle089",90
,"com.supercell.laser.bundle079",80
,"com.supercell.laser.bundle069",70
,"com.supercell.laser.bundle059",60
,"com.supercell.laser.bundle049",50
,"com.supercell.laser.bundle039",40
,"com.supercell.laser.bundle029",30
,"com.supercell.laser.bundle109",110
,"com.supercell.laser.bundle119",120
"1.09USD","com.supercell.laser.bundle109",100
,"com.supercell.laser.bundle099",90
,"com.supercell.laser.bundle089",80
,"com.supercell.laser.bundle079",70
,"com.supercell.laser.bundle069",60
,"com.supercell.laser.bundle059",50
,"com.supercell.laser.bundle039",40
,"com.supercell.laser.bundle029",30
,"com.supercell.laser.bundle119",110
,"com.supercell.laser.bundle129",120
"1.19USD","com.supercell.laser.bundle119",100
,"com.supercell.laser.bundle109",90
,"com.supercell.laser.bundle099",80
,"com.supercell.laser.bundle079",70
,"com.supercell.laser.bundle069",60
,"com.supercell.laser.bundle059",50
,"com.supercell.laser.bundle049",40
,"com.supercell.laser.bundle039",30
,"com.supercell.laser.bundle129",110
,"com.supercell.laser.bundle139",120
"1.29USD","com.supercell.laser.bundle129",100
,"com.supercell.laser.bundle119",90
,"com.supercell.laser.bundle099",80
,"com.supercell.laser.bundle089",70
,"com.supercell.laser.bundle079",60
,"com.supercell.laser.bundle069",50
,"com.supercell.laser.bundle049",40
,"com.supercell.laser.bundle039",30
,"com.supercell.laser.bundle139",110
,"com.supercell.laser.bundle159",120
"1.39USD","com.supercell.laser.bundle139",100
,"com.supercell.laser.bundle129",90
,"com.supercell.laser.bundle109",80
,"com.supercell.laser.bundle099",70
,"com.supercell.laser.bundle079",60
,"com.supercell.laser.bundle069",50
,"com.supercell.laser.bundle059",40
,"com.supercell.laser.bundle039",30
,"com.supercell.laser.bundle149",110
,"com.supercell.laser.bundle169",120
"1.49USD","com.supercell.laser.bundle149",100
,"com.supercell.laser.bundle139",90
,"com.supercell.laser.bundle119",80
,"com.supercell.laser.bundle109",70
,"com.supercell.laser.bundle089",60
,"com.supercell.laser.bundle079",50
,"com.supercell.laser.bundle059",40
,"com.supercell.laser.bundle049",30
,"com.supercell.laser.bundle159",110
,"com.supercell.laser.bundle179",120
"1.59USD","com.supercell.laser.bundle159",100
,"com.supercell.laser.bundle139",90
,"com.supercell.laser.bundle129",80
,"com.supercell.laser.bundle109",70
,"com.supercell.laser.bundle099",60
,"com.supercell.laser.bundle079",50
,"com.supercell.laser.bundle059",40
,"com.supercell.laser.bundle049",30
,"com.supercell.laser.bundle179",110
,"com.supercell.laser.bundle189",120
"1.69USD","com.supercell.laser.bundle169",100
,"com.supercell.laser.bundle149",90
,"com.supercell.laser.bundle139",80
,"com.supercell.laser.bundle119",70
,"com.supercell.laser.bundle099",60
,"com.supercell.laser.bundle089",50
,"com.supercell.laser.bundle069",40
,"com.supercell.laser.bundle049",30
,"com.supercell.laser.bundle189",110
,"com.supercell.laser.bundle199",120
"1.79USD","com.supercell.laser.bundle179",100
,"com.supercell.laser.bundle159",90
,"com.supercell.laser.bundle139",80
,"com.supercell.laser.bundle129",70
,"com.supercell.laser.bundle109",60
,"com.supercell.laser.bundle089",50
,"com.supercell.laser.bundle069",40
,"com.supercell.laser.bundle049",30
,"com.supercell.laser.bundle199",110
,"com.supercell.laser.bundle219",120
"1.89USD","com.supercell.laser.bundle189",100
,"com.supercell.laser.bundle169",90
,"com.supercell.laser.bundle149",80
,"com.supercell.laser.bundle129",70
,"com.supercell.laser.bundle109",60
,"com.supercell.laser.bundle099",50
,"com.supercell.laser.bundle079",40
,"com.supercell.laser.bundle059",30
,"com.supercell.laser.bundle209",110
,"com.supercell.laser.bundle229",120
"1.99USD","com.supercell.laser.bundle199",100
,"com.supercell.laser.bundle179",90
,"com.supercell.laser.bundle159",80
,"com.supercell.laser.bundle139",70
,"com.supercell.laser.bundle119",60
,"com.supercell.laser.bundle099",50
,"com.supercell.laser.bundle079",40
,"com.supercell.laser.bundle059",30
,"com.supercell.laser.bundle219",110
,"com.supercell.laser.bundle239",120
"2.09USD","com.supercell.laser.bundle209",100
,"com.supercell.laser.bundle189",90
,"com.supercell.laser.bundle169",80
,"com.supercell.laser.bundle149",70
,"com.supercell.laser.bundle129",60
,"com.supercell.laser.bundle109",50
,"com.supercell.laser.bundle079",40
,"com.supercell.laser.bundle059",30
,"com.supercell.laser.bundle229",110
,"com.supercell.laser.bundle249",120
"2.19USD","com.supercell.laser.bundle219",100
,"com.supercell.laser.bundle199",90
,"com.supercell.laser.bundle179",80
,"com.supercell.laser.bundle149",70
,"com.supercell.laser.bundle129",60
,"com.supercell.laser.bundle109",50
,"com.supercell.laser.bundle089",40
,"com.supercell.laser.bundle069",30
,"com.supercell.laser.bundle239",110
,"com.supercell.laser.bundle259",120
"2.29USD","com.supercell.laser.bundle229",100
,"com.supercell.laser.bundle209",90
,"com.supercell.laser.bundle179",80
,"com.supercell.laser.bundle159",70
,"com.supercell.laser.bundle139",60
,"com.supercell.laser.bundle119",50
,"com.supercell.laser.bundle089",40
,"com.supercell.laser.bundle069",30
,"com.supercell.laser.bundle249",110
,"com.supercell.laser.bundle279",120
"2.39USD","com.supercell.laser.bundle239",100
,"com.supercell.laser.bundle219",90
,"com.supercell.laser.bundle189",80
,"com.supercell.laser.bundle169",70
,"com.supercell.laser.bundle139",60
,"com.supercell.laser.bundle119",50
,"com.supercell.laser.bundle099",40
,"com.supercell.laser.bundle069",30
,"com.supercell.laser.bundle259",110
,"com.supercell.laser.bundle289",120
"2.49USD","com.supercell.laser.bundle249",100
,"com.supercell.laser.bundle229",90
,"com.supercell.laser.bundle199",80
,"com.supercell.laser.bundle179",70
,"com.supercell.laser.bundle149",60
,"com.supercell.laser.bundle129",50
,"com.supercell.laser.bundle099",40
,"com.supercell.laser.bundle079",30
,"com.supercell.laser.bundle269",110
,"com.supercell.laser.bundle299",120
"2.59USD","com.supercell.laser.bundle259",100
,"com.supercell.laser.bundle229",90
,"com.supercell.laser.bundle209",80
,"com.supercell.laser.bundle179",70
,"com.supercell.laser.bundle159",60
,"com.supercell.laser.bundle129",50
,"com.supercell.laser.bundle099",40
,"com.supercell.laser.bundle079",30
,"com.supercell.laser.bundle289",110
,"com.supercell.laser.bundle299",120
"2.69USD","com.supercell.laser.bundle269",100
,"com.supercell.laser.bundle239",90
,"com.supercell.laser.bundle219",80
,"com.supercell.laser.bundle189",70
,"com.supercell.laser.bundle159",60
,"com.supercell.laser.bundle139",50
,"com.supercell.laser.bundle109",40
,"com.supercell.laser.bundle079",30
,"com.supercell.laser.bundle299",110
,"com.supercell.laser.bundle329",120
"2.79USD","com.supercell.laser.bundle279",100
,"com.supercell.laser.bundle249",90
,"com.supercell.laser.bundle219",80
,"com.supercell.laser.bundle199",70
,"com.supercell.laser.bundle169",60
,"com.supercell.laser.bundle139",50
,"com.supercell.laser.bundle109",40
,"com.supercell.laser.bundle079",30
,"com.supercell.laser.bundle299",110
,"com.supercell.laser.bundle329",120
"2.89USD","com.supercell.laser.bundle289",100
,"com.supercell.laser.bundle259",90
,"com.supercell.laser.bundle229",80
,"com.supercell.laser.bundle199",70
,"com.supercell.laser.bundle169",60
,"com.supercell.laser.bundle149",50
,"com.supercell.laser.bundle119",40
,"com.supercell.laser.bundle089",30
,"com.supercell.laser.bundle329",110
,"com.supercell.laser.bundle349",120
"2.99USD","com.supercell.laser.bundle299",100
,"com.supercell.laser.bundle269",90
,"com.supercell.laser.bundle239",80
,"com.supercell.laser.bundle209",70
,"com.supercell.laser.bundle179",60
,"com.supercell.laser.bundle149",50
,"com.supercell.laser.bundle119",40
,"com.supercell.laser.bundle089",30
,"com.supercell.laser.bundle329",110
,"com.supercell.laser.bundle349",120
"3.29USD","com.supercell.laser.bundle329",100
,"com.supercell.laser.bundle299",90
,"com.supercell.laser.bundle259",80
,"com.supercell.laser.bundle229",70
,"com.supercell.laser.bundle199",60
,"com.supercell.laser.bundle169",50
,"com.supercell.laser.bundle129",40
,"com.supercell.laser.bundle099",30
,"com.supercell.laser.bundle349",110
,"com.supercell.laser.bundle399",120
"3.49USD","com.supercell.laser.bundle349",100
,"com.supercell.laser.bundle329",90
,"com.supercell.laser.bundle279",80
,"com.supercell.laser.bundle249",70
,"com.supercell.laser.bundle209",60
,"com.supercell.laser.bundle179",50
,"com.supercell.laser.bundle139",40
,"com.supercell.laser.bundle109",30
,"com.supercell.laser.bundle379",110
,"com.supercell.laser.bundle429",120
"3.79USD","com.supercell.laser.bundle379",100
,"com.supercell.laser.bundle349",90
,"com.supercell.laser.bundle299",80
,"com.supercell.laser.bundle269",70
,"com.supercell.laser.bundle229",60
,"com.supercell.laser.bundle189",50
,"com.supercell.laser.bundle149",40
,"com.supercell.laser.bundle109",30
,"com.supercell.laser.bundle429",110
,"com.supercell.laser.bundle449",120
"3.99USD","com.supercell.laser.bundle399",100
,"com.supercell.laser.bundle349",90
,"com.supercell.laser.bundle329",80
,"com.supercell.laser.bundle279",70
,"com.supercell.laser.bundle239",60
,"com.supercell.laser.bundle199",50
,"com.supercell.laser.bundle159",40
,"com.supercell.laser.bundle119",30
,"com.supercell.laser.bundle429",110
,"com.supercell.laser.bundle479",120
"4.29USD","com.supercell.laser.bundle429",100
,"com.supercell.laser.bundle379",90
,"com.supercell.laser.bundle349",80
,"com.supercell.laser.bundle299",70
,"com.supercell.laser.bundle259",60
,"com.supercell.laser.bundle219",50
,"com.supercell.laser.bundle169",40
,"com.supercell.laser.bundle129",30
,"com.supercell.laser.bundle479",110
,"com.supercell.laser.bundle499",120
"4.49USD","com.supercell.laser.bundle449",100
,"com.supercell.laser.bundle399",90
,"com.supercell.laser.bundle349",80
,"com.supercell.laser.bundle329",70
,"com.supercell.laser.bundle269",60
,"com.supercell.laser.bundle229",50
,"com.supercell.laser.bundle179",40
,"com.supercell.laser.bundle139",30
,"com.supercell.laser.bundle499",110
,"com.supercell.laser.bundle549",120
"4.79USD","com.supercell.laser.bundle479",100
,"com.supercell.laser.bundle429",90
,"com.supercell.laser.bundle379",80
,"com.supercell.laser.bundle329",70
,"com.supercell.laser.bundle289",60
,"com.supercell.laser.bundle239",50
,"com.supercell.laser.bundle189",40
,"com.supercell.laser.bundle139",30
,"com.supercell.laser.bundle549",110
,"com.supercell.laser.bundle599",120
"4.99USD","com.supercell.laser.bundle499",100
,"com.supercell.laser.bundle449",90
,"com.supercell.laser.bundle399",80
,"com.supercell.laser.bundle349",70
,"com.supercell.laser.bundle299",60
,"com.supercell.laser.bundle249",50
,"com.supercell.laser.bundle199",40
,"com.supercell.laser.bundle149",30
,"com.supercell.laser.bundle549",110
,"com.supercell.laser.bundle599",120
"5.49USD","com.supercell.laser.bundle549",100
,"com.supercell.laser.bundle499",90
,"com.supercell.laser.bundle449",80
,"com.supercell.laser.bundle379",70
,"com.supercell.laser.bundle329",60
,"com.supercell.laser.bundle279",50
,"com.supercell.laser.bundle219",40
,"com.supercell.laser.bundle169",30
,"com.supercell.laser.bundle599",110
,"com.supercell.laser.bundle649",120
"5.99USD","com.supercell.laser.bundle599",100
,"com.supercell.laser.bundle549",90
,"com.supercell.laser.bundle479",80
,"com.supercell.laser.bundle429",70
,"com.supercell.laser.bundle349",60
,"com.supercell.laser.bundle299",50
,"com.supercell.laser.bundle239",40
,"com.supercell.laser.bundle179",30
,"com.supercell.laser.bundle649",110
,"com.supercell.laser.bundle699",120
"6.49USD","com.supercell.laser.bundle649",100
,"com.supercell.laser.bundle599",90
,"com.supercell.laser.bundle499",80
,"com.supercell.laser.bundle449",70
,"com.supercell.laser.bundle399",60
,"com.supercell.laser.bundle329",50
,"com.supercell.laser.bundle259",40
,"com.supercell.laser.bundle199",30
,"com.supercell.laser.bundle699",110
,"com.supercell.laser.bundle799",120
"6.99USD","com.supercell.laser.bundle699",100
,"com.supercell.laser.bundle649",90
,"com.supercell.laser.bundle549",80
,"com.supercell.laser.bundle499",70
,"com.supercell.laser.bundle429",60
,"com.supercell.laser.bundle349",50
,"com.supercell.laser.bundle279",40
,"com.supercell.laser.bundle209",30
,"com.supercell.laser.bundle749",110
,"com.supercell.laser.bundle849",120
"7.49USD","com.supercell.laser.bundle749",100
,"com.supercell.laser.bundle699",90
,"com.supercell.laser.bundle599",80
,"com.supercell.laser.bundle549",70
,"com.supercell.laser.bundle449",60
,"com.supercell.laser.bundle379",50
,"com.supercell.laser.bundle299",40
,"com.supercell.laser.bundle229",30
,"com.supercell.laser.bundle799",110
,"com.supercell.laser.bundle899",120
"7.99USD","com.supercell.laser.bundle799",100
,"com.supercell.laser.bundle699",90
,"com.supercell.laser.bundle649",80
,"com.supercell.laser.bundle549",70
,"com.supercell.laser.bundle479",60
,"com.supercell.laser.bundle399",50
,"com.supercell.laser.bundle329",40
,"com.supercell.laser.bundle239",30
,"com.supercell.laser.bundle899",110
,"com.supercell.laser.bundle949",120
"8.49USD","com.supercell.laser.bundle849",100
,"com.supercell.laser.bundle749",90
,"com.supercell.laser.bundle699",80
,"com.supercell.laser.bundle599",70
,"com.supercell.laser.bundle499",60
,"com.supercell.laser.bundle429",50
,"com.supercell.laser.bundle349",40
,"com.supercell.laser.bundle259",30
,"com.supercell.laser.bundle949",110
,"com.supercell.laser.bundle999",120
"8.99USD","com.supercell.laser.bundle899",100
,"com.supercell.laser.bundle799",90
,"com.supercell.laser.bundle699",80
,"com.supercell.laser.bundle649",70
,"com.supercell.laser.bundle549",60
,"com.supercell.laser.bundle449",50
,"com.supercell.laser.bundle349",40
,"com.supercell.laser.bundle269",30
,"com.supercell.laser.bundle999",110
,"com.supercell.laser.bundle1099",120
"9.49USD","com.supercell.laser.bundle949",100
,"com.supercell.laser.bundle849",90
,"com.supercell.laser.bundle749",80
,"com.supercell.laser.bundle649",70
,"com.supercell.laser.bundle549",60
,"com.supercell.laser.bundle479",50
,"com.supercell.laser.bundle379",40
,"com.supercell.laser.bundle289",30
,"com.supercell.laser.bundle999",110
,"com.supercell.laser.bundle1099",120
"9.99USD","com.supercell.laser.bundle999",100
,"com.supercell.laser.bundle899",90
,"com.supercell.laser.bundle799",80
,"com.supercell.laser.bundle699",70
,"com.supercell.laser.bundle599",60
,"com.supercell.laser.bundle499",50
,"com.supercell.laser.bundle399",40
,"com.supercell.laser.bundle299",30
,"com.supercell.laser.bundle1099",110
,"com.supercell.laser.bundle1199",120
"10.99USD","com.supercell.laser.bundle1099",100
,"com.supercell.laser.bundle999",90
,"com.supercell.laser.bundle899",80
,"com.supercell.laser.bundle749",70
,"com.supercell.laser.bundle649",60
,"com.supercell.laser.bundle549",50
,"com.supercell.laser.bundle449",40
,"com.supercell.laser.bundle329",30
,"com.supercell.laser.bundle1199",110
,"com.supercell.laser.bundle1299",120
"11.99USD","com.supercell.laser.bundle1199",100
,"com.supercell.laser.bundle1099",90
,"com.supercell.laser.bundle949",80
,"com.supercell.laser.bundle849",70
,"com.supercell.laser.bundle699",60
,"com.supercell.laser.bundle599",50
,"com.supercell.laser.bundle479",40
,"com.supercell.laser.bundle349",30
,"com.supercell.laser.bundle1299",110
,"com.supercell.laser.bundle1399",120
"12.99USD","com.supercell.laser.bundle1299",100
,"com.supercell.laser.bundle1199",90
,"com.supercell.laser.bundle999",80
,"com.supercell.laser.bundle899",70
,"com.supercell.laser.bundle799",60
,"com.supercell.laser.bundle649",50
,"com.supercell.laser.bundle499",40
,"com.supercell.laser.bundle399",30
,"com.supercell.laser.bundle1399",110
,"com.supercell.laser.bundle1599",120
"13.99USD","com.supercell.laser.bundle1399",100
,"com.supercell.laser.bundle1299",90
,"com.supercell.laser.bundle1099",80
,"com.supercell.laser.bundle999",70
,"com.supercell.laser.bundle849",60
,"com.supercell.laser.bundle699",50
,"com.supercell.laser.bundle549",40
,"com.supercell.laser.bundle429",30
,"com.supercell.laser.bundle1499",110
,"com.supercell.laser.bundle1699",120
"14.99USD","com.supercell.laser.bundle1499",100
,"com.supercell.laser.bundle1399",90
,"com.supercell.laser.bundle1199",80
,"com.supercell.laser.bundle1099",70
,"com.supercell.laser.bundle899",60
,"com.supercell.laser.bundle749",50
,"com.supercell.laser.bundle599",40
,"com.supercell.laser.bundle449",30
,"com.supercell.laser.bundle1599",110
,"com.supercell.laser.bundle1799",120
"15.99USD","com.supercell.laser.bundle1599",100
,"com.supercell.laser.bundle1399",90
,"com.supercell.laser.bundle1299",80
,"com.supercell.laser.bundle1099",70
,"com.supercell.laser.bundle949",60
,"com.supercell.laser.bundle799",50
,"com.supercell.laser.bundle649",40
,"com.supercell.laser.bundle479",30
,"com.supercell.laser.bundle1799",110
,"com.supercell.laser.bundle1899",120
"16.99USD","com.supercell.laser.bundle1699",100
,"com.supercell.laser.bundle1499",90
,"com.supercell.laser.bundle1399",80
,"com.supercell.laser.bundle1199",70
,"com.supercell.laser.bundle999",60
,"com.supercell.laser.bundle849",50
,"com.supercell.laser.bundle699",40
,"com.supercell.laser.bundle499",30
,"com.supercell.laser.bundle1899",110
,"com.supercell.laser.bundle1999",120
"17.99USD","com.supercell.laser.bundle1799",100
,"com.supercell.laser.bundle1599",90
,"com.supercell.laser.bundle1399",80
,"com.supercell.laser.bundle1299",70
,"com.supercell.laser.bundle1099",60
,"com.supercell.laser.bundle899",50
,"com.supercell.laser.bundle699",40
,"com.supercell.laser.bundle549",30
,"com.supercell.laser.bundle1999",110
,"com.supercell.laser.bundle2199",120
"18.99USD","com.supercell.laser.bundle1899",100
,"com.supercell.laser.bundle1699",90
,"com.supercell.laser.bundle1499",80
,"com.supercell.laser.bundle1299",70
,"com.supercell.laser.bundle1099",60
,"com.supercell.laser.bundle949",50
,"com.supercell.laser.bundle749",40
,"com.supercell.laser.bundle549",30
,"com.supercell.laser.bundle2099",110
,"com.supercell.laser.bundle2299",120
"19.99USD","com.supercell.laser.bundle1999",100
,"com.supercell.laser.bundle1799",90
,"com.supercell.laser.bundle1599",80
,"com.supercell.laser.bundle1399",70
,"com.supercell.laser.bundle1199",60
,"com.supercell.laser.bundle999",50
,"com.supercell.laser.bundle799",40
,"com.supercell.laser.bundle599",30
,"com.supercell.laser.bundle2199",110
,"com.supercell.laser.bundle2399",120
"20.99USD","com.supercell.laser.bundle2099",100
,"com.supercell.laser.bundle1899",90
,"com.supercell.laser.bundle1699",80
,"com.supercell.laser.bundle1499",70
,"com.supercell.laser.bundle1299",60
,"com.supercell.laser.bundle1099",50
,"com.supercell.laser.bundle849",40
,"com.supercell.laser.bundle649",30
,"com.supercell.laser.bundle2299",110
,"com.supercell.laser.bundle2499",120
"21.99USD","com.supercell.laser.bundle2199",100
,"com.supercell.laser.bundle1999",90
,"com.supercell.laser.bundle1799",80
,"com.supercell.laser.bundle1499",70
,"com.supercell.laser.bundle1299",60
,"com.supercell.laser.bundle1099",50
,"com.supercell.laser.bundle899",40
,"com.supercell.laser.bundle649",30
,"com.supercell.laser.bundle2399",110
,"com.supercell.laser.bundle2599",120
"22.99USD","com.supercell.laser.bundle2299",100
,"com.supercell.laser.bundle2099",90
,"com.supercell.laser.bundle1799",80
,"com.supercell.laser.bundle1599",70
,"com.supercell.laser.bundle1399",60
,"com.supercell.laser.bundle1199",50
,"com.supercell.laser.bundle899",40
,"com.supercell.laser.bundle699",30
,"com.supercell.laser.bundle2499",110
,"com.supercell.laser.bundle2799",120
"23.99USD","com.supercell.laser.bundle2399",100
,"com.supercell.laser.bundle2199",90
,"com.supercell.laser.bundle1899",80
,"com.supercell.laser.bundle1699",70
,"com.supercell.laser.bundle1399",60
,"com.supercell.laser.bundle1199",50
,"com.supercell.laser.bundle949",40
,"com.supercell.laser.bundle699",30
,"com.supercell.laser.bundle2599",110
,"com.supercell.laser.bundle2899",120
"24.99USD","com.supercell.laser.bundle2499",100
,"com.supercell.laser.bundle2299",90
,"com.supercell.laser.bundle1999",80
,"com.supercell.laser.bundle1799",70
,"com.supercell.laser.bundle1499",60
,"com.supercell.laser.bundle1299",50
,"com.supercell.laser.bundle999",40
,"com.supercell.laser.bundle749",30
,"com.supercell.laser.bundle2699",110
,"com.supercell.laser.bundle2999",120
"25.99USD","com.supercell.laser.bundle2599",100
,"com.supercell.laser.bundle2299",90
,"com.supercell.laser.bundle2099",80
,"com.supercell.laser.bundle1799",70
,"com.supercell.laser.bundle1599",60
,"com.supercell.laser.bundle1299",50
,"com.supercell.laser.bundle999",40
,"com.supercell.laser.bundle799",30
,"com.supercell.laser.bundle2899",110
,"com.supercell.laser.bundle3099",120
"26.99USD","com.supercell.laser.bundle2699",100
,"com.supercell.laser.bundle2399",90
,"com.supercell.laser.bundle2199",80
,"com.supercell.laser.bundle1899",70
,"com.supercell.laser.bundle1599",60
,"com.supercell.laser.bundle1399",50
,"com.supercell.laser.bundle1099",40
,"com.supercell.laser.bundle799",30
,"com.supercell.laser.bundle2999",110
,"com.supercell.laser.bundle3199",120
"27.99USD","com.supercell.laser.bundle2799",100
,"com.supercell.laser.bundle2499",90
,"com.supercell.laser.bundle2199",80
,"com.supercell.laser.bundle1999",70
,"com.supercell.laser.bundle1699",60
,"com.supercell.laser.bundle1399",50
,"com.supercell.laser.bundle1099",40
,"com.supercell.laser.bundle849",30
,"com.supercell.laser.bundle3099",110
,"com.supercell.laser.bundle3399",120
"28.99USD","com.supercell.laser.bundle2899",100
,"com.supercell.laser.bundle2599",90
,"com.supercell.laser.bundle2299",80
,"com.supercell.laser.bundle1999",70
,"com.supercell.laser.bundle1699",60
,"com.supercell.laser.bundle1499",50
,"com.supercell.laser.bundle1199",40
,"com.supercell.laser.bundle849",30
,"com.supercell.laser.bundle3199",110
,"com.supercell.laser.bundle3499",120
"29.99USD","com.supercell.laser.bundle2999",100
,"com.supercell.laser.bundle2699",90
,"com.supercell.laser.bundle2399",80
,"com.supercell.laser.bundle2099",70
,"com.supercell.laser.bundle1799",60
,"com.supercell.laser.bundle1499",50
,"com.supercell.laser.bundle1199",40
,"com.supercell.laser.bundle899",30
,"com.supercell.laser.bundle3299",110
,"com.supercell.laser.bundle3599",120
"30.99USD","com.supercell.laser.bundle3099",100
,"com.supercell.laser.bundle2799",90
,"com.supercell.laser.bundle2499",80
,"com.supercell.laser.bundle2199",70
,"com.supercell.laser.bundle1899",60
,"com.supercell.laser.bundle1599",50
,"com.supercell.laser.bundle1199",40
,"com.supercell.laser.bundle949",30
,"com.supercell.laser.bundle3399",110
,"com.supercell.laser.bundle3699",120
"31.99USD","com.supercell.laser.bundle3199",100
,"com.supercell.laser.bundle2899",90
,"com.supercell.laser.bundle2599",80
,"com.supercell.laser.bundle2199",70
,"com.supercell.laser.bundle1899",60
,"com.supercell.laser.bundle1599",50
,"com.supercell.laser.bundle1299",40
,"com.supercell.laser.bundle949",30
,"com.supercell.laser.bundle3499",110
,"com.supercell.laser.bundle3799",120
"32.99USD","com.supercell.laser.bundle3299",100
,"com.supercell.laser.bundle2999",90
,"com.supercell.laser.bundle2599",80
,"com.supercell.laser.bundle2299",70
,"com.supercell.laser.bundle1999",60
,"com.supercell.laser.bundle1699",50
,"com.supercell.laser.bundle1299",40
,"com.supercell.laser.bundle999",30
,"com.supercell.laser.bundle3599",110
,"com.supercell.laser.bundle3999",120
"33.99USD","com.supercell.laser.bundle3399",100
,"com.supercell.laser.bundle3099",90
,"com.supercell.laser.bundle2699",80
,"com.supercell.laser.bundle2399",70
,"com.supercell.laser.bundle1999",60
,"com.supercell.laser.bundle1699",50
,"com.supercell.laser.bundle1399",40
,"com.supercell.laser.bundle999",30
,"com.supercell.laser.bundle3699",110
,"com.supercell.laser.bundle4099",120
"34.99USD","com.supercell.laser.bundle3499",100
,"com.supercell.laser.bundle3199",90
,"com.supercell.laser.bundle2799",80
,"com.supercell.laser.bundle2499",70
,"com.supercell.laser.bundle2099",60
,"com.supercell.laser.bundle1799",50
,"com.supercell.laser.bundle1399",40
,"com.supercell.laser.bundle1099",30
,"com.supercell.laser.bundle3799",110
,"com.supercell.laser.bundle4199",120
"35.99USD","com.supercell.laser.bundle3599",100
,"com.supercell.laser.bundle3199",90
,"com.supercell.laser.bundle2899",80
,"com.supercell.laser.bundle2499",70
,"com.supercell.laser.bundle2199",60
,"com.supercell.laser.bundle1799",50
,"com.supercell.laser.bundle1399",40
,"com.supercell.laser.bundle1099",30
,"com.supercell.laser.bundle3999",110
,"com.supercell.laser.bundle4299",120
"36.99USD","com.supercell.laser.bundle3699",100
,"com.supercell.laser.bundle3299",90
,"com.supercell.laser.bundle2999",80
,"com.supercell.laser.bundle2599",70
,"com.supercell.laser.bundle2199",60
,"com.supercell.laser.bundle1899",50
,"com.supercell.laser.bundle1499",40
,"com.supercell.laser.bundle1099",30
,"com.supercell.laser.bundle4099",110
,"com.supercell.laser.bundle4399",120
"37.99USD","com.supercell.laser.bundle3799",100
,"com.supercell.laser.bundle3399",90
,"com.supercell.laser.bundle2999",80
,"com.supercell.laser.bundle2699",70
,"com.supercell.laser.bundle2299",60
,"com.supercell.laser.bundle1899",50
,"com.supercell.laser.bundle1499",40
,"com.supercell.laser.bundle1099",30
,"com.supercell.laser.bundle4199",110
,"com.supercell.laser.bundle4599",120
"38.99USD","com.supercell.laser.bundle3899",100
,"com.supercell.laser.bundle3499",90
,"com.supercell.laser.bundle3099",80
,"com.supercell.laser.bundle2699",70
,"com.supercell.laser.bundle2299",60
,"com.supercell.laser.bundle1999",50
,"com.supercell.laser.bundle1599",40
,"com.supercell.laser.bundle1199",30
,"com.supercell.laser.bundle4299",110
,"com.supercell.laser.bundle4699",120
"39.99USD","com.supercell.laser.bundle3999",100
,"com.supercell.laser.bundle3599",90
,"com.supercell.laser.bundle3199",80
,"com.supercell.laser.bundle2799",70
,"com.supercell.laser.bundle2399",60
,"com.supercell.laser.bundle1999",50
,"com.supercell.laser.bundle1599",40
,"com.supercell.laser.bundle1199",30
,"com.supercell.laser.bundle4399",110
,"com.supercell.laser.bundle4799",120
"40.99USD","com.supercell.laser.bundle4099",100
,"com.supercell.laser.bundle3699",90
,"com.supercell.laser.bundle3299",80
,"com.supercell.laser.bundle2899",70
,"com.supercell.laser.bundle2499",60
,"com.supercell.laser.bundle2099",50
,"com.supercell.laser.bundle1599",40
,"com.supercell.laser.bundle1199",30
,"com.supercell.laser.bundle4499",110
,"com.supercell.laser.bundle4899",120
"41.99USD","com.supercell.laser.bundle4199",100
,"com.supercell.laser.bundle3799",90
,"com.supercell.laser.bundle3399",80
,"com.supercell.laser.bundle2899",70
,"com.supercell.laser.bundle2499",60
,"com.supercell.laser.bundle2099",50
,"com.supercell.laser.bundle1699",40
,"com.supercell.laser.bundle1299",30
,"com.supercell.laser.bundle4599",110
,"com.supercell.laser.bundle4999",120
"42.99USD","com.supercell.laser.bundle4299",100
,"com.supercell.laser.bundle3899",90
,"com.supercell.laser.bundle3399",80
,"com.supercell.laser.bundle2999",70
,"com.supercell.laser.bundle2599",60
,"com.supercell.laser.bundle2199",50
,"com.supercell.laser.bundle1699",40
,"com.supercell.laser.bundle1299",30
,"com.supercell.laser.bundle4699",110
,"com.supercell.laser.bundle5299",120
"43.99USD","com.supercell.laser.bundle4399",100
,"com.supercell.laser.bundle3999",90
,"com.supercell.laser.bundle3499",80
,"com.supercell.laser.bundle3099",70
,"com.supercell.laser.bundle2599",60
,"com.supercell.laser.bundle2199",50
,"com.supercell.laser.bundle1799",40
,"com.supercell.laser.bundle1299",30
,"com.supercell.laser.bundle4799",110
,"com.supercell.laser.bundle5299",120
"44.99USD","com.supercell.laser.bundle4499",100
,"com.supercell.laser.bundle4099",90
,"com.supercell.laser.bundle3599",80
,"com.supercell.laser.bundle3199",70
,"com.supercell.laser.bundle2699",60
,"com.supercell.laser.bundle2299",50
,"com.supercell.laser.bundle1799",40
,"com.supercell.laser.bundle1399",30
,"com.supercell.laser.bundle4899",110
,"com.supercell.laser.bundle5299",120
"45.99USD","com.supercell.laser.bundle4599",100
,"com.supercell.laser.bundle4099",90
,"com.supercell.laser.bundle3699",80
,"com.supercell.laser.bundle3199",70
,"com.supercell.laser.bundle2799",60
,"com.supercell.laser.bundle2299",50
,"com.supercell.laser.bundle1799",40
,"com.supercell.laser.bundle1399",30
,"com.supercell.laser.bundle4999",110
,"com.supercell.laser.bundle5499",120
"46.99USD","com.supercell.laser.bundle4699",100
,"com.supercell.laser.bundle4199",90
,"com.supercell.laser.bundle3799",80
,"com.supercell.laser.bundle3299",70
,"com.supercell.laser.bundle2799",60
,"com.supercell.laser.bundle2399",50
,"com.supercell.laser.bundle1899",40
,"com.supercell.laser.bundle1399",30
,"com.supercell.laser.bundle5299",110
,"com.supercell.laser.bundle5499",120
"47.99USD","com.supercell.laser.bundle4799",100
,"com.supercell.laser.bundle4299",90
,"com.supercell.laser.bundle3799",80
,"com.supercell.laser.bundle3399",70
,"com.supercell.laser.bundle2899",60
,"com.supercell.laser.bundle2399",50
,"com.supercell.laser.bundle1899",40
,"com.supercell.laser.bundle1399",30
,"com.supercell.laser.bundle5299",110
,"com.supercell.laser.bundle5799",120
"48.99USD","com.supercell.laser.bundle4899",100
,"com.supercell.laser.bundle4399",90
,"com.supercell.laser.bundle3899",80
,"com.supercell.laser.bundle3399",70
,"com.supercell.laser.bundle2899",60
,"com.supercell.laser.bundle2499",50
,"com.supercell.laser.bundle1999",40
,"com.supercell.laser.bundle1499",30
,"com.supercell.laser.bundle5299",110
,"com.supercell.laser.bundle5799",120
"49.99USD","com.supercell.laser.bundle4999",100
,"com.supercell.laser.bundle4499",90
,"com.supercell.laser.bundle3999",80
,"com.supercell.laser.bundle3499",70
,"com.supercell.laser.bundle2999",60
,"com.supercell.laser.bundle2499",50
,"com.supercell.laser.bundle1999",40
,"com.supercell.laser.bundle1499",30
,"com.supercell.laser.bundle5499",110
,"com.supercell.laser.bundle5999",120
"52.99USD","com.supercell.laser.bundle5299",100
,"com.supercell.laser.bundle4799",90
,"com.supercell.laser.bundle4199",80
,"com.supercell.laser.bundle3699",70
,"com.supercell.laser.bundle3199",60
,"com.supercell.laser.bundle2699",50
,"com.supercell.laser.bundle2099",40
,"com.supercell.laser.bundle1599",30
,"com.supercell.laser.bundle5799",110
,"com.supercell.laser.bundle6299",120
"54.99USD","com.supercell.laser.bundle5499",100
,"com.supercell.laser.bundle4999",90
,"com.supercell.laser.bundle4399",80
,"com.supercell.laser.bundle3899",70
,"com.supercell.laser.bundle3299",60
,"com.supercell.laser.bundle2799",50
,"com.supercell.laser.bundle2199",40
,"com.supercell.laser.bundle1699",30
,"com.supercell.laser.bundle5999",110
,"com.supercell.laser.bundle6499",120
"57.99USD","com.supercell.laser.bundle5799",100
,"com.supercell.laser.bundle5299",90
,"com.supercell.laser.bundle4599",80
,"com.supercell.laser.bundle4099",70
,"com.supercell.laser.bundle3499",60
,"com.supercell.laser.bundle2899",50
,"com.supercell.laser.bundle2299",40
,"com.supercell.laser.bundle1699",30
,"com.supercell.laser.bundle6299",110
,"com.supercell.laser.bundle6999",120
"59.99USD","com.supercell.laser.bundle5999",100
,"com.supercell.laser.bundle5499",90
,"com.supercell.laser.bundle4799",80
,"com.supercell.laser.bundle4199",70
,"com.supercell.laser.bundle3599",60
,"com.supercell.laser.bundle2999",50
,"com.supercell.laser.bundle2399",40
,"com.supercell.laser.bundle1799",30
,"com.supercell.laser.bundle6499",110
,"com.supercell.laser.bundle7299",120
"62.99USD","com.supercell.laser.bundle6299",100
,"com.supercell.laser.bundle5799",90
,"com.supercell.laser.bundle4999",80
,"com.supercell.laser.bundle4399",70
,"com.supercell.laser.bundle3799",60
,"com.supercell.laser.bundle3199",50
,"com.supercell.laser.bundle2499",40
,"com.supercell.laser.bundle1899",30
,"com.supercell.laser.bundle6999",110
,"com.supercell.laser.bundle7499",120
"64.99USD","com.supercell.laser.bundle6499",100
,"com.supercell.laser.bundle5799",90
,"com.supercell.laser.bundle5299",80
,"com.supercell.laser.bundle4599",70
,"com.supercell.laser.bundle3899",60
,"com.supercell.laser.bundle3299",50
,"com.supercell.laser.bundle2599",40
,"com.supercell.laser.bundle1999",30
,"com.supercell.laser.bundle6999",110
,"com.supercell.laser.bundle7799",120
"67.99USD","com.supercell.laser.bundle6799",100
,"com.supercell.laser.bundle5999",90
,"com.supercell.laser.bundle5499",80
,"com.supercell.laser.bundle4799",70
,"com.supercell.laser.bundle4099",60
,"com.supercell.laser.bundle3399",50
,"com.supercell.laser.bundle2699",40
,"com.supercell.laser.bundle1999",30
,"com.supercell.laser.bundle7499",110
,"com.supercell.laser.bundle8299",120
"69.99USD","com.supercell.laser.bundle6999",100
,"com.supercell.laser.bundle6299",90
,"com.supercell.laser.bundle5499",80
,"com.supercell.laser.bundle4899",70
,"com.supercell.laser.bundle4199",60
,"com.supercell.laser.bundle3499",50
,"com.supercell.laser.bundle2799",40
,"com.supercell.laser.bundle2099",30
,"com.supercell.laser.bundle7799",110
,"com.supercell.laser.bundle8299",120
"72.99USD","com.supercell.laser.bundle7299",100
,"com.supercell.laser.bundle6499",90
,"com.supercell.laser.bundle5799",80
,"com.supercell.laser.bundle4999",70
,"com.supercell.laser.bundle4399",60
,"com.supercell.laser.bundle3699",50
,"com.supercell.laser.bundle2899",40
,"com.supercell.laser.bundle2199",30
,"com.supercell.laser.bundle7999",110
,"com.supercell.laser.bundle8799",120
"74.99USD","com.supercell.laser.bundle7499",100
,"com.supercell.laser.bundle6799",90
,"com.supercell.laser.bundle5999",80
,"com.supercell.laser.bundle5299",70
,"com.supercell.laser.bundle4499",60
,"com.supercell.laser.bundle3799",50
,"com.supercell.laser.bundle2999",40
,"com.supercell.laser.bundle2299",30
,"com.supercell.laser.bundle8299",110
,"com.supercell.laser.bundle8999",120
"77.99USD","com.supercell.laser.bundle7799",100
,"com.supercell.laser.bundle6999",90
,"com.supercell.laser.bundle6299",80
,"com.supercell.laser.bundle5499",70
,"com.supercell.laser.bundle4699",60
,"com.supercell.laser.bundle3899",50
,"com.supercell.laser.bundle3099",40
,"com.supercell.laser.bundle2299",30
,"com.supercell.laser.bundle8499",110
,"com.supercell.laser.bundle9299",120
"79.99USD","com.supercell.laser.bundle7999",100
,"com.supercell.laser.bundle7299",90
,"com.supercell.laser.bundle6499",80
,"com.supercell.laser.bundle5499",70
,"com.supercell.laser.bundle4799",60
,"com.supercell.laser.bundle3999",50
,"com.supercell.laser.bundle3199",40
,"com.supercell.laser.bundle2399",30
,"com.supercell.laser.bundle8799",110
,"com.supercell.laser.bundle9499",120
"82.99USD","com.supercell.laser.bundle8299",100
,"com.supercell.laser.bundle7499",90
,"com.supercell.laser.bundle6499",80
,"com.supercell.laser.bundle5799",70
,"com.supercell.laser.bundle4999",60
,"com.supercell.laser.bundle4199",50
,"com.supercell.laser.bundle3299",40
,"com.supercell.laser.bundle2499",30
,"com.supercell.laser.bundle8999",110
,"com.supercell.laser.bundle9999",120
"84.99USD","com.supercell.laser.bundle8499",100
,"com.supercell.laser.bundle7799",90
,"com.supercell.laser.bundle6799",80
,"com.supercell.laser.bundle5999",70
,"com.supercell.laser.bundle4999",60
,"com.supercell.laser.bundle4299",50
,"com.supercell.laser.bundle3399",40
,"com.supercell.laser.bundle2599",30
,"com.supercell.laser.bundle9299",110
,"com.supercell.laser.bundle9999",120
"87.99USD","com.supercell.laser.bundle8799",100
,"com.supercell.laser.bundle7999",90
,"com.supercell.laser.bundle6999",80
,"com.supercell.laser.bundle6299",70
,"com.supercell.laser.bundle5299",60
,"com.supercell.laser.bundle4399",50
,"com.supercell.laser.bundle3499",40
,"com.supercell.laser.bundle2599",30
,"com.supercell.laser.bundle9799",110
,"com.supercell.laser.bundle10499",120
"89.99USD","com.supercell.laser.bundle8999",100
,"com.supercell.laser.bundle7999",90
,"com.supercell.laser.bundle7299",80
,"com.supercell.laser.bundle6299",70
,"com.supercell.laser.bundle5499",60
,"com.supercell.laser.bundle4499",50
,"com.supercell.laser.bundle3599",40
,"com.supercell.laser.bundle2699",30
,"com.supercell.laser.bundle9799",110
,"com.supercell.laser.bundle10999",120
"92.99USD","com.supercell.laser.bundle9299",100
,"com.supercell.laser.bundle8299",90
,"com.supercell.laser.bundle7499",80
,"com.supercell.laser.bundle6499",70
,"com.supercell.laser.bundle5499",60
,"com.supercell.laser.bundle4699",50
,"com.supercell.laser.bundle3699",40
,"com.supercell.laser.bundle2799",30
,"com.supercell.laser.bundle9999",110
,"com.supercell.laser.bundle10999",120
"94.99USD","com.supercell.laser.bundle9499",100
,"com.supercell.laser.bundle8499",90
,"com.supercell.laser.bundle7499",80
,"com.supercell.laser.bundle6799",70
,"com.supercell.laser.bundle5799",60
,"com.supercell.laser.bundle4799",50
,"com.supercell.laser.bundle3799",40
,"com.supercell.laser.bundle2899",30
,"com.supercell.laser.bundle10499",110
,"com.supercell.laser.bundle11499",120
"97.99USD","com.supercell.laser.bundle9799",100
,"com.supercell.laser.bundle8799",90
,"com.supercell.laser.bundle7799",80
,"com.supercell.laser.bundle6799",70
,"com.supercell.laser.bundle5799",60
,"com.supercell.laser.bundle4899",50
,"com.supercell.laser.bundle3899",40
,"com.supercell.laser.bundle2899",30
,"com.supercell.laser.bundle10999",110
,"com.supercell.laser.bundle11999",120
"99.99USD","com.supercell.laser.bundle9999",100
,"com.supercell.laser.bundle8999",90
,"com.supercell.laser.bundle7999",80
,"com.supercell.laser.bundle6999",70
,"com.supercell.laser.bundle5999",60
,"com.supercell.laser.bundle4999",50
,"com.supercell.laser.bundle3999",40
,"com.supercell.laser.bundle2999",30
,"com.supercell.laser.bundle10999",110
,"com.supercell.laser.bundle11999",120
"104.99USD","com.supercell.laser.bundle10499",100
,"com.supercell.laser.bundle9499",90
,"com.supercell.laser.bundle8499",80
,"com.supercell.laser.bundle7299",70
,"com.supercell.laser.bundle6299",60
,"com.supercell.laser.bundle5299",50
,"com.supercell.laser.bundle4199",40
,"com.supercell.laser.bundle3199",30
,"com.supercell.laser.bundle11499",110
,"com.supercell.laser.bundle12499",120
"109.99USD","com.supercell.laser.bundle10999",100
,"com.supercell.laser.bundle9999",90
,"com.supercell.laser.bundle8799",80
,"com.supercell.laser.bundle7799",70
,"com.supercell.laser.bundle6499",60
,"com.supercell.laser.bundle5499",50
,"com.supercell.laser.bundle4399",40
,"com.supercell.laser.bundle3299",30
,"com.supercell.laser.bundle11999",110
,"com.supercell.laser.bundle12999",120
"114.99USD","com.supercell.laser.bundle11499",100
,"com.supercell.laser.bundle10499",90
,"com.supercell.laser.bundle9299",80
,"com.supercell.laser.bundle7999",70
,"com.supercell.laser.bundle6999",60
,"com.supercell.laser.bundle5799",50
,"com.supercell.laser.bundle4599",40
,"com.supercell.laser.bundle3499",30
,"com.supercell.laser.bundle12499",110
,"com.supercell.laser.bundle13999",120
"119.99USD","com.supercell.laser.bundle11999",100
,"com.supercell.laser.bundle10999",90
,"com.supercell.laser.bundle9499",80
,"com.supercell.laser.bundle8499",70
,"com.supercell.laser.bundle7299",60
,"com.supercell.laser.bundle5999",50
,"com.supercell.laser.bundle4799",40
,"com.supercell.laser.bundle3599",30
,"com.supercell.laser.bundle12999",110
,"com.supercell.laser.bundle14499",120
"124.99USD","com.supercell.laser.bundle12499",100
,"com.supercell.laser.bundle11499",90
,"com.supercell.laser.bundle9999",80
,"com.supercell.laser.bundle8799",70
,"com.supercell.laser.bundle7499",60
,"com.supercell.laser.bundle6299",50
,"com.supercell.laser.bundle4999",40
,"com.supercell.laser.bundle3799",30
,"com.supercell.laser.bundle13499",110
,"com.supercell.laser.bundle14999",120
"129.99USD","com.supercell.laser.bundle12999",100
,"com.supercell.laser.bundle11499",90
,"com.supercell.laser.bundle10499",80
,"com.supercell.laser.bundle8999",70
,"com.supercell.laser.bundle7799",60
,"com.supercell.laser.bundle6499",50
,"com.supercell.laser.bundle5299",40
,"com.supercell.laser.bundle3899",30
,"com.supercell.laser.bundle14499",110
,"com.supercell.laser.bundle15999",120
"134.99USD","com.supercell.laser.bundle13499",100
,"com.supercell.laser.bundle11999",90
,"com.supercell.laser.bundle10999",80
,"com.supercell.laser.bundle9499",70
,"com.supercell.laser.bundle7999",60
,"com.supercell.laser.bundle6799",50
,"com.supercell.laser.bundle5499",40
,"com.supercell.laser.bundle4099",30
,"com.supercell.laser.bundle14999",110
,"com.supercell.laser.bundle15999",120
"139.99USD","com.supercell.laser.bundle13999",100
,"com.supercell.laser.bundle12499",90
,"com.supercell.laser.bundle10999",80
,"com.supercell.laser.bundle9799",70
,"com.supercell.laser.bundle8499",60
,"com.supercell.laser.bundle6999",50
,"com.supercell.laser.bundle5499",40
,"com.supercell.laser.bundle4199",30
,"com.supercell.laser.bundle14999",110
,"com.supercell.laser.bundle16999",120
"144.99USD","com.supercell.laser.bundle14499",100
,"com.supercell.laser.bundle12999",90
,"com.supercell.laser.bundle11499",80
,"com.supercell.laser.bundle9999",70
,"com.supercell.laser.bundle8799",60
,"com.supercell.laser.bundle7299",50
,"com.supercell.laser.bundle5799",40
,"com.supercell.laser.bundle4399",30
,"com.supercell.laser.bundle15999",110
,"com.supercell.laser.bundle16999",120
"149.99USD","com.supercell.laser.bundle14999",100
,"com.supercell.laser.bundle13499",90
,"com.supercell.laser.bundle11999",80
,"com.supercell.laser.bundle10499",70
,"com.supercell.laser.bundle8999",60
,"com.supercell.laser.bundle7499",50
,"com.supercell.laser.bundle5999",40
,"com.supercell.laser.bundle4499",30
,"com.supercell.laser.bundle15999",110
,"com.supercell.laser.bundle17999",120
"159.99USD","com.supercell.laser.bundle15999",100
,"com.supercell.laser.bundle14499",90
,"com.supercell.laser.bundle12999",80
,"com.supercell.laser.bundle10999",70
,"com.supercell.laser.bundle9499",60
,"com.supercell.laser.bundle7999",50
,"com.supercell.laser.bundle6499",40
,"com.supercell.laser.bundle4799",30
,"com.supercell.laser.bundle17999",110
,"com.supercell.laser.bundle18999",120
"169.99USD","com.supercell.laser.bundle16999",100
,"com.supercell.laser.bundle14999",90
,"com.supercell.laser.bundle13499",80
,"com.supercell.laser.bundle11999",70
,"com.supercell.laser.bundle9999",60
,"com.supercell.laser.bundle8499",50
,"com.supercell.laser.bundle6799",40
,"com.supercell.laser.bundle4999",30
,"com.supercell.laser.bundle18999",110
,"com.supercell.laser.bundle19999",120
"179.99USD","com.supercell.laser.bundle17999",100
,"com.supercell.laser.bundle15999",90
,"com.supercell.laser.bundle14499",80
,"com.supercell.laser.bundle12499",70
,"com.supercell.laser.bundle10999",60
,"com.supercell.laser.bundle8999",50
,"com.supercell.laser.bundle7299",40
,"com.supercell.laser.bundle5499",30
,"com.supercell.laser.bundle19999",110
,"com.supercell.laser.bundle21999",120
"189.99USD","com.supercell.laser.bundle18999",100
,"com.supercell.laser.bundle16999",90
,"com.supercell.laser.bundle14999",80
,"com.supercell.laser.bundle13499",70
,"com.supercell.laser.bundle11499",60
,"com.supercell.laser.bundle9499",50
,"com.supercell.laser.bundle7499",40
,"com.supercell.laser.bundle5799",30
,"com.supercell.laser.bundle20999",110
,"com.supercell.laser.bundle22999",120
"199.99USD","com.supercell.laser.bundle19999",100
,"com.supercell.laser.bundle17999",90
,"com.supercell.laser.bundle15999",80
,"com.supercell.laser.bundle13999",70
,"com.supercell.laser.bundle11999",60
,"com.supercell.laser.bundle9999",50
,"com.supercell.laser.bundle7999",40
,"com.supercell.laser.bundle5999",30
,"com.supercell.laser.bundle21999",110
,"com.supercell.laser.bundle23999",120
"GemPack_30_2USD","com.supercell.laser.gempack0",100
,"com.supercell.laser.gempack0.t90",90
,"com.supercell.laser.gempack0.t80",80
,"com.supercell.laser.gempack0.t70",70
,"com.supercell.laser.gempack0.t60",60
,"com.supercell.laser.gempack0.t50",50
,"com.supercell.laser.gempack0.t40",40
,"com.supercell.laser.gempack0.t30",30
,"com.supercell.laser.gempack0.t110",110
,"com.supercell.laser.gempack0.t120",120
"GemPack_80_5USD","com.supercell.laser.gempack1",100
,"com.supercell.laser.gempack1.t90",90
,"com.supercell.laser.gempack1.t80",80
,"com.supercell.laser.gempack1.t70",70
,"com.supercell.laser.gempack1.t60",60
,"com.supercell.laser.gempack1.t50",50
,"com.supercell.laser.gempack1.t40",40
,"com.supercell.laser.gempack1.t30",30
,"com.supercell.laser.gempack1.t110",110
,"com.supercell.laser.gempack1.t120",120
"GemPack_170_10USD","com.supercell.laser.gempack2",100
,"com.supercell.laser.gempack2.t90",90
,"com.supercell.laser.gempack2.t80",80
,"com.supercell.laser.gempack2.t70",70
,"com.supercell.laser.gempack2.t60",60
,"com.supercell.laser.gempack2.t50",50
,"com.supercell.laser.gempack2.t40",40
,"com.supercell.laser.gempack2.t30",30
,"com.supercell.laser.gempack2.t110",110
,"com.supercell.laser.gempack2.t120",120
"GemPack_360_20USD","com.supercell.laser.gempack3",100
,"com.supercell.laser.gempack3.t90",90
,"com.supercell.laser.gempack3.t80",80
,"com.supercell.laser.gempack3.t70",70
,"com.supercell.laser.gempack3.t60",60
,"com.supercell.laser.gempack3.t50",50
,"com.supercell.laser.gempack3.t40",40
,"com.supercell.laser.gempack3.t30",30
,"com.supercell.laser.gempack3.t110",110
,"com.supercell.laser.gempack3.t120",120
"GemPack_950_50USD","com.supercell.laser.gempack4",100
,"com.supercell.laser.gempack4.t90",90
,"com.supercell.laser.gempack4.t80",80
,"com.supercell.laser.gempack4.t70",70
,"com.supercell.laser.gempack4.t60",60
,"com.supercell.laser.gempack4.t50",50
,"com.supercell.laser.gempack4.t40",40
,"com.supercell.laser.gempack4.t30",30
,"com.supercell.laser.gempack4.t110",110
,"com.supercell.laser.gempack4.t120",120
"GemPack_2000_100USD","com.supercell.laser.gempack5",100
,"com.supercell.laser.gempack5.t90",90
,"com.supercell.laser.gempack5.t80",80
,"com.supercell.laser.gempack5.t70",70
,"com.supercell.laser.gempack5.t60",60
,"com.supercell.laser.gempack5.t50",50
,"com.supercell.laser.gempack5.t40",40
,"com.supercell.laser.gempack5.t30",30
,"com.supercell.laser.gempack5.t110",110
,"com.supercell.laser.gempack5.t120",120
"BrawlPassBasic","com.supercell.laser.seasonpass.basic",100
,"com.supercell.laser.seasonpass.basic.t90",90
,"com.supercell.laser.seasonpass.basic.t80",80
,"com.supercell.laser.seasonpass.basic.t70",70
,"com.supercell.laser.seasonpass.basic.t60",60
,"com.supercell.laser.seasonpass.basic.t50",50
,"com.supercell.laser.seasonpass.basic.t40",40
,"com.supercell.laser.seasonpass.basic.t30",30
,"com.supercell.laser.seasonpass.basic.t110",110
,"com.supercell.laser.seasonpass.basic.t120",120
"BrawlPassBasicDiscounted","com.supercell.laser.seasonpass.basic.discounted",100
,"com.supercell.laser.seasonpass.basic.discounted.t90",90
,"com.supercell.laser.seasonpass.basic.discounted.t80",80
,"com.supercell.laser.seasonpass.basic.discounted.t70",70
,"com.supercell.laser.seasonpass.basic.discounted.t60",60
,"com.supercell.laser.seasonpass.basic.discounted.t50",50
,"com.supercell.laser.seasonpass.basic.discounted.t40",40
,"com.supercell.laser.seasonpass.basic.discounted.t30",30
,"com.supercell.laser.seasonpass.basic.discounted.t110",110
,"com.supercell.laser.seasonpass.basic.discounted.t120",120
"BrawlPassPlus","com.supercell.laser.seasonpass.plus",100
,"com.supercell.laser.seasonpass.plus.t90",90
,"com.supercell.laser.seasonpass.plus.t80",80
,"com.supercell.laser.seasonpass.plus.t70",70
,"com.supercell.laser.seasonpass.plus.t60",60
,"com.supercell.laser.seasonpass.plus.t50",50
,"com.supercell.laser.seasonpass.plus.t40",40
,"com.supercell.laser.seasonpass.plus.t30",30
,"com.supercell.laser.seasonpass.plus.t110",110
,"com.supercell.laser.seasonpass.plus.t120",120
"BrawlPassUpgrade","com.supercell.laser.seasonpass.upgrade",100
,"com.supercell.laser.seasonpass.upgrade.t90",90
,"com.supercell.laser.seasonpass.upgrade.t80",80
,"com.supercell.laser.seasonpass.upgrade.t70",70
,"com.supercell.laser.seasonpass.upgrade.t60",60
,"com.supercell.laser.seasonpass.upgrade.t50",50
,"com.supercell.laser.seasonpass.upgrade.t40",40
,"com.supercell.laser.seasonpass.upgrade.t30",30
,"com.supercell.laser.seasonpass.upgrade.t110",110
,"com.supercell.laser.seasonpass.upgrade.t120",120
"CompetitivePass","com.supercell.laser.competitivepass",100
,"com.supercell.laser.competitivepass.t90",90
,"com.supercell.laser.competitivepass.t80",80
,"com.supercell.laser.competitivepass.t70",70
,"com.supercell.laser.competitivepass.t60",60
,"com.supercell.laser.competitivepass.t50",50
,"com.supercell.laser.competitivepass.t40",40
,"com.supercell.laser.competitivepass.t30",30
,"com.supercell.laser.competitivepass.t110",110
,"com.supercell.laser.competitivepass.t120",120
"209.99USD","com.supercell.laser.bundle20999",100
,"com.supercell.laser.bundle18999",90
,"com.supercell.laser.bundle16999",80
,"com.supercell.laser.bundle14499",70
,"com.supercell.laser.bundle12499",60
,"com.supercell.laser.bundle10499",50
,"com.supercell.laser.bundle8499",40
,"com.supercell.laser.bundle6299",30
,"com.supercell.laser.bundle22999",110
,"com.supercell.laser.bundle23999",120
"219.99USD","com.supercell.laser.bundle21999",100
,"com.supercell.laser.bundle19999",90
,"com.supercell.laser.bundle17999",80
,"com.supercell.laser.bundle14999",70
,"com.supercell.laser.bundle12999",60
,"com.supercell.laser.bundle10999",50
,"com.supercell.laser.bundle8799",40
,"com.supercell.laser.bundle6499",30
,"com.supercell.laser.bundle23999",110
,"com.supercell.laser.bundle23999",120
"229.99USD","com.supercell.laser.bundle22999",100
,"com.supercell.laser.bundle20999",90
,"com.supercell.laser.bundle17999",80
,"com.supercell.laser.bundle15999",70
,"com.supercell.laser.bundle13999",60
,"com.supercell.laser.bundle11499",50
,"com.supercell.laser.bundle9299",40
,"com.supercell.laser.bundle6999",30
,"com.supercell.laser.bundle23999",110
,"com.supercell.laser.bundle23999",120
"239.99USD","com.supercell.laser.bundle23999",100
,"com.supercell.laser.bundle21999",90
,"com.supercell.laser.bundle18999",80
,"com.supercell.laser.bundle16999",70
,"com.supercell.laser.bundle14499",60
,"com.supercell.laser.bundle11999",50
,"com.supercell.laser.bundle9499",40
,"com.supercell.laser.bundle7299",30
,"com.supercell.laser.bundle23999",110
,"com.supercell.laser.bundle23999",120
