"Name","RogueliteCards"
"string","string"
"Shelly_roguelite_deck","R_PowerCubeOnStart_S"
,"R_Damage_Mini_S"
,"R_Damage_Mini_E"
,"R_Damage_Mini_L"
,"R_SuperRate_Mini_S"
,"R_SuperRate_Mini_E"
,"R_ChargeSuperOnStart_E"
,"R_AutoChargeUlti_L"
,"R_VisionInBush_S"
,"R_DamageReduction_Mini_S"
,"R_DamageReduction_Mini_E"
,"R_ConsShield_Mini_L"
,"R_MaxHp_Absolute_Mini_S"
,"R_MaxHp_Absolute_Mini_E"
,"R_HealOnMove_E"
,"R_MaxHp_Absolute_Mini_Mini_L"
,"R_MoveSpeed_Mini_E"
,"R_GadgetCooldown_S"
,"R_GadgetCooldown_E"
,"R_GadgetCooldown_L"
,"R_Reload_S"
,"R_Reload_E"
,"R_SpeedUpOnAtk_E"
,"R_AttackRange_Mini_L"
,"R_MoveSpeed_Mini_S"
"Colt_roguelite_deck","R_BulletSize_S"
,"R_ProjectileSpeed_S"
,"R_BulletSize_E"
,"R_BulletSize_L"
,"R_MoveSpeed_S"
,"R_MoveSpeed_E"
,"R_SpeedUpOnAtk_E"
,"R_MoveSpeed_L"
,"R_SuperRate_S"
,"R_SuperRate_E"
,"R_ChargeSuperOnStart_E"
,"R_SuperRate_L"
,"R_Reload_S"
,"R_AttackRange_E"
,"R_Reload_E"
,"R_DestroyEnvironment_L"
,"R_PowerCubeOnStart_S"
,"R_Damage_Mini_S"
,"R_Damage_Mini_E"
,"R_Colt_MoreBullet_L"
,"R_GadgetCooldown_S"
,"R_GadgetCooldown_E"
,"R_ProjectileSpeed_E"
,"R_AttackRange_L"
,"R_MaxHp_Absolute_S"
"Bull_roguelite_deck","R_Damage_Mini_S"
,"R_SpeedUpOnAtk_E"
,"R_Damage_Mini_E"
,"R_Damage_Mini_L"
,"R_MoveSpeed_Mini_E"
,"R_MaxHp_Absolute_Mini_Mini_S"
,"R_MaxHp_Absolute_Mini_Mini_E"
,"R_MaxHp_Absolute_Mini_Mini_L"
,"R_MoveSpeed_Mini_S"
,"R_DamageReduction_Mini_S"
,"R_DamageReduction_Mini_E"
,"R_ConsShield_Mini_L"
,"R_SuperRate_Mini_S"
,"R_SuperRate_Mini_E"
,"R_ChargeHCOnStart_E"
,"R_SuperRate_Mini_L"
,"R_VisionInBush_S"
,"R_MoveSpeedInBush_Mini_E"
,"R_GadgetCooldown_E"
,"R_DashSpeed_Mini_L"
,"R_ProjectileSpeed_S"
,"R_ProjectileSpeed_E"
,"R_AttackRange_Cone_E"
,"R_AttackRange_Cone_L"
,"R_GadgetCooldown_S"
"Spike_roguelite_deck","R_MoveSpeed_S"
,"R_GadgetCooldown_S"
,"R_GadgetCooldown_E"
,"R_GadgetCooldown_L"
,"R_Damage_S"
,"R_MaxHp_Absolute_Mini_E"
,"R_Damage_E"
,"R_Damage_L"
,"R_Reload_S"
,"R_Reload_E"
,"R_Spike_BulletMore_E"
,"R_Spike_BulletMore_L"
,"R_SuperRate_S"
,"R_SuperRate_E"
,"R_ChargeSuperOnStart_E"
,"R_AutoChargeUlti_L"
,"R_MoveSpeed_E"
,"R_Spike_Cactus_S"
,"R_Spike_Cactus_E"
,"R_Spike_Cactus_L"
,"R_RegenFaster_E"
,"R_HealBuff_Mini_S"
,"R_HealBuff_Mini_E"
,"R_HealBuff_Mini_L"
,"R_MaxHp_Absolute_Mini_S"
"Barley_roguelite_deck","R_AreaEffectSizeThrower_S"
,"R_AreaEffectSizeThrower_E"
,"R_FireBallAround_E"
,"R_AreaEffectSizeThrower_L"
,"R_MoveSpeed_S"
,"R_MoveSpeed_E"
,"R_SpeedUpOnAtk_E"
,"R_MoveSpeed_L"
,"R_SuperRate_S"
,"R_SuperRate_E"
,"R_ChargeSuperOnStart_E"
,"R_AutoChargeUlti_L"
,"R_GadgetCooldown_S"
,"R_GadgetCooldown_E"
,"R_SpeedUpOnGadget_S"
,"R_GadgetCooldown_L"
,"R_Reload_S"
,"R_Damage_S"
,"R_Damage_E"
,"R_Damage_L"
,"R_PoisonOnHit_S"
,"R_PoisonOnHit_E"
,"R_Reload_E"
,"R_Barley_Slow_L"
,"R_PowerCubeOnStart_S"
"Jessie_roguelite_deck","R_SuperRate_S"
,"R_SuperRate_E"
,"R_ChargeSuperOnStart_E"
,"R_AutoChargeUlti_L"
,"R_SpeedUpOnAtk_E"
,"R_GadgetCooldown_S"
,"R_GadgetCooldown_E"
,"R_GadgetCooldown_L"
,"R_PowerCubeOnStart_S"
,"R_Damage_S"
,"R_Damage_E"
,"R_ShootTwice_MainAtk_L"
,"R_Reload_S"
,"R_MaxHp_Absolute_S"
,"R_MaxHp_Absolute_E"
,"R_MaxHp_Absolute_L"
,"R_ChargeHCOnStart_E"
,"R_PetMaxHP_S"
,"R_PetMaxHP_E"
,"R_PetMaxHP_L"
,"R_MoveSpeed_S"
,"R_MoveSpeed_E"
,"R_AttackRange_E"
,"R_TriggerSuper_MoreTimes_Pet_L"
,"R_Reload_E"
"Nita_roguelite_deck","R_MoveSpeed_S"
,"R_MoveSpeed_E"
,"R_SpeedUpOnAtk_E"
,"R_MoveSpeed_L"
,"R_SuperRate_S"
,"R_SuperRate_E"
,"R_ChargeSuperOnStart_E"
,"R_AutoChargeUlti_L"
,"R_MaxHp_Absolute_Mini_S"
,"R_MaxHp_Absolute_Mini_E"
,"R_RegenFaster_E"
,"R_MaxHp_Absolute_Mini_L"
,"R_PetMoveSpeed_S"
,"R_PetMaxHP_S"
,"R_PetMaxHP_E"
,"R_TriggerSuper_MoreTimes_Pet_L"
,"R_Damage_S"
,"R_Damage_E"
,"R_AttackRange_E"
,"R_Damage_L"
,"R_LifeSteal_Pet_S"
,"R_HealBuff_Mini_S"
,"R_LifeSteal_Pet_E"
,"R_LifeSteal_Pet_L"
,"R_GadgetCooldown_S"
"Dynamike_roguelite_deck","R_Reload_S"
,"R_Damage_Mini_S"
,"R_Damage_Mini_E"
,"R_Damage_Mini_L"
,"R_SuperRate_S"
,"R_SuperRate_E"
,"R_ChargeSuperOnStart_E"
,"R_AutoChargeUlti_L"
,"R_MaxHp_Absolute_S"
,"R_MaxHp_Absolute_E"
,"R_RegenFaster_E"
,"R_MaxHp_Absolute_L"
,"R_GadgetCooldown_Mini_S"
,"R_GadgetCooldown_Mini_E"
,"R_SpeedUpOnGadget_S"
,"R_GadgetCooldown_Mini_L"
,"R_Reload_E"
,"R_AreaEffectSizeThrower_S"
,"R_AreaEffectSizeThrower_E"
,"R_AreaEffectSizeThrower_L"
,"R_MoveSpeed_S"
,"R_MoveSpeed_E"
,"R_SpeedUpOnAtk_E"
,"R_Dynamike_Delay_L"
,"R_PowerCubeOnStart_S"
"Crow_roguelite_deck","R_ProjectileSpeed_S"
,"R_ProjectileSpeed_E"
,"R_PierceCharacter_E"
,"R_AttackRange_Mini_L"
,"R_Reload_S"
,"R_DamageReduction_S"
,"R_DamageReduction_E"
,"R_ConsShield_L"
,"R_PowerCubeOnStart_S"
,"R_Damage_S"
,"R_Damage_E"
,"R_LowHealthDamage_L"
,"R_SuperRate_S"
,"R_SuperRate_E"
,"R_ChargeHCOnStart_E"
,"R_SuperRate_L"
,"R_MoveSpeed_S"
,"R_MoveSpeed_E"
,"R_SpeedUpOnAtk_E"
,"R_MoveSpeed_L"
,"R_PowerCubeOnKill_E"
,"R_GadgetCooldown_S"
,"R_GadgetCooldown_E"
,"R_GadgetCooldown_L"
,"R_Reload_E"
"Poco_roguelite_deck","R_MoveSpeed_S"
,"R_MoveSpeed_E"
,"R_SpeedUpOnAtk_E"
,"R_MoveSpeed_L"
,"R_ProjectileSpeed_S"
,"R_ProjectileSpeed_E"
,"R_AttackRange_Cone_E"
,"R_AttackRange_Cone_L"
,"R_SuperRate_Mini_S"
,"R_SuperRate_Mini_E"
,"R_ChargeSuperOnStart_E"
,"R_AutoChargeUlti_L"
,"R_PowerCubeOnStart_S"
,"R_Damage_S"
,"R_Damage_E"
,"R_Damage_L"
,"R_DamageReduction_Mini_S"
,"R_HealBuff_Mini_S"
,"R_HealBuff_Mini_E"
,"R_Poco_Heal_L"
,"R_Reload_S"
,"R_LifeSteal_S"
,"R_LifeSteal_E"
,"R_LifeSteal_L"
,"R_Reload_E"
"Bo_roguelite_deck","R_Reload_S"
,"R_Reload_E"
,"R_AttackRange_E"
,"R_AttackRange_L"
,"R_SuperRate_S"
,"R_SuperRate_E"
,"R_ChargeSuperOnStart_E"
,"R_AutoChargeUlti_L"
,"R_PowerCubeOnStart_S"
,"R_Damage_S"
,"R_Damage_E"
,"R_Bo_MainAtkMore_L"
,"R_MaxHp_Absolute_S"
,"R_MaxHp_Absolute_E"
,"R_RegenFaster_E"
,"R_MaxHp_Absolute_L"
,"R_MoveSpeedInBush_S"
,"R_AreaEffectSize_Super_S"
,"R_AreaEffectSize_Super_E"
,"R_AreaEffectSize_Super_L"
,"R_MoveSpeed_S"
,"R_MoveSpeed_E"
,"R_SpeedUpOnAtk_E"
,"R_MoveSpeed_L"
,"R_VisionInBush_E"
"Pam_roguelite_deck","R_MaxHp_Absolute_Mini_S"
,"R_MaxHp_Absolute_Mini_E"
,"R_RegenFaster_E"
,"R_MaxHp_Absolute_Mini_L"
,"R_ProjectileSpeed_S"
,"R_ProjectileSpeed_E"
,"R_AttackRange_Cone_E"
,"R_HomeInOnAttack_Max_L"
,"R_Reload_S"
,"R_HealBuff_S"
,"R_HealBuff_E"
,"R_HealBuff_L"
,"R_MoveSpeed_S"
,"R_AreaEffectSize_Super_S"
,"R_AreaEffectSize_Super_E"
,"R_AreaEffectSize_Super_L"
,"R_GadgetCooldown_S"
,"R_Damage_S"
,"R_Damage_E"
,"R_Damage_L"
,"R_Reload_E"
,"R_LifeSteal_Mini_S"
,"R_LifeSteal_Mini_E"
,"R_LifeSteal_Mini_L"
,"R_GadgetCooldown_E"
"Tara_roguelite_deck","R_GadgetCooldown_S"
,"R_GadgetCooldown_E"
,"R_MoveSpeedInBush_E"
,"R_GadgetCooldown_L"
,"R_MaxHp_Absolute_S"
,"R_MaxHp_Absolute_E"
,"R_RegenFaster_E"
,"R_MaxHp_Absolute_L"
,"R_Damage_S"
,"R_SpeedUpOnAtk_E"
,"R_Damage_E"
,"R_Damage_L"
,"R_HealBuff_S"
,"R_LifeSteal_S"
,"R_LifeSteal_E"
,"R_LifeSteal_L"
,"R_SuperRate_Mini_S"
,"R_SuperRate_Mini_E"
,"R_ChargeHCOnStart_E"
,"R_SuperRate_Mini_L"
,"R_AttackRange_E"
,"R_AreaEffectSize_Super_Mini_S"
,"R_AreaEffectSize_Super_Mini_E"
,"R_AreaEffectSize_Super_Mini_L"
,"R_VisionInBush_S"
"Darryl_roguelite_deck","R_GadgetCooldown_S"
,"R_GadgetCooldown_E"
,"R_ProjectileSpeed_S"
,"R_AttackRange_Cone_Mini_L"
,"R_MaxHp_Absolute_Mini_S"
,"R_DamageReduction_Mini_S"
,"R_DamageReduction_Mini_E"
,"R_ConsShield_Mini_L"
,"R_Damage_Mini_S"
,"R_SpeedUpOnAtk_E"
,"R_Damage_Mini_E"
,"R_Damage_Mini_L"
,"R_HealBuff_S"
,"R_MoveSpeed_Mini_S"
,"R_MoveSpeed_Mini_E"
,"R_MoveSpeed_Mini_L"
,"R_SuperRate_S"
,"R_SuperRate_E"
,"R_ChargeHCOnStart_E"
,"R_TriggerSuper_MoreTimes_1_L"
,"R_Reload_S"
,"R_Reload_E"
,"R_FireBallAround_E"
,"R_FireBallAround_L"
,"R_ProjectileSpeed_E"
"Penny_roguelite_deck","R_PowerCubeOnStart_S"
,"R_Damage_S"
,"R_Damage_E"
,"R_Damage_L"
,"R_GadgetCooldown_S"
,"R_GadgetCooldown_E"
,"R_SpeedUpOnGadget_S"
,"R_GadgetCooldown_L"
,"R_Reload_S"
,"R_AreaEffectSizeThrower_S"
,"R_AreaEffectSizeThrower_E"
,"R_AreaEffectSizeThrower_L"
,"R_DamageReduction_Mini_S"
,"R_MoveSpeed_S"
,"R_MoveSpeed_E"
,"R_MoveSpeed_L"
,"R_SuperRate_S"
,"R_SuperRate_E"
,"R_ChargeSuperOnStart_E"
,"R_AutoChargeUlti_L"
,"R_ProjectileSpeed_S"
,"R_PetMaxHP_S"
,"R_PetMaxHP_E"
,"R_TriggerSuper_MoreTimes_Pet_L"
,"R_ProjectileSpeed_E"
"Frank_roguelite_deck","R_PowerCubeOnStart_S"
,"R_Damage_Mini_S"
,"R_Damage_Mini_E"
,"R_Damage_Mini_L"
,"R_GadgetCooldown_S"
,"R_GadgetCooldown_E"
,"R_SpeedUpOnGadget_S"
,"R_GadgetCooldown_L"
,"R_ProjectileSpeed_E"
,"R_Frank_MaxHp_S"
,"R_Frank_MaxHp_E"
,"R_Frank_MaxHp_L"
,"R_ProjectileSpeed_S"
,"R_Reload_Mini_S"
,"R_Reload_Mini_E"
,"R_Reload_Mini_L"
,"R_SuperRate_Mini_S"
,"R_SuperRate_Mini_E"
,"R_ChargeSuperOnStart_E"
,"R_SuperRate_Mini_L"
,"R_PowerCubeOnStart_E"
,"R_MoveSpeed_Mini_S"
,"R_MoveSpeed_Mini_E"
,"R_MoveSpeed_Mini_L"
,"R_ChargeHCOnStart_E"
"Gene_roguelite_deck","R_ProjectileSpeed_S"
,"R_AttackRange_E"
,"R_HealBuff_E"
,"R_Gene_SuperRange_L"
,"R_MaxHp_Absolute_S"
,"R_MaxHp_Absolute_E"
,"R_RegenFaster_E"
,"R_MaxHp_Absolute_L"
,"R_SuperRate_S"
,"R_SuperRate_E"
,"R_ChargeSuperOnStart_E"
,"R_AutoChargeUlti_L"
,"R_HealBuff_S"
,"R_BulletSize_Max_S"
,"R_BulletSize_Max_E"
,"R_BulletSize_Max_L"
,"R_Reload_S"
,"R_Damage_S"
,"R_Damage_E"
,"R_Damage_L"
,"R_PowerCubeOnStart_S"
,"R_GadgetCooldown_S"
,"R_GadgetCooldown_E"
,"R_GadgetCooldown_L"
,"R_Reload_E"
"Leon_roguelite_deck","R_RegenFaster_E"
,"R_GadgetCooldown_S"
,"R_GadgetCooldown_E"
,"R_Invisible_L"
,"R_PowerCubeOnStart_S"
,"R_Damage_Mini_S"
,"R_Damage_Mini_E"
,"R_Damage_Mini_L"
,"R_BulletSize_S"
,"R_BulletSize_E"
,"R_ProjectileSpeed_S"
,"R_BulletSize_L"
,"R_HealBuff_Mini_E"
,"R_LifeSteal_Mini_S"
,"R_LifeSteal_Mini_E"
,"R_LifeSteal_Mini_L"
,"R_ChargeSuperOnStart_S"
,"R_SuperRate_Mini_S"
,"R_SuperRate_Mini_E"
,"R_SuperRate_Mini_L"
,"R_MoveSpeed_Mini_S"
,"R_MoveSpeed_Mini_E"
,"R_SpeedUpOnAtk_E"
,"R_MoveSpeed_Mini_L"
,"R_HealBuff_Mini_S"
"Rosa_roguelite_deck","R_VisionInBush_S"
,"R_MoveSpeedInBush_Mini_E"
,"R_SeeThroghtBushOnSuper_E"
,"R_SpawnBushOnAttack_L"
,"R_Reload_S"
,"R_Damage_S"
,"R_Damage_E"
,"R_Damage_L"
,"R_SuperRate_S"
,"R_SuperRate_E"
,"R_ChargeSuperOnStart_E"
,"R_AutoChargeUlti_L"
,"R_MaxHp_Absolute_S"
,"R_DamageReduction_Mini_S"
,"R_DamageReduction_Mini_E"
,"R_DamageReduction_Mini_L"
,"R_MoveSpeedInBush_Mini_S"
,"R_MoveSpeed_Mini_S"
,"R_MoveSpeed_Mini_E"
,"R_MoveSpeed_Mini_L"
,"R_GadgetCooldown_S"
,"R_GadgetCooldown_E"
,"R_SpeedUpOnGadget_S"
,"R_GadgetCooldown_L"
,"R_PowerCubeOnStart_S"
"Carl_roguelite_deck","R_GadgetCooldown_S"
,"R_GadgetCooldown_E"
,"R_SpeedUpOnGadget_S"
,"R_GadgetCooldown_L"
,"R_MoveSpeed_E"
,"R_DamageReduction_S"
,"R_DamageReduction_E"
,"R_ConsShield_L"
,"R_SpeedUpOnAtk_E"
,"R_BulletSize_Boom_S"
,"R_BulletSize_Boom_E"
,"R_BulletSize_Boom_L"
,"R_SuperRate_S"
,"R_SuperRate_E"
,"R_ChargeSuperOnStart_E"
,"R_AutoChargeUlti_L"
,"R_MoveSpeed_S"
,"R_ProjectileSpeed_Max_S"
,"R_AttackRange_E"
,"R_AttackRange_L"
,"R_PowerCubeOnStart_S"
,"R_Damage_S"
,"R_Damage_E"
,"R_Damage_L"
,"R_ProjectileSpeed_Max_E"
"Bibi_roguelite_deck","R_SpeedUpOnAtk_E"
,"R_MoveSpeed_Mini_Mini_S"
,"R_MoveSpeed_Mini_Mini_E"
,"R_MoveSpeed_Mini_Mini_L"
,"R_SuperRate_S"
,"R_SuperRate_E"
,"R_ChargeSuperOnStart_E"
,"R_AutoChargeUlti_L"
,"R_Reload_Mini_E"
,"R_DamageReduction_Mini_S"
,"R_DamageReduction_Mini_E"
,"R_ConsShield_Mini_L"
,"R_Reload_Mini_S"
,"R_Damage_Mini_S"
,"R_Damage_Mini_E"
,"R_Damage_Mini_L"
,"R_VisionInBush_S"
,"R_VisionInBush_E"
,"R_MoveSpeedInBush_Mini_E"
,"R_Bibi_Range_L"
,"R_BulletSize_Bubble_S"
,"R_GadgetCooldown_E"
,"R_BulletSize_Bubble_E"
,"R_BulletSize_Bubble_L"
,"R_GadgetCooldown_S"
"8bit_roguelite_deck","R_SuperRate_S"
,"R_SuperRate_E"
,"R_ChargeSuperOnStart_E"
,"R_AutoChargeUlti_L"
,"R_PowerCubeOnStart_S"
,"R_Reload_S"
,"R_Reload_E"
,"R_AttackRange_Mini_L"
,"R_ProjectileSpeed_S"
,"R_Damage_Mini_S"
,"R_Damage_Mini_E"
,"R_Damage_Mini_L"
,"R_MaxHp_Absolute_E"
,"R_AreaEffectSize_Super_S"
,"R_AreaEffectSize_Super_E"
,"R_AreaEffectSize_Super_L"
,"R_MoveSpeed_S"
,"R_MoveSpeed_E"
,"R_SpeedUpOnAtk_E"
,"R_8Bit_Speed_L"
,"R_GadgetCooldown_E"
,"R_BulletSize_Max_S"
,"R_BulletSize_Max_E"
,"R_BulletSize_Max_L"
,"R_GadgetCooldown_S"
"Sandy_roguelite_deck","R_MaxHp_Absolute_S"
,"R_MaxHp_Absolute_E"
,"R_RegenFaster_E"
,"R_MaxHp_Absolute_L"
,"R_MoveSpeed_S"
,"R_MoveSpeed_E"
,"R_SpeedUpOnAtk_E"
,"R_MoveSpeed_L"
,"R_Reload_S"
,"R_AreaEffectSize_Mini_S"
,"R_AreaEffectSize_Mini_E"
,"R_AreaEffectSize_Mini_L"
,"R_GadgetCooldown_S"
,"R_GadgetCooldown_E"
,"R_AttackRange_Cone_E"
,"R_AttackRange_Cone_L"
,"R_PowerCubeOnStart_S"
,"R_Damage_S"
,"R_Damage_E"
,"R_Damage_L"
,"R_SuperRate_S"
,"R_SuperRate_E"
,"R_ChargeSuperOnStart_E"
,"R_AutoChargeUlti_L"
,"R_Reload_E"
"Bea_roguelite_deck","R_BulletSize_S"
,"R_ProjectileSpeed_E"
,"R_BulletSize_E"
,"R_BulletSize_L"
,"R_MoveSpeed_S"
,"R_ProjectileSpeed_S"
,"R_AttackRange_E"
,"R_DestroyEnvironment_L"
,"R_SuperRate_S"
,"R_SuperRate_E"
,"R_ChargeSuperOnStart_E"
,"R_AutoChargeUlti_L"
,"R_DamageReduction_S"
,"R_DamageReduction_E"
,"R_RegenFaster_E"
,"R_Bea_Shield_L"
,"R_PowerCubeOnStart_S"
,"R_Damage_Mini_S"
,"R_Damage_Mini_E"
,"R_Damage_Mini_L"
,"R_GadgetCooldown_S"
,"R_GadgetCooldown_E"
,"R_SpeedUpOnGadget_S"
,"R_GadgetCooldown_L"
,"R_Reload_S"
"Emz_roguelite_deck","R_PowerCubeOnStart_S"
,"R_Damage_S"
,"R_Damage_E"
,"R_Damage_L"
,"R_SuperRate_S"
,"R_SuperRate_E"
,"R_ChargeSuperOnStart_E"
,"R_AutoChargeUlti_L"
,"R_MoveSpeed_S"
,"R_MoveSpeed_E"
,"R_SpeedUpOnAtk_E"
,"R_MoveSpeed_L"
,"R_SpeedUpOnGadget_S"
,"R_GadgetCooldown_S"
,"R_GadgetCooldown_E"
,"R_GadgetCooldown_L"
,"R_MaxHp_Absolute_S"
,"R_AreaEffectSize_Mini_E"
,"R_AreaEffectSize_Mini_S"
,"R_AreaEffectSize_Mini_L"
,"R_Reload_S"
,"R_Reload_E"
,"R_AttackRange_E"
,"R_AttackRange_Cone_L"
,"R_MaxHp_Absolute_E"
"MrP_roguelite_deck","R_Reload_S"
,"R_Reload_E"
,"R_ChargeSuperOnStart_E"
,"R_AutoChargeUlti_L"
,"R_SpeedUpOnAtk_E"
,"R_GadgetCooldown_S"
,"R_GadgetCooldown_E"
,"R_GadgetCooldown_L"
,"R_MaxHp_Absolute_S"
,"R_MaxHp_Absolute_E"
,"R_RegenFaster_E"
,"R_MaxHp_Absolute_L"
,"R_PowerCubeOnStart_S"
,"R_Damage_S"
,"R_Damage_E"
,"R_Damage_L"
,"R_PetMoveSpeed_S"
,"R_PetMoveSpeed_E"
,"R_PetMaxHP_E"
,"R_PetMaxHP_L"
,"R_ProjectileSpeed_S"
,"R_Mrp_BulletSizeArea_S"
,"R_Mrp_BulletSizeArea_E"
,"R_Mrp_BulletSizeArea_L"
,"R_ProjectileSpeed_E"
"Max_roguelite_deck","R_BulletSize_S"
,"R_BulletSize_E"
,"R_PierceCharacter_E"
,"R_BulletSize_L"
,"R_SuperRate_S"
,"R_SuperRate_E"
,"R_ChargeSuperOnStart_E"
,"R_AutoChargeUlti_L"
,"R_PowerCubeOnStart_S"
,"R_Damage_S"
,"R_Damage_E"
,"R_Damage_L"
,"R_ProjectileSpeed_E"
,"R_Reload_S"
,"R_Reload_E"
,"R_Reload_L"
,"R_MoveSpeed_S"
,"R_MoveSpeed_E"
,"R_SpeedUpOnAtk_E"
,"R_MoveSpeed_Max_L"
,"R_ProjectileSpeed_S"
,"R_GadgetCooldown_S"
,"R_GadgetCooldown_E"
,"R_GadgetCooldown_L"
,"R_AttackRange_E"
"Jacky_roguelite_deck","R_PowerCubeOnStart_S"
,"R_Damage_Mini_S"
,"R_Damage_Mini_E"
,"R_Damage_Mini_L"
,"R_DamageReduction_Mini_S"
,"R_DamageReduction_Mini_E"
,"R_RegenFaster_E"
,"R_DamageReduction_Mini_L"
,"R_SpeedUpOnAtk_E"
,"R_MoveSpeed_Mini_Mini_S"
,"R_MoveSpeed_Mini_Mini_E"
,"R_MoveSpeed_Mini_Mini_L"
,"R_SuperRate_S"
,"R_SuperRate_E"
,"R_ChargeHCOnStart_E"
,"R_SuperRate_L"
,"R_VisionInBush_S"
,"R_GadgetCooldown_Mini_S"
,"R_GadgetCooldown_Mini_E"
,"R_GadgetCooldown_Mini_L"
,"R_VisionInBush_E"
,"R_AreaEffectSize_Melee_S"
,"R_AreaEffectSize_Melee_E"
,"R_AreaEffectSize_Melee_L"
,"R_MaxHp_Absolute_Mini_S"
"Gale_roguelite_deck","R_SuperRate_S"
,"R_SuperRate_E"
,"R_ChargeSuperOnStart_E"
,"R_AutoChargeUlti_L"
,"R_PowerCubeOnStart_S"
,"R_Damage_S"
,"R_Damage_E"
,"R_Damage_L"
,"R_MaxHp_Absolute_S"
,"R_MaxHp_Absolute_E"
,"R_RegenFaster_E"
,"R_MaxHp_Absolute_L"
,"R_Reload_E"
,"R_GadgetCooldown_S"
,"R_GadgetCooldown_E"
,"R_GadgetCooldown_L"
,"R_Reload_S"
,"R_Gale_MoreBullet_S"
,"R_Gale_MoreBullet_E"
,"R_Gale_MoreBullet_L"
,"R_MoveSpeed_S"
,"R_MoveSpeed_E"
,"R_AttackRange_E"
,"R_SlowDownOnHit_L"
,"R_ProjectileSpeed_S"
"Nani_roguelite_deck","R_MaxHp_Absolute_Mini_S"
,"R_MaxHp_Absolute_Mini_E"
,"R_RegenFaster_E"
,"R_MaxHp_Absolute_Mini_L"
,"R_SuperRate_S"
,"R_SuperRate_E"
,"R_Nani_Super_E"
,"R_Nani_Super_L"
,"R_MoveSpeed_Mini_S"
,"R_MoveSpeed_Mini_E"
,"R_SpeedUpOnAtk_E"
,"R_MoveSpeed_Mini_L"
,"R_PowerCubeOnStart_S"
,"R_Damage_Mini_S"
,"R_Damage_Mini_E"
,"R_Nani_Bullets_L"
,"R_Reload_S"
,"R_DamageReduction_Mini_S"
,"R_DamageReduction_Mini_E"
,"R_DamageReduction_Mini_L"
,"R_GadgetCooldown_E"
,"R_Reload_E"
,"R_AttackRange_E"
,"R_AttackRange_L"
,"R_GadgetCooldown_S"
"Sprout_roguelite_deck","R_AttackRange_E"
,"R_AreaEffectSizeThrower_S"
,"R_AreaEffectSizeThrower_E"
,"R_AreaEffectSizeThrower_L"
,"R_MaxHp_Absolute_S"
,"R_MaxHp_Absolute_E"
,"R_RegenFaster_E"
,"R_MaxHp_Absolute_L"
,"R_MoveSpeed_S"
,"R_MoveSpeed_E"
,"R_SpeedUpOnAtk_E"
,"R_MoveSpeed_L"
,"R_SuperRate_S"
,"R_SuperRate_E"
,"R_ChargeSuperOnStart_E"
,"R_AutoChargeUlti_L"
,"R_Reload_S"
,"R_Damage_S"
,"R_Damage_E"
,"R_Damage_L"
,"R_ProjectileSpeed_Max_S"
,"R_ProjectileSpeed_Max_E"
,"R_SeeThroghtBushOnSuper_E"
,"R_Sprout_GadgetCooldown_L"
,"R_VisionInBush_S"
"Surge_roguelite_deck","R_MaxHp_Absolute_S"
,"R_MaxHp_Absolute_E"
,"R_RegenFaster_E"
,"R_MaxHp_Absolute_L"
,"R_SuperRate_S"
,"R_SuperRate_E"
,"R_ChargeSuperOnStart_E"
,"R_TriggerSuper_MoreTimes_1_L"
,"R_PowerCubeOnStart_S"
,"R_Damage_Mini_S"
,"R_Damage_Mini_E"
,"R_Damage_Mini_L"
,"R_ProjectileSpeed_S"
,"R_ProjectileSpeed_E"
,"R_AttackRange_E"
,"R_AttackRange_L"
,"R_GadgetCooldown_E"
,"R_BulletSize_S"
,"R_BulletSize_E"
,"R_BulletSize_L"
,"R_MoveSpeed_S"
,"R_MoveSpeed_E"
,"R_SpeedUpOnAtk_E"
,"R_MoveSpeed_L"
,"R_GadgetCooldown_S"
"Colette_roguelite_deck","R_PowerCubeOnStart_S"
,"R_Damage_S"
,"R_Damage_E"
,"R_HighHealthDamage_L"
,"R_GadgetCooldown_S"
,"R_GadgetCooldown_E"
,"R_FireBallAround_E"
,"R_FireBallAround_L"
,"R_HighHealthDamage_E"
,"R_BulletSize_Mini_S"
,"R_BulletSize_Mini_E"
,"R_BulletSize_Mini_L"
,"R_MaxHp_Absolute_S"
,"R_MaxHp_Absolute_E"
,"R_RegenFaster_E"
,"R_MaxHp_Absolute_L"
,"R_SuperRate_S"
,"R_SuperRate_E"
,"R_ChargeSuperOnStart_E"
,"R_SuperRate_L"
,"R_Reload_E"
,"R_HealBuff_Mini_S"
,"R_HealBuff_Mini_E"
,"R_AttackRange_Mini_L"
,"R_Reload_S"
"Amber_roguelite_deck","R_GadgetCooldown_Mini_S"
,"R_GadgetCooldown_Mini_E"
,"R_SpeedUpOnGadget_S"
,"R_GadgetCooldown_Mini_L"
,"R_PowerCubeOnStart_S"
,"R_Damage_S"
,"R_Damage_E"
,"R_BurnOnHit_Hold_L"
,"R_SuperRate_S"
,"R_SuperRate_E"
,"R_ChargeSuperOnStart_E"
,"R_AutoChargeUlti_L"
,"R_MoveSpeedInBush_E"
,"R_MoveSpeed_S"
,"R_MoveSpeed_E"
,"R_MoveSpeed_L"
,"R_MaxHp_Absolute_E"
,"R_AreaEffectSize_S"
,"R_AreaEffectSize_E"
,"R_AreaEffectSize_L"
,"R_ChargeHCOnStart_E"
,"R_HealOnMove_E"
,"R_FireBallAround_E"
,"R_FireBallAround_L"
,"R_MaxHp_Absolute_S"
"Lou_roguelite_deck","R_ProjectileSpeed_S"
,"R_BulletSize_Max_S"
,"R_BulletSize_Max_E"
,"R_BulletSize_Max_L"
,"R_AttackRange_E"
,"R_AreaEffectSize_Super_Mini_S"
,"R_AreaEffectSize_Super_Mini_E"
,"R_AreaEffectSize_Super_Mini_L"
,"R_MaxHp_Absolute_S"
,"R_MaxHp_Absolute_E"
,"R_RegenFaster_E"
,"R_MaxHp_Absolute_L"
,"R_SuperRate_S"
,"R_SuperRate_E"
,"R_ChargeSuperOnStart_E"
,"R_AutoChargeUlti_L"
,"R_MoveSpeed_S"
,"R_MoveSpeed_E"
,"R_SpeedUpOnAtk_E"
,"R_MoveSpeed_L"
,"R_PowerCubeOnStart_S"
,"R_Damage_S"
,"R_Damage_E"
,"R_Damage_L"
,"R_DamageReduction_S"
"Byron_roguelite_deck","R_MoveSpeed_S"
,"R_MoveSpeed_E"
,"R_SpeedUpOnAtk_E"
,"R_MoveSpeed_L"
,"R_PowerCubeOnStart_S"
,"R_Damage_Mini_S"
,"R_Damage_Mini_E"
,"R_Damage_Mini_L"
,"R_HealBuff_S"
,"R_LifeSteal_S"
,"R_LifeSteal_E"
,"R_LifeSteal_L"
,"R_SuperRate_S"
,"R_SuperRate_E"
,"R_ChargeSuperOnStart_E"
,"R_AutoChargeUlti_L"
,"R_GadgetCooldown_S"
,"R_GadgetCooldown_E"
,"R_SpeedUpOnGadget_S"
,"R_GadgetCooldown_L"
,"R_ProjectileSpeed_S"
,"R_Reload_S"
,"R_Reload_E"
,"R_HomeInOnAttack_L"
,"R_HealBuff_E"
"Edgar_roguelite_deck","R_PowerCubeOnStart_S"
,"R_Damage_Mini_S"
,"R_Damage_Mini_E"
,"R_Damage_Mini_L"
,"R_FireBallAround_E"
,"R_Reload_Mini_S"
,"R_Reload_Mini_E"
,"R_Reload_Mini_L"
,"R_SuperRate_S"
,"R_SuperRate_E"
,"R_ChargeSuperOnStart_E"
,"R_TriggerSuper_MoreTimes_1_L"
,"R_MaxHp_Absolute_Mini_S"
,"R_DamageReduction_Mini_S"
,"R_DamageReduction_Mini_E"
,"R_ConsShield_Mini_L"
,"R_SpeedUpOnGadget_S"
,"R_MoveSpeed_Mini_S"
,"R_MoveSpeed_Mini_E"
,"R_MoveSpeed_Mini_L"
,"R_GadgetCooldown_E"
,"R_HealBuff_S"
,"R_HealBuff_E"
,"R_HealBuff_L"
,"R_GadgetCooldown_S"
"Ruffs_roguelite_deck","R_MaxHp_Absolute_S"
,"R_MaxHp_Absolute_E"
,"R_Reload_E"
,"R_MaxHp_Absolute_L"
,"R_GadgetCooldown_S"
,"R_GadgetCooldown_E"
,"R_SpeedUpOnGadget_S"
,"R_GadgetCooldown_L"
,"R_PowerCubeOnStart_S"
,"R_Damage_S"
,"R_Damage_E"
,"R_ShootTwice_MainAtk_L"
,"R_AttackRange_E"
,"R_Ruff_Bounce_S"
,"R_Ruff_Bounce_E"
,"R_Ruff_Bounce_L"
,"R_MoveSpeed_S"
,"R_MoveSpeed_E"
,"R_SpeedUpOnAtk_E"
,"R_MoveSpeed_L"
,"R_SuperRate_S"
,"R_SuperRate_E"
,"R_ChargeSuperOnStart_E"
,"R_AutoChargeUlti_L"
,"R_Reload_S"
"Stu_roguelite_deck","R_RegenFaster_E"
,"R_Reload_S"
,"R_Reload_E"
,"R_HCTime_L"
,"R_PowerCubeOnStart_S"
,"R_Damage_S"
,"R_Damage_E"
,"R_Damage_L"
,"R_MoveSpeed_S"
,"R_MoveSpeed_E"
,"R_SpeedUpOnAtk_E"
,"R_MoveSpeed_L"
,"R_HealBuff_S"
,"R_HealBuff_E"
,"R_LifeSteal_E"
,"R_LifeSteal_L"
,"R_ProjectileSpeed_S"
,"R_ProjectileSpeed_E"
,"R_AttackRange_E"
,"R_AttackRange_L"
,"R_DamageReduction_S"
,"R_PowerCubeOnKill_E"
,"R_SeeThroghtBushOnSuper_E"
,"R_TriggerSuper_MoreTimes_1_L"
,"R_DamageReduction_E"
"Belle_roguelite_deck","R_Reload_S"
,"R_Reload_E"
,"R_AttackRange_E"
,"R_SlowDownOnHit_L"
,"R_MaxHp_Absolute_S"
,"R_MaxHp_Absolute_E"
,"R_RegenFaster_E"
,"R_MaxHp_Absolute_L"
,"R_PowerCubeOnStart_S"
,"R_Damage_S"
,"R_Damage_E"
,"R_Damage_L"
,"R_SuperRate_S"
,"R_SuperRate_E"
,"R_ChargeSuperOnStart_E"
,"R_AutoChargeUlti_L"
,"R_GadgetCooldown_S"
,"R_GadgetCooldown_E"
,"R_SpeedUpOnGadget_S"
,"R_GadgetCooldown_L"
,"R_MoveSpeed_S"
,"R_MoveSpeed_E"
,"R_SpeedUpOnAtk_E"
,"R_MoveSpeed_L"
,"R_PowerCubeOnStart_E"
"Squeak_roguelite_deck","R_Reload_E"
,"R_AreaEffectSizeThrower_S"
,"R_AreaEffectSizeThrower_E"
,"R_AreaEffectSizeThrower_L"
,"R_Reload_S"
,"R_Damage_S"
,"R_Damage_E"
,"R_Damage_L"
,"R_GadgetCooldown_S"
,"R_GadgetCooldown_E"
,"R_SpeedUpOnGadget_S"
,"R_GadgetCooldown_L"
,"R_MaxHp_Absolute_E"
,"R_MoveSpeed_S"
,"R_MoveSpeed_E"
,"R_MoveSpeed_L"
,"R_ProjectileSpeed_S"
,"R_ProjectileSpeed_E"
,"R_AttackRange_E"
,"R_AttackRange_L"
,"R_SuperRate_S"
,"R_SuperRate_E"
,"R_ChargeSuperOnStart_E"
,"R_Squeak_SpawnAreaE_L"
,"R_MaxHp_Absolute_S"
"Grom_roguelite_deck","R_SuperRate_S"
,"R_SuperRate_E"
,"R_ChargeSuperOnStart_E"
,"R_AutoChargeUlti_L"
,"R_MoveSpeed_S"
,"R_MoveSpeed_E"
,"R_SpeedUpOnAtk_E"
,"R_MoveSpeed_L"
,"R_MaxHp_Absolute_S"
,"R_MaxHp_Absolute_E"
,"R_RegenFaster_E"
,"R_MaxHp_Absolute_L"
,"R_PowerCubeOnStart_E"
,"R_BulletSize_Mini_S"
,"R_BulletSize_Mini_E"
,"R_BulletSize_Mini_L"
,"R_Reload_E"
,"R_Damage_S"
,"R_Damage_E"
,"R_ShootTwice_Throw_L"
,"R_ProjectileSpeed_Max_S"
,"R_ProjectileSpeed_Max_E"
,"R_AttackRange_E"
,"R_AttackRange_L"
,"R_Reload_S"
"Buzz_roguelite_deck","R_GadgetCooldown_S"
,"R_GadgetCooldown_E"
,"R_SpeedUpOnGadget_S"
,"R_GadgetCooldown_L"
,"R_MaxHp_Absolute_Mini_S"
,"R_MaxHp_Absolute_Mini_E"
,"R_RegenFaster_E"
,"R_MaxHp_Absolute_Mini_L"
,"R_PowerCubeOnStart_S"
,"R_Damage_Mini_S"
,"R_Damage_Mini_E"
,"R_Damage_Mini_L"
,"R_SpeedUpOnAtk_E"
,"R_DamageReduction_Mini_S"
,"R_DamageReduction_Mini_E"
,"R_ConsShield_Mini_L"
,"R_SuperRate_S"
,"R_SuperRate_E"
,"R_ChargeHCOnStart_E"
,"R_HCTime_L"
,"R_Reload_E"
,"R_MoveSpeedInBush_S"
,"R_SeeThroghtBushOnSuper_E"
,"R_VisionInBush_L"
,"R_Reload_S"
"Griff_roguelite_deck","R_GadgetCooldown_S"
,"R_GadgetCooldown_E"
,"R_SpeedUpOnGadget_S"
,"R_GadgetCooldown_L"
,"R_MaxHp_Absolute_S"
,"R_MaxHp_Absolute_E"
,"R_RegenFaster_E"
,"R_MaxHp_Absolute_L"
,"R_PowerCubeOnStart_S"
,"R_Damage_Mini_S"
,"R_Damage_Mini_E"
,"R_Damage_Mini_L"
,"R_HealBuff_S"
,"R_LifeSteal_S"
,"R_LifeSteal_E"
,"R_LifeSteal_L"
,"R_ChargeSuperOnStart_S"
,"R_SuperRate_Mini_S"
,"R_SuperRate_Mini_E"
,"R_SuperRate_Mini_L"
,"R_HealBuff_E"
,"R_Reload_S"
,"R_Reload_E"
,"R_AttackRange_Mini_L"
,"R_ProjectileSpeed_S"
"Ash_roguelite_deck","R_MaxHp_Absolute_Mini_S"
,"R_MaxHp_Absolute_Mini_E"
,"R_HealOnMove_E"
,"R_MaxHp_Absolute_Mini_L"
,"R_PetMaxHP_E"
,"R_ProjectileSpeed_S"
,"R_GadgetCooldown_E"
,"R_AttackRange_Mini_L"
,"R_Damage_Mini_S"
,"R_SpeedUpOnAtk_E"
,"R_Damage_Mini_E"
,"R_Damage_Mini_L"
,"R_SuperRate_S"
,"R_SuperRate_E"
,"R_ChargeSuperOnStart_E"
,"R_AutoChargeUlti_L"
,"R_PetMaxHP_S"
,"R_PetMoveSpeed_S"
,"R_PetMoveSpeed_E"
,"R_Ash_PetNumber_L"
,"R_Reload_S"
,"R_Reload_E"
,"R_PowerCubeOnKill_E"
,"R_HomeInOnAttack_Melee_L"
,"R_GadgetCooldown_S"
"Meg_roguelite_deck","R_RegenFaster_E"
,"R_MaxHp_Absolute_Meg_S"
,"R_MaxHp_Absolute_Meg_E"
,"R_MaxHp_Absolute_Meg_L"
,"R_SuperRate_S"
,"R_SuperRate_E"
,"R_MoveSpeed_Mini_E"
,"R_AutoChargeUlti_L"
,"R_ProjectileSpeed_S"
,"R_Damage_Mini_S"
,"R_Damage_Mini_E"
,"R_Damage_Mini_L"
,"R_MoveSpeed_Mini_S"
,"R_DamageReduction_Mini_S"
,"R_DamageReduction_Mini_E"
,"R_ConsShield_Mini_L"
,"R_GadgetCooldown_Mini_S"
,"R_GadgetCooldown_Mini_E"
,"R_SpeedUpOnGadget_S"
,"R_GadgetCooldown_Mini_L"
,"R_Reload_S"
,"R_Reload_E"
,"R_SpeedUpOnAtk_E"
,"R_AttackRange_Mini_L"
,"R_ProjectileSpeed_E"
"Lola_roguelite_deck","R_BulletSize_S"
,"R_ProjectileSpeed_S"
,"R_BulletSize_E"
,"R_BulletSize_L"
,"R_Reload_S"
,"R_Reload_E"
,"R_PierceCharacter_E"
,"R_AttackRange_Mini_L"
,"R_SuperRate_S"
,"R_SuperRate_E"
,"R_ChargeSuperOnStart_E"
,"R_AutoChargeUlti_L"
,"R_MoveSpeed_WithPet_S"
,"R_MoveSpeed_WithPet_E"
,"R_SpeedUpOnAtk_E"
,"R_MoveSpeed_WithPet_L"
,"R_HealBuff_S"
,"R_Damage_Mini_S"
,"R_Damage_Mini_E"
,"R_Damage_Mini_L"
,"R_DamageReduction_S"
,"R_PetMaxHP_S"
,"R_PetMaxHP_E"
,"R_TriggerSuper_MoreTimes_Pet_L"
,"R_HealBuff_E"
"Fang_roguelite_deck","R_GadgetCooldown_S"
,"R_GadgetCooldown_E"
,"R_SpeedUpOnGadget_S"
,"R_GadgetCooldown_L"
,"R_MaxHp_Absolute_Mini_S"
,"R_MaxHp_Absolute_Mini_E"
,"R_RegenFaster_E"
,"R_MaxHp_Absolute_Mini_L"
,"R_MoveSpeed_E"
,"R_Damage_S"
,"R_Damage_E"
,"R_Damage_L"
,"R_HealBuff_S"
,"R_LifeSteal_Mini_S"
,"R_LifeSteal_Mini_E"
,"R_LifeSteal_Mini_L"
,"R_SuperRate_S"
,"R_SuperRate_E"
,"R_ChargeSuperOnStart_S"
,"R_ChargeHCOnStart_L"
,"R_MoveSpeed_S"
,"R_DamageReduction_Mini_S"
,"R_DamageReduction_Mini_E"
,"R_ConsShield_Mini_L"
,"R_SpeedUpOnAtk_E"
"Eve_roguelite_deck","R_Reload_S"
,"R_Damage_S"
,"R_Damage_E"
,"R_Damage_L"
,"R_Reload_E"
,"R_BulletSize_Mini_S"
,"R_BulletSize_Mini_E"
,"R_BulletSize_Mini_L"
,"R_SuperRate_S"
,"R_SuperRate_E"
,"R_ChargeSuperOnStart_E"
,"R_AutoChargeUlti_L"
,"R_MoveSpeed_S"
,"R_MoveSpeed_E"
,"R_PoisonOnHit_E"
,"R_PoisonOnHit_L"
,"R_PetMaxHP_S"
,"R_PetMoveSpeed_S"
,"R_PetMaxHP_E"
,"R_Eve_TriggerSuper_MoreTimes_L"
,"R_PetMoveSpeed_E"
,"R_GadgetCooldown_Mini_S"
,"R_GadgetCooldown_Mini_E"
,"R_GadgetCooldown_Mini_L"
,"R_MaxHp_Absolute_S"
"Janet_roguelite_deck","R_ProjectileSpeed_S"
,"R_Damage_Mini_S"
,"R_Damage_Mini_E"
,"R_Damage_Mini_L"
,"R_MoveSpeed_S"
,"R_MoveSpeed_E"
,"R_SpeedUpOnAtk_E"
,"R_MoveSpeed_L"
,"R_SuperRate_S"
,"R_SuperRate_E"
,"R_ChargeSuperOnStart_E"
,"R_SuperRate_L"
,"R_ProjectileSpeed_E"
,"R_GadgetCooldown_S"
,"R_GadgetCooldown_E"
,"R_GadgetCooldown_L"
,"R_Reload_S"
,"R_DamageReduction_S"
,"R_DamageReduction_E"
,"R_ConsShield_L"
,"R_PowerCubeOnStart_S"
,"R_PowerCubeOnStart_E"
,"R_ChargeHCOnStart_E"
,"R_Janet_ActiveTime_L"
,"R_Janet_ActiveTime_E"
"Bonnie_roguelite_deck","R_SpeedUpOnGadget_S"
,"R_Damage_Mini_S"
,"R_Damage_Mini_E"
,"R_Damage_Mini_L"
,"R_SuperRate_S"
,"R_SuperRate_E"
,"R_ChargeSuperOnStart_E"
,"R_AutoChargeUlti_L"
,"R_MoveSpeed_S"
,"R_MoveSpeed_E"
,"R_SpeedUpOnAtk_E"
,"R_MoveSpeed_L"
,"R_VisionInBush_S"
,"R_DamageReduction_Mini_S"
,"R_DamageReduction_Mini_E"
,"R_ConsShield_Mini_L"
,"R_GadgetCooldown_S"
,"R_GadgetCooldown_E"
,"R_FireBallAround_E"
,"R_FireBallAround_L"
,"R_ProjectileSpeed_S"
,"R_Reload_S"
,"R_Reload_E"
,"R_AttackRange_Mini_L"
,"R_MoveSpeedInBush_S"
"Otis_roguelite_deck","R_SuperRate_S"
,"R_SuperRate_E"
,"R_ChargeHCOnStart_E"
,"R_AutoChargeUlti_L"
,"R_RegenFaster_E"
,"R_BulletSize_S"
,"R_BulletSize_E"
,"R_BulletSize_L"
,"R_ProjectileSpeed_S"
,"R_ProjectileSpeed_E"
,"R_MaxHp_Absolute_S"
,"R_AttackRange_Mini_L"
,"R_MaxHp_Absolute_E"
,"R_GadgetCooldown_S"
,"R_GadgetCooldown_E"
,"R_GadgetCooldown_L"
,"R_DamageReduction_E"
,"R_Reload_Mini_S"
,"R_Reload_Mini_E"
,"R_Reload_Mini_L"
,"R_PowerCubeOnStart_S"
,"R_Damage_S"
,"R_Damage_E"
,"R_Otis_ActiveTime_L"
,"R_DamageReduction_S"
"Sam_roguelite_deck","R_MoveSpeed_Mini_S"
,"R_MoveSpeed_Mini_E"
,"R_SpeedUpOnAtk_E"
,"R_MoveSpeed_Mini_L"
,"R_MaxHp_Absolute_Mini_S"
,"R_HealBuff_Mini_S"
,"R_HealBuff_Mini_E"
,"R_HealBuff_Mini_L"
,"R_RegenFaster_E"
,"R_LifeSteal_Mini_S"
,"R_LifeSteal_Mini_E"
,"R_LifeSteal_Mini_L"
,"R_GadgetCooldown_S"
,"R_Damage_Mini_S"
,"R_Damage_Mini_E"
,"R_Damage_Mini_L"
,"R_ProjectileSpeed_S"
,"R_ProjectileSpeed_E"
,"R_AutoChargeUlti_Sam_E"
,"R_ChargeHCOnStart_L"
,"R_FireBallAround_E"
,"R_BulletSize_WithItem_S"
,"R_BulletSize_WithItem_E"
,"R_BulletSize_WithItem_L"
,"R_GadgetCooldown_E"
"Gus_roguelite_deck","R_Reload_S"
,"R_BulletSize_S"
,"R_BulletSize_E"
,"R_BulletSize_L"
,"R_Reload_E"
,"R_ProjectileSpeed_S"
,"R_AttackRange_E"
,"R_Gus_L"
,"R_GadgetCooldown_S"
,"R_Damage_Mini_S"
,"R_Damage_Mini_E"
,"R_Damage_Mini_L"
,"R_SuperRate_S"
,"R_SuperRate_E"
,"R_ChargeSuperOnStart_E"
,"R_AutoChargeUlti_L"
,"R_DamageReduction_S"
,"R_DamageReduction_E"
,"R_HealOnMove_E"
,"R_ConsShield_L"
,"R_PowerCubeOnStart_S"
,"R_PowerCubeOnStart_E"
,"R_PowerCubeOnKill_E"
,"R_PowerCubeOnStart_L"
,"R_GadgetCooldown_E"
"Buster_roguelite_deck","R_Reload_S"
,"R_Damage_Mini_S"
,"R_Damage_Mini_E"
,"R_Damage_Mini_L"
,"R_GadgetCooldown_S"
,"R_GadgetCooldown_E"
,"R_SpeedUpOnGadget_S"
,"R_GadgetCooldown_L"
,"R_SuperRate_S"
,"R_SuperRate_E"
,"R_ChargeSuperOnStart_E"
,"R_AutoChargeUlti_L"
,"R_SpeedUpOnAtk_E"
,"R_MoveSpeed_Mini_S"
,"R_MoveSpeed_Mini_E"
,"R_MoveSpeed_Mini_L"
,"R_RegenFaster_E"
,"R_DamageReduction_Mini_S"
,"R_DamageReduction_Mini_E"
,"R_Buster_ActiveTime_L"
,"R_MaxHp_Absolute_Mini_Mini_S"
,"R_MaxHp_Absolute_Mini_Mini_E"
,"R_AttackRange_Cone_E"
,"R_AttackRange_Mini_L"
,"R_Reload_E"
"Chester_roguelite_deck","R_PowerCubeOnStart_S"
,"R_Damage_Mini_S"
,"R_Damage_Mini_E"
,"R_Damage_Mini_L"
,"R_SuperRate_S"
,"R_SuperRate_E"
,"R_ChargeSuperOnStart_E"
,"R_AutoChargeUlti_L"
,"R_MaxHp_Absolute_S"
,"R_MaxHp_Absolute_E"
,"R_RegenFaster_E"
,"R_MaxHp_Absolute_L"
,"R_ProjectileSpeed_S"
,"R_Reload_Mini_S"
,"R_Reload_Mini_E"
,"R_PierceCharacter_L"
,"R_ProjectileSpeed_E"
,"R_BulletSize_S"
,"R_BulletSize_E"
,"R_BulletSize_L"
,"R_MoveSpeed_S"
,"R_MoveSpeed_E"
,"R_SpeedUpOnAtk_E"
,"R_MoveSpeed_L"
,"R_ChargeHCOnStart_E"
"Gray_roguelite_deck","R_GadgetCooldown_S"
,"R_GadgetCooldown_E"
,"R_SpeedUpOnGadget_S"
,"R_GadgetCooldown_L"
,"R_Reload_S"
,"R_Reload_E"
,"R_AttackRange_E"
,"R_AttackRange_L"
,"R_SuperRate_S"
,"R_SuperRate_E"
,"R_ChargeHCOnStart_E"
,"R_AutoChargeUlti_L"
,"R_MaxHp_Absolute_S"
,"R_DamageReduction_S"
,"R_DamageReduction_E"
,"R_ConsShield_L"
,"R_MoveSpeed_S"
,"R_MoveSpeed_E"
,"R_SpeedUpOnAtk_E"
,"R_MoveSpeed_L"
,"R_PowerCubeOnStart_S"
,"R_Damage_S"
,"R_Damage_E"
,"R_ShootTwice_MainAtk_L"
,"R_VisionInBush_S"
"Mandy_roguelite_deck","R_Reload_S"
,"R_GadgetCooldown_S"
,"R_GadgetCooldown_E"
,"R_GadgetCooldown_L"
,"R_Reload_E"
,"R_BulletSize_Max_S"
,"R_BulletSize_Max_E"
,"R_BulletSize_Max_L"
,"R_ChargeSuperOnStart_S"
,"R_SuperRate_Mini_S"
,"R_SuperRate_Mini_E"
,"R_SuperRate_Mini_L"
,"R_DamageReduction_S"
,"R_MaxHp_Absolute_E"
,"R_DamageReduction_E"
,"R_DamageReduction_L"
,"R_PowerCubeOnStart_S"
,"R_Damage_Mini_S"
,"R_Damage_Mini_E"
,"R_Damage_Mini_L"
,"R_ProjectileSpeed_S"
,"R_ProjectileSpeed_E"
,"R_AttackRange_E"
,"R_AttackRange_L"
,"R_MaxHp_Absolute_S"
"Rt_roguelite_deck","R_PowerCubeOnStart_S"
,"R_Damage_Mini_S"
,"R_Damage_Mini_E"
,"R_Damage_Mini_L"
,"R_MaxHp_Absolute_Mini_Mini_S"
,"R_MaxHp_Absolute_Mini_Mini_E"
,"R_RegenFaster_E"
,"R_MaxHp_Absolute_Mini_Mini_L"
,"R_FireBallAround_E"
,"R_AreaEffectSize_Melee_S"
,"R_AreaEffectSize_Melee_E"
,"R_AreaEffectSize_Melee_L"
,"R_Reload_Mini_S"
,"R_SuperRate_S"
,"R_SuperRate_E"
,"R_ChargeHCOnStart_L"
,"R_MoveSpeed_Mini_S"
,"R_MoveSpeed_Mini_E"
,"R_SpeedUpOnAtk_E"
,"R_MoveSpeed_Mini_L"
,"R_ProjectileSpeed_S"
,"R_BulletSize_Max_S"
,"R_BulletSize_Max_E"
,"R_BulletSize_Max_L"
,"R_Reload_Mini_E"
"Willow_roguelite_deck","R_ProjectileSpeed_Max_S"
,"R_ProjectileSpeed_Max_E"
,"R_AttackRange_E"
,"R_AttackRange_L"
,"R_SuperRate_S"
,"R_SuperRate_E"
,"R_ChargeSuperOnStart_E"
,"R_PassEnvironment_L"
,"R_GadgetCooldown_S"
,"R_GadgetCooldown_E"
,"R_SpeedUpOnGadget_S"
,"R_GadgetCooldown_L"
,"R_Reload_S"
,"R_AreaEffectSizeThrower_S"
,"R_AreaEffectSizeThrower_E"
,"R_AreaEffectSizeThrower_L"
,"R_MaxHp_Absolute_S"
,"R_MaxHp_Absolute_E"
,"R_RegenFaster_E"
,"R_MaxHp_Absolute_L"
,"R_PowerCubeOnStart_S"
,"R_Damage_S"
,"R_Damage_E"
,"R_Damage_L"
,"R_Reload_E"
"Maisie_roguelite_deck","R_Reload_S"
,"R_BulletSize_Max_S"
,"R_BulletSize_Max_E"
,"R_BulletSize_Max_L"
,"R_Reload_E"
,"R_ProjectileSpeed_S"
,"R_AttackRange_E"
,"R_AttackRange_L"
,"R_PowerCubeOnStart_S"
,"R_Damage_S"
,"R_Damage_E"
,"R_ShootTwice_MainAtk_L"
,"R_SpeedUpOnAtk_E"
,"R_GadgetCooldown_S"
,"R_GadgetCooldown_E"
,"R_GadgetCooldown_L"
,"R_SuperRate_S"
,"R_SuperRate_E"
,"R_ProjectileSpeed_E"
,"R_SuperRate_L"
,"R_MoveSpeed_S"
,"R_AreaEffectSize_Mini_S"
,"R_AreaEffectSize_Mini_E"
,"R_AreaEffectSize_Mini_L"
,"R_MoveSpeed_E"
"Fishtank_roguelite_deck","R_GadgetCooldown_S"
,"R_Hank_Range_S"
,"R_Hank_Range_E"
,"R_Hank_Range_L"
,"R_PowerCubeOnStart_S"
,"R_Damage_Mini_S"
,"R_Damage_Mini_E"
,"R_Damage_Mini_L"
,"R_SuperRate_Mini_S"
,"R_SuperRate_Mini_E"
,"R_ChargeSuperOnStart_E"
,"R_SuperRate_Mini_L"
,"R_MoveSpeed_Mini_Mini_S"
,"R_MoveSpeed_Mini_Mini_E"
,"R_RegenFaster_E"
,"R_MoveSpeed_Mini_Mini_L"
,"R_MaxHp_Absolute_S"
,"R_DamageReduction_Mini_S"
,"R_DamageReduction_Mini_E"
,"R_DamageReduction_Mini_L"
,"R_FireBallAround_E"
,"R_HealBuff_Mini_S"
,"R_HealBuff_Mini_E"
,"R_Hank_L"
,"R_GadgetCooldown_E"
"Cordelius_roguelite_deck","R_MoveSpeed_Mini_S"
,"R_MoveSpeed_Mini_E"
,"R_SpeedUpOnAtk_E"
,"R_MoveSpeed_Mini_L"
,"R_HealBuff_S"
,"R_LifeSteal_Mini_S"
,"R_LifeSteal_Mini_E"
,"R_LifeSteal_Mini_L"
,"R_Reload_Mini_S"
,"R_Damage_Mini_S"
,"R_Damage_Mini_E"
,"R_Codilus_MainAtk_L"
,"R_FireBallAround_E"
,"R_BulletSize_S"
,"R_BulletSize_E"
,"R_BulletSize_L"
,"R_SuperRate_Mini_S"
,"R_SuperRate_Mini_E"
,"R_ChargeSuperOnStart_E"
,"R_ChargeHCOnStart_L"
,"R_GadgetCooldown_S"
,"R_GadgetCooldown_E"
,"R_MaxHp_Absolute_Mini_E"
,"R_AttackRange_Mini_L"
,"R_Reload_Mini_E"
"Doug_roguelite_deck","R_HealBuff_Mini_E"
,"R_MaxHp_Absolute_Mini_S"
,"R_MaxHp_Absolute_Mini_E"
,"R_MaxHp_Absolute_Mini_L"
,"R_HealBuff_Mini_S"
,"R_Damage_Mini_S"
,"R_Damage_Mini_E"
,"R_Damage_Mini_L"
,"R_DamageReduction_Mini_S"
,"R_MoveSpeed_Mini_S"
,"R_MoveSpeed_Mini_E"
,"R_MoveSpeed_Mini_L"
,"R_Reload_Mini_S"
,"R_AreaEffectSize_Melee_S"
,"R_AreaEffectSize_Melee_E"
,"R_AreaEffectSize_Melee_L"
,"R_SuperRate_Mini_S"
,"R_SuperRate_Mini_E"
,"R_ChargeSuperOnStart_E"
,"R_SuperRate_Mini_L"
,"R_GadgetCooldown_S"
,"R_GadgetCooldown_E"
,"R_SpeedUpOnGadget_S"
,"R_GadgetCooldown_L"
,"R_Reload_Mini_E"
"Pearl_roguelite_deck","R_ProjectileSpeed_S"
,"R_AreaEffectSize_Super_S"
,"R_AreaEffectSize_Super_E"
,"R_AreaEffectSize_Super_L"
,"R_PowerCubeOnStart_S"
,"R_Damage_Mini_S"
,"R_Damage_Mini_E"
,"R_Damage_Mini_L"
,"R_MoveSpeed_S"
,"R_DamageReduction_Mini_S"
,"R_DamageReduction_Mini_E"
,"R_DamageReduction_Mini_L"
,"R_MaxHp_Absolute_Mini_S"
,"R_MaxHp_Absolute_Mini_E"
,"R_RegenFaster_E"
,"R_MaxHp_Absolute_Mini_L"
,"R_Reload_S"
,"R_GadgetCooldown_S"
,"R_GadgetCooldown_E"
,"R_GadgetCooldown_L"
,"R_SuperRate_S"
,"R_SuperRate_E"
,"R_ChargeSuperOnStart_E"
,"R_AutoChargeUlti_L"
,"R_Reload_E"
"Chuck_roguelite_deck","R_PowerCubeOnStart_S"
,"R_Damage_S"
,"R_Damage_E"
,"R_Damage_L"
,"R_MaxHp_Absolute_S"
,"R_MaxHp_Absolute_E"
,"R_RegenFaster_E"
,"R_MaxHp_Absolute_L"
,"R_PowerCubeOnStart_E"
,"R_LifeSteal_S"
,"R_LifeSteal_E"
,"R_LifeSteal_L"
,"R_AttackRange_E"
,"R_DamageReduction_S"
,"R_DamageReduction_E"
,"R_ConsShield_L"
,"R_SuperRate_S"
,"R_SuperRate_E"
,"R_FireBallAround_E"
,"R_FireBallAround_L"
,"R_MoveSpeed_S"
,"R_MoveSpeed_E"
,"R_Chuck_Pole_E"
,"R_Chuck_Pole_L"
,"R_SpeedUpOnAtk_E"
"Charlie_roguelite_deck","R_BulletSize_S"
,"R_AttackRange_E"
,"R_BulletSize_E"
,"R_BulletSize_L"
,"R_PowerCubeOnStart_S"
,"R_Damage_Mini_S"
,"R_Damage_Mini_E"
,"R_Damage_Mini_L"
,"R_HealBuff_S"
,"R_LifeSteal_Pet_S"
,"R_LifeSteal_Pet_E"
,"R_LifeSteal_Pet_L"
,"R_SpeedUpOnAtk_E"
,"R_ProjectileSpeed_Max_S"
,"R_ProjectileSpeed_Max_E"
,"R_ProjectileSpeed_Max_L"
,"R_MoveSpeed_S"
,"R_PetMoveSpeed_S"
,"R_PetMoveSpeed_E"
,"R_Charlie_Spider_L"
,"R_SuperRate_S"
,"R_SuperRate_E"
,"R_ChargeSuperOnStart_E"
,"R_AutoChargeUlti_L"
,"R_MoveSpeed_E"
"Mico_roguelite_deck","R_GadgetCooldown_S"
,"R_GadgetCooldown_E"
,"R_SpeedUpOnGadget_S"
,"R_GadgetCooldown_L"
,"R_FireBallAround_E"
,"R_LifeSteal_Mini_S"
,"R_LifeSteal_Mini_E"
,"R_LifeSteal_Mini_L"
,"R_PowerCubeOnStart_S"
,"R_Damage_Mini_S"
,"R_Damage_Mini_E"
,"R_Damage_Mini_L"
,"R_RegenFaster_E"
,"R_DamageReduction_S"
,"R_DamageReduction_E"
,"R_ConsShield_L"
,"R_Reload_S"
,"R_Reload_E"
,"R_MoveSpeed_E"
,"R_AttackRange_Jump_Mini_L"
,"R_SuperRate_S"
,"R_SuperRate_E"
,"R_ChargeHCOnStart_E"
,"R_SuperRate_L"
,"R_MoveSpeed_S"
"Kit_roguelite_deck","R_SuperRate_S"
,"R_MaxHp_Absolute_Mini_S"
,"R_MaxHp_Absolute_Mini_E"
,"R_MaxHp_Absolute_Mini_L"
,"R_Reload_Mini_S"
,"R_Damage_Mini_S"
,"R_Kit_PowerCube_E"
,"R_PowerCubeEffective_L"
,"R_VisionInBush_S"
,"R_DamageReduction_Mini_S"
,"R_DamageReduction_Mini_E"
,"R_ConsShield_Mini_L"
,"R_Reload_Mini_E"
,"R_MoveSpeed_Mini_S"
,"R_MoveSpeed_Mini_E"
,"R_Kit_AttackRange_L"
,"R_SeeThroghtBushOnSuper_E"
,"R_LifeSteal_Mini_S"
,"R_LifeSteal_Mini_E"
,"R_LifeSteal_Mini_L"
,"R_GadgetCooldown_Mini_S"
,"R_GadgetCooldown_Mini_E"
,"R_SpeedUpOnGadget_S"
,"R_GadgetCooldown_Mini_L"
,"R_MoveSpeedInBush_S"
"Twins_roguelite_deck","R_Reload_S"
,"R_AreaEffectSizeThrower_S"
,"R_AreaEffectSizeThrower_E"
,"R_AreaEffectSizeThrower_L"
,"R_MoveSpeed_S"
,"R_MoveSpeed_E"
,"R_SpeedUpOnAtk_E"
,"R_MoveSpeed_L"
,"R_HealBuff_S"
,"R_LifeSteal_Pet_S"
,"R_LifeSteal_Pet_E"
,"R_LifeSteal_Pet_L"
,"R_SuperRate_S"
,"R_SuperRate_E"
,"R_ChargeSuperOnStart_E"
,"R_AutoChargeUlti_L"
,"R_PowerCubeOnStart_S"
,"R_Damage_S"
,"R_Damage_E"
,"R_Damage_L"
,"R_PetMaxHP_E"
,"R_PetMoveSpeed_S"
,"R_PetMoveSpeed_E"
,"R_PetMaxHP_L"
,"R_Reload_E"
"Melody_roguelite_deck","R_SuperRate_S"
,"R_SuperRate_E"
,"R_ChargeHCOnStart_E"
,"R_SuperRate_L"
,"R_HealBuff_Mini_S"
,"R_LifeSteal_S"
,"R_LifeSteal_E"
,"R_LifeSteal_L"
,"R_GadgetCooldown_E"
,"R_Damage_Mini_S"
,"R_Damage_Mini_E"
,"R_Damage_Mini_L"
,"R_GadgetCooldown_S"
,"R_Melodie_MoreNotes_E"
,"R_SpeedUpOnAtk_E"
,"R_Melodie_MoreNotes_L"
,"R_Reload_E"
,"R_DamageReduction_Mini_S"
,"R_DamageReduction_Mini_E"
,"R_ConsShield_L"
,"R_FireBallAround_E"
,"R_BulletSize_S"
,"R_BulletSize_E"
,"R_FireBallAround_L"
,"R_Reload_S"
"Angelo_roguelite_deck","R_RegenFaster_E"
,"R_BulletSize_Max_S"
,"R_BulletSize_Max_E"
,"R_BulletSize_Max_L"
,"R_LifeSteal_S"
,"R_LifeSteal_E"
,"R_HealBuff_Mini_S"
,"R_LifeSteal_L"
,"R_PowerCubeOnStart_S"
,"R_Damage_Mini_S"
,"R_Damage_Mini_E"
,"R_Damage_Mini_L"
,"R_MoveSpeed_S"
,"R_MoveSpeed_E"
,"R_SpeedUpOnAtk_E"
,"R_MoveSpeed_L"
,"R_SuperRate_S"
,"R_SuperRate_E"
,"R_ChargeSuperOnStart_E"
,"R_Angelo_HoldTime_L"
,"R_GadgetCooldown_Mini_S"
,"R_GadgetCooldown_Mini_E"
,"R_SpeedUpOnGadget_S"
,"R_GadgetCooldown_Mini_L"
,"R_HealBuff_Mini_E"
"Draco_roguelite_deck","R_MoveSpeed_Mini_S"
,"R_MoveSpeed_Mini_E"
,"R_MoveSpeedInBush_Mini_E"
,"R_MoveSpeed_Mini_L"
,"R_PowerCubeOnStart_S"
,"R_Damage_Mini_S"
,"R_Damage_Mini_E"
,"R_BurnOnHit_L"
,"R_GadgetCooldown_E"
,"R_DamageReduction_Mini_S"
,"R_DamageReduction_Mini_E"
,"R_ConsShield_Mini_L"
,"R_SuperRate_S"
,"R_ChargeHCOnStart_E"
,"R_ChargeSuperOnStart_E"
,"R_Draco_Super_L"
,"R_MaxHp_Absolute_Mini_Mini_S"
,"R_MaxHp_Absolute_Mini_Mini_E"
,"R_RegenFaster_E"
,"R_MaxHp_Absolute_Mini_Mini_L"
,"R_SuperRate_E"
,"R_LifeSteal_Mini_S"
,"R_LifeSteal_Mini_E"
,"R_LifeSteal_Mini_L"
,"R_GadgetCooldown_S"
"Lily_roguelite_deck","R_MaxHp_Absolute_Mini_S"
,"R_MaxHp_Absolute_Mini_E"
,"R_RegenFaster_E"
,"R_MaxHp_Absolute_Mini_L"
,"R_HealBuff_Mini_S"
,"R_LifeSteal_Mini_S"
,"R_LifeSteal_Mini_E"
,"R_LifeSteal_Mini_L"
,"R_Damage_Mini_S"
,"R_SpeedUpOnAtk_E"
,"R_Damage_Mini_E"
,"R_Damage_Mini_L"
,"R_SuperRate_S"
,"R_SuperRate_E"
,"R_ChargeSuperOnStart_E"
,"R_AutoChargeUlti_L"
,"R_MoveSpeed_Mini_S"
,"R_DamageReduction_Mini_S"
,"R_DamageReduction_Mini_E"
,"R_ConsShield_Mini_L"
,"R_GadgetCooldown_Mini_S"
,"R_GadgetCooldown_Mini_E"
,"R_SpeedUpOnGadget_S"
,"R_GadgetCooldown_Mini_Min_L"
,"R_MoveSpeed_Mini_E"
"Berry_roguelite_deck","R_AreaEffectSizeThrower_S"
,"R_AreaEffectSizeThrower_E"
,"R_GadgetCooldown_S"
,"R_AreaEffectSizeThrower_L"
,"R_SuperRate_S"
,"R_SuperRate_E"
,"R_ChargeSuperOnStart_E"
,"R_AutoChargeUlti_L"
,"R_MaxHp_Absolute_Mini_S"
,"R_MaxHp_Absolute_Mini_E"
,"R_GadgetCooldown_E"
,"R_MaxHp_Absolute_Mini_L"
,"R_PowerCubeOnStart_S"
,"R_Damage_S"
,"R_Damage_E"
,"R_Damage_L"
,"R_HealBuff_S"
,"R_HealBuff_E"
,"R_AttackRange_E"
,"R_Berry_L"
,"R_Reload_S"
,"R_Reload_E"
,"R_FireBallAround_E"
,"R_FireBallAround_L"
,"R_VisionInBush_S"
"Clancy_roguelite_deck","R_Reload_S"
,"R_ProjectileSpeed_S"
,"R_AttackRange_E"
,"R_PierceCharacter_L"
,"R_SpeedUpOnAtk_E"
,"R_GadgetCooldown_Mini_S"
,"R_GadgetCooldown_Mini_E"
,"R_GadgetCooldown_Mini_L"
,"R_MaxHp_Absolute_Mini_S"
,"R_MaxHp_Absolute_Mini_E"
,"R_RegenFaster_E"
,"R_MaxHp_Absolute_Mini_L"
,"R_Reload_E"
,"R_Damage_Mini_S"
,"R_Damage_Mini_E"
,"R_Damage_Mini_L"
,"R_MoveSpeed_S"
,"R_BulletSize_S"
,"R_BulletSize_E"
,"R_BulletSize_L"
,"R_SuperRate_S"
,"R_SuperRate_E"
,"R_ChargeSuperOnStart_E"
,"R_Clancy_Level_L"
,"R_MoveSpeed_E"
"Digger_roguelite_deck","R_Reload_S"
,"R_Damage_Mini_S"
,"R_Damage_Mini_E"
,"R_Damage_Mini_L"
,"R_MaxHp_Absolute_Mini_S"
,"R_MaxHp_Absolute_Mini_E"
,"R_RegenFaster_E"
,"R_MaxHp_Absolute_Mini_L"
,"R_SpeedUpOnAtk_E"
,"R_MoveSpeed_Mini_S"
,"R_MoveSpeed_Mini_E"
,"R_MoveSpeed_Mini_L"
,"R_ProjectileSpeed_S"
,"R_Reload_E"
,"R_AttackRange_E"
,"R_AttackRange_L"
,"R_GadgetCooldown_E"
,"R_SuperRate_S"
,"R_SuperRate_E"
,"R_AutoChargeUlti_L"
,"R_DamageReduction_Mini_S"
,"R_DamageReduction_Mini_E"
,"R_PowerCubeOnKill_E"
,"R_DamageReduction_Mini_L"
,"R_GadgetCooldown_S"
"Samurai_roguelite_deck","R_PowerCubeOnStart_S"
,"R_Damage_Mini_S"
,"R_Damage_Mini_E"
,"R_Damage_Mini_L"
,"R_MaxHp_Absolute_Mini_E"
,"R_HealBuff_Mini_S"
,"R_HealBuff_Mini_E"
,"R_HealBuff_Mini_L"
,"R_MaxHp_Absolute_Mini_S"
,"R_DamageReduction_Mini_S"
,"R_DamageReduction_Mini_E"
,"R_ConsShield_Mini_L"
,"R_FireBallAround_E"
,"R_MoveSpeed_Mini_S"
,"R_MoveSpeed_Mini_E"
,"R_MoveSpeed_Mini_L"
,"R_SuperRate_Mini_S"
,"R_SuperRate_Mini_E"
,"R_ChargeSuperOnStart_E"
,"R_SuperRate_Mini_L"
,"R_GadgetCooldown_S"
,"R_Reload_Mini_S"
,"R_Reload_Mini_E"
,"R_Reload_Mini_L"
,"R_GadgetCooldown_E"
"Shade_roguelite_deck","R_MaxHp_Absolute_Mini_S"
,"R_MaxHp_Absolute_Mini_E"
,"R_HealOnMove_E"
,"R_MaxHp_Absolute_Mini_L"
,"R_PowerCubeOnStart_S"
,"R_Damage_Mini_S"
,"R_Damage_Mini_E"
,"R_Damage_Mini_L"
,"R_SpeedUpOnAtk_E"
,"R_MoveSpeed_Mini_S"
,"R_MoveSpeed_Mini_E"
,"R_MoveSpeed_Mini_L"
,"R_SuperRate_Mini_S"
,"R_SuperRate_Mini_E"
,"R_ChargeHCOnStart_E"
,"R_SuperRate_Mini_L"
,"R_VisionInBush_E"
,"R_GadgetCooldown_S"
,"R_GadgetCooldown_E"
,"R_GadgetCooldown_L"
,"R_MoveSpeedInBush_Mini_E"
,"R_Reload_S"
,"R_Reload_E"
,"R_Shade_AttackRange_L"
,"R_VisionInBush_S"
"Juju_roguelite_deck","R_VisionInBush_S"
,"R_AreaEffectSizeThrower_S"
,"R_AreaEffectSizeThrower_E"
,"R_AreaEffectSizeThrower_L"
,"R_SuperRate_S"
,"R_SuperRate_E"
,"R_ChargeSuperOnStart_E"
,"R_AutoChargeUlti_L"
,"R_MoveSpeed_S"
,"R_MoveSpeedInBush_E"
,"R_AttackRange_E"
,"R_AttackRange_L"
,"R_PetMoveSpeed_S"
,"R_PetMoveSpeed_E"
,"R_PetMaxHP_E"
,"R_PetMaxHP_L"
,"R_SpeedUpOnAtk_E"
,"R_GadgetCooldown_S"
,"R_GadgetCooldown_E"
,"R_GadgetCooldown_L"
,"R_PowerCubeOnStart_S"
,"R_Damage_S"
,"R_Damage_E"
,"R_Damage_L"
,"R_VisionInBush_E"
"Placeholder_roguelite_deck","R_PowerCubeOnStart_S"
,"R_Damage_Mini_S"
,"R_Damage_Mini_E"
,"R_Damage_Mini_L"
,"R_Reload_S"
,"R_MoveSpeed_S"
,"R_MoveSpeed_E"
,"R_MoveSpeed_L"
,"R_SuperRate_S"
,"R_SuperRate_E"
,"R_ChargeSuperOnStart_E"
,"R_AutoChargeUlti_L"
,"R_Reload_E"
,"R_GadgetCooldown_Mini_S"
,"R_GadgetCooldown_Mini_E"
,"R_GadgetCooldown_Mini_L"
,"R_RegenFaster_E"
,"R_PierceCharacter_E"
,"R_SpeedUpOnAtk_E"
,"R_Meeple_HomeInMore_L"
,"R_MaxHp_Absolute_S"
,"R_AreaEffectSize_S"
,"R_AreaEffectSize_E"
,"R_AreaEffectSize_L"
,"R_DamageReduction_S"
"Meeple_roguelite_deck","R_PowerCubeOnStart_S"
,"R_Damage_Mini_S"
,"R_Damage_Mini_E"
,"R_Damage_Mini_L"
,"R_Reload_S"
,"R_MoveSpeed_S"
,"R_MoveSpeed_E"
,"R_MoveSpeed_L"
,"R_SuperRate_S"
,"R_SuperRate_E"
,"R_ChargeSuperOnStart_E"
,"R_AutoChargeUlti_L"
,"R_GadgetCooldown_S"
,"R_GadgetCooldown_E"
,"R_SpeedUpOnGadget_S"
,"R_PierceCharacter_L"
,"R_Reload_E"
,"R_RegenFaster_E"
,"R_SpeedUpOnAtk_E"
,"R_Meeple_HomeInMore_L"
,"R_MaxHp_Absolute_S"
,"R_AreaEffectSize_Function_S"
,"R_AreaEffectSize_Function_E"
,"R_AreaEffectSize_Function_L"
,"R_MaxHp_Absolute_E"
"Ollie_roguelite_deck","R_MaxHp_Absolute_Mini_S"
,"R_MaxHp_Absolute_Mini_E"
,"R_RegenFaster_E"
,"R_MaxHp_Absolute_Mini_L"
,"R_Damage_S"
,"R_Damage_E"
,"R_SpeedUpOnAtk_E"
,"R_Damage_L"
,"R_ChargeSuperOnStart_S"
,"R_SuperRate_Mini_S"
,"R_SuperRate_Mini_E"
,"R_ChargeHCOnStart_L"
,"R_ProjectileSpeed_S"
,"R_DamageReduction_Mini_S"
,"R_DamageReduction_Mini_E"
,"R_DamageReduction_Mini_L"
,"R_Reload_S"
,"R_Reload_E"
,"R_AttackRange_E"
,"R_Olli_Spread_L"
,"R_GadgetCooldown_E"
,"R_MoveSpeed_Mini_S"
,"R_MoveSpeed_Mini_E"
,"R_MoveSpeed_Mini_L"
,"R_GadgetCooldown_S"
"Lumi_roguelite_deck","R_BurnOnHit_Hold_S"
,"R_Damage_S"
,"R_Damage_E"
,"R_Damage_L"
,"R_BurnOnHit_Hold_E"
,"R_GadgetCooldown_S"
,"R_GadgetCooldown_E"
,"R_GadgetCooldown_L"
,"R_MoveSpeed_S"
,"R_MoveSpeed_E"
,"R_SpeedUpOnAtk_E"
,"R_MoveSpeed_L"
,"R_DamageReduction_S"
,"R_ProjectileSpeed_S"
,"R_ProjectileSpeed_E"
,"R_ProjectileSpeed_L"
,"R_RegenFaster_E"
,"R_BulletSize_WithItem_Max_S"
,"R_BulletSize_WithItem_Max_E"
,"R_BulletSize_WithItem_Max_L"
,"R_MaxHp_Absolute_E"
,"R_PowerCubeOnKill_E"
,"R_AttackRange_E"
,"R_AttackRange_L"
,"R_MaxHp_Absolute_S"
"Finx_roguelite_deck","R_SuperRate_S"
,"R_SuperRate_E"
,"R_ChargeHCOnStart_E"
,"R_AutoChargeUlti_Max_L"
,"R_MoveSpeed_S"
,"R_MoveSpeed_E"
,"R_SpeedUpOnAtk_E"
,"R_MoveSpeed_L"
,"R_AttackRange_E"
,"R_Damage_Mini_S"
,"R_Damage_Mini_E"
,"R_Damage_Mini_L"
,"R_SpeedUpOnGadget_S"
,"R_GadgetCooldown_Mini_S"
,"R_GadgetCooldown_Mini_E"
,"R_GadgetCooldown_Mini_L"
,"R_Reload_S"
,"R_AreaEffectSize_Function_S"
,"R_AreaEffectSize_Function_E"
,"R_AreaEffectSize_Function_L"
,"R_PowerCubeOnStart_S"
,"R_PowerCubeOnStart_E"
,"R_PowerCubeOnKill_E"
,"R_PowerCubeOnStart_L"
,"R_Reload_E"
"Jae_roguelite_deck","R_MaxHp_Absolute_Mini_S"
,"R_GadgetCooldown_S"
,"R_GadgetCooldown_E"
,"R_GadgetCooldown_L"
,"R_MoveSpeed_Mini_S"
,"R_MoveSpeed_Mini_E"
,"R_SpeedUpOnAtk_E"
,"R_MoveSpeed_Mini_L"
,"R_MaxHp_Absolute_Mini_E"
,"R_BulletSize_Mini_S"
,"R_BulletSize_Mini_E"
,"R_BulletSize_Mini_L"
,"R_Reload_Mini_S"
,"R_AreaEffectSize_Super_Mini_S"
,"R_AreaEffectSize_Super_Mini_E"
,"R_AreaEffectSize_Super_Mini_L"
,"R_PowerCubeOnStart_S"
,"R_Damage_S"
,"R_Damage_E"
,"R_Damage_L"
,"R_RegenFaster_E"
,"R_HealBuff_Mini_S"
,"R_HealBuff_Mini_E"
,"R_HealBuff_Mini_L"
,"R_Reload_Mini_E"
"Kaze_roguelite_deck","R_MaxHp_Absolute_Mini_Mini_S"
,"R_MaxHp_Absolute_Mini_Mini_E"
,"R_HealOnMove_E"
,"R_MaxHp_Absolute_Mini_Mini_L"
,"R_GadgetCooldown_E"
,"R_Damage_Mini_S"
,"R_Damage_Mini_E"
,"R_Damage_Mini_L"
,"R_AttackRange_E"
,"R_AreaEffectSize_Kaze_S"
,"R_AreaEffectSize_Kaze_E"
,"R_AreaEffectSize_Kaze_L"
,"R_FireBallAround_E"
,"R_DamageReduction_Mini_S"
,"R_DamageReduction_Mini_E"
,"R_DamageReduction_Mini_L"
,"R_MoveSpeed_Mini_S"
,"R_MoveSpeed_Mini_E"
,"R_SpeedUpOnAtk_E"
,"R_MoveSpeed_Mini_L"
,"R_SuperRate_S"
,"R_SuperRate_E"
,"R_VisionInBush_S"
,"R_SuperRate_L"
,"R_GadgetCooldown_S"
"Alli_roguelite_deck","R_VisionInBush_S"
,"R_VisionInBush_E"
,"R_SeeThroghtBushOnSuper_E"
,"R_VisionInBush_L"
,"R_MaxHp_Absolute_Mini_E"
,"R_Damage_Mini_S"
,"R_Damage_Mini_E"
,"R_LowHealthDamage_Mini_L"
,"R_ChargeSuperOnStart_S"
,"R_GadgetCooldown_Mini_E"
,"R_SpeedUpOnGadget_S"
,"R_GadgetCooldown_Mini_L"
,"R_MaxHp_Absolute_Mini_S"
,"R_MoveSpeed_Mini_S"
,"R_MoveSpeed_Mini_E"
,"R_MoveSpeed_Mini_L"
,"R_SuperRate_Mini_S"
,"R_SuperRate_Mini_E"
,"R_ChargeHCOnStart_E"
,"R_SuperRate_Mini_L"
,"R_HealBuff_Mini_E"
,"R_Reload_Mini_S"
,"R_Reload_Mini_E"
,"R_Reload_Mini_L"
,"R_HealBuff_Mini_S"
"Trunk_roguelite_deck","R_VisionInBush_S"
,"R_MoveSpeedInBush_Mini_S"
,"R_SeeThroghtBushOnSuper_E"
,"R_SpawnBushOnMove_L"
,"R_MoveSpeed_Mini_S"
,"R_MoveSpeed_Mini_E"
,"R_SpeedUpOnAtk_E"
,"R_MoveSpeed_Mini_L"
,"R_PowerCubeOnStart_S"
,"R_Damage_Mini_S"
,"R_Damage_Mini_E"
,"R_Damage_Mini_L"
,"R_SuperRate_Mini_S"
,"R_SuperRate_Mini_E"
,"R_ChargeSuperOnStart_E"
,"R_SuperRate_Mini_L"
,"R_HealBuff_Mini_S"
,"R_LifeSteal_Mini_S"
,"R_LifeSteal_Mini_E"
,"R_LifeSteal_Mini_L"
,"R_Reload_E"
,"R_DamageReduction_Mini_S"
,"R_DamageReduction_Mini_E"
,"R_ConsShield_Mini_L"
,"R_Reload_S"
"Dancer_roguelite_deck","R_ProjectileSpeed_S"
,"R_Reload_Mini_S"
,"R_Reload_Mini_E"
,"R_Reload_Mini_L"
,"R_PowerCubeOnStart_S"
,"R_Damage_Mini_S"
,"R_Damage_Mini_E"
,"R_Damage_Mini_L"
,"R_HealBuff_E"
,"R_MoveSpeed_Mini_S"
,"R_MoveSpeed_Mini_E"
,"R_MoveSpeed_Mini_L"
,"R_GadgetCooldown_S"
,"R_BulletSize_S"
,"R_BulletSize_E"
,"R_BulletSize_L"
,"R_GadgetCooldown_E"
,"R_DamageReduction_Mini_S"
,"R_DamageReduction_Mini_E"
,"R_Mina_Shield_L"
,"R_SuperRate_Mini_S"
,"R_SuperRate_Mini_E"
,"R_ChargeSuperOnStart_E"
,"R_SuperRate_Mini_L"
,"R_HealBuff_S"
"Fury_roguelite_deck","R_MaxHp_Absolute_S"
,"R_MaxHp_Absolute_E"
,"R_RegenFaster_E"
,"R_MaxHp_Absolute_L"
,"R_SuperRate_S"
,"R_SuperRate_E"
,"R_ChargeSuperOnStart_E"
,"R_AutoChargeUlti_L"
,"R_Reload_S"
,"R_Reload_E"
,"R_AttackRange_E"
,"R_SlowDownOnHit_L"
,"R_GadgetCooldown_S"
,"R_Damage_S"
,"R_Damage_E"
,"R_Damage_L"
,"R_MoveSpeed_S"
,"R_AreaEffectSize_Mini_S"
,"R_AreaEffectSize_Mini_E"
,"R_AreaEffectSize_Mini_L"
,"R_PowerCubeOnStart_S"
,"R_PowerCubeOnStart_E"
,"R_PowerCubeOnKill_E"
,"R_PowerCubeOnStart_L"
,"R_MoveSpeed_E"
"Empty_roguelite_deck","R_MaxHp_Absolute_S"
,"R_MaxHp_Absolute_E"
,"R_RegenFaster_E"
,"R_MaxHp_Absolute_L"
,"R_SuperRate_S"
,"R_SuperRate_E"
,"R_ChargeSuperOnStart_E"
,"R_AutoChargeUlti_L"
,"R_FireBallAround_E"
,"R_DamageReduction_S"
,"R_DamageReduction_E"
,"R_ConsShield_L"
,"R_GadgetCooldown_S"
,"R_Damage_S"
,"R_Damage_E"
,"R_Damage_L"
,"R_MoveSpeed_S"
,"R_MoveSpeed_E"
,"R_SpeedUpOnAtk_E"
,"R_MoveSpeed_L"
,"R_PowerCubeOnStart_S"
,"R_PowerCubeOnStart_E"
,"R_PowerCubeOnKill_E"
,"R_PowerCubeOnStart_L"
,"R_GadgetCooldown_E"
"Gigi_roguelite_deck","R_MaxHp_Absolute_Mini_S"
,"R_MaxHp_Absolute_Mini_E"
,"R_RegenFaster_E"
,"R_MaxHp_Absolute_Mini_L"
,"R_SuperRate_Mini_S"
,"R_SuperRate_Mini_E"
,"R_ChargeSuperOnStart_E"
,"R_SuperRate_Mini_L"
,"R_FireBallAround_E"
,"R_DamageReduction_Mini_S"
,"R_DamageReduction_Mini_E"
,"R_ConsShield_Mini_L"
,"R_PowerCubeOnStart_S"
,"R_Damage_Mini_S"
,"R_Damage_Mini_E"
,"R_Damage_Mini_L"
,"R_PowerCubeOnStart_E"
,"R_MoveSpeed_Mini_S"
,"R_MoveSpeed_Mini_E"
,"R_SpeedUpOnAtk_L"
,"R_GadgetCooldown_S"
,"R_GadgetCooldown_E"
,"R_SpeedUpOnGadget_S"
,"R_GadgetCooldown_L"
,"R_PowerCubeOnKill_E"
"Rico_roguelite_deck","R_ProjectileSpeed_S"
,"R_GadgetCooldown_S"
,"R_GadgetCooldown_E"
,"R_GadgetCooldown_L"
,"R_Reload_S"
,"R_Damage_S"
,"R_Damage_E"
,"R_Damage_L"
,"R_MoveSpeed_S"
,"R_MoveSpeed_E"
,"R_SpeedUpOnAtk_E"
,"R_MoveSpeed_L"
,"R_AttackRange_E"
,"R_BulletSize_S"
,"R_BulletSize_E"
,"R_BulletSize_L"
,"R_Rico_Bounce_S"
,"R_Rico_Bounce_E"
,"R_Reload_E"
,"R_Rico_Bounce_L"
,"R_SuperRate_S"
,"R_SuperRate_E"
,"R_ChargeSuperOnStart_E"
,"R_SuperRate_L"
,"R_ProjectileSpeed_E"
"Elprimo_roguelite_deck","R_Reload_S"
,"R_AttackRange_2_E"
,"R_AttackRange_E"
,"R_AttackRange_L"
,"R_Damage_S"
,"R_SpeedUpOnAtk_E"
,"R_Damage_E"
,"R_Damage_L"
,"R_SuperRate_S"
,"R_SuperRate_E"
,"R_ChargeHCOnStart_E"
,"R_SuperRate_L"
,"R_GadgetCooldown_Mini_S"
,"R_GadgetCooldown_Mini_E"
,"R_SpeedUpOnGadget_S"
,"R_GadgetCooldown_Mini_L"
,"R_Reload_E"
,"R_BulletSize_Fist_S"
,"R_BulletSize_Fist_E"
,"R_BulletSize_Fist_L"
,"R_MaxHp_Absolute_Mini_E"
,"R_MoveSpeed_Mini_S"
,"R_MoveSpeed_Mini_E"
,"R_MoveSpeed_Mini_L"
,"R_MaxHp_Absolute_Mini_S"
"Mortis_roguelite_deck","R_PowerCubeOnStart_S"
,"R_Damage_S"
,"R_Damage_E"
,"R_Damage_L"
,"R_PowerCubeOnStart_E"
,"R_MoveSpeed_S"
,"R_MoveSpeed_E"
,"R_MoveSpeed_L"
,"R_HealBuff_S"
,"R_LifeSteal_S"
,"R_LifeSteal_E"
,"R_LifeSteal_L"
,"R_HealBuff_E"
,"R_DamageReduction_S"
,"R_DamageReduction_E"
,"R_ConsShield_L"
,"R_SuperRate_S"
,"R_SuperRate_E"
,"R_ChargeSuperOnStart_E"
,"R_SuperRate_L"
,"R_Reload_S"
,"R_Reload_E"
,"R_Mortis_Dash_E"
,"R_Mortis_Dash_L"
,"R_GadgetCooldown_S"
"Tick_roguelite_deck","R_Damage_S"
,"R_Damage_E"
,"R_Tick_BulleNumber_E"
,"R_Tick_BulleNumber_L"
,"R_GadgetCooldown_S"
,"R_GadgetCooldown_E"
,"R_SpeedUpOnGadget_S"
,"R_GadgetCooldown_L"
,"R_SuperRate_S"
,"R_SuperRate_E"
,"R_ChargeSuperOnStart_E"
,"R_AutoChargeUlti_L"
,"R_Reload_S"
,"R_MaxHp_Absolute_S"
,"R_MaxHp_Absolute_E"
,"R_MaxHp_Absolute_L"
,"R_PetMaxHP_S"
,"R_PetMoveSpeed_S"
,"R_PetMoveSpeed_E"
,"R_TriggerSuper_MoreTimes_Pet_L"
,"R_SpeedUpOnAtk_E"
,"R_DamageReduction_S"
,"R_DamageReduction_E"
,"R_DamageReduction_Max_L"
,"R_Reload_E"
"Brock_roguelite_deck","R_ProjectileSpeed_S"
,"R_AreaEffectSizeThrower_S"
,"R_AreaEffectSizeThrower_E"
,"R_AreaEffectSizeThrower_L"
,"R_GadgetCooldown_Mini_S"
,"R_GadgetCooldown_Mini_E"
,"R_SpeedUpOnAtk_E"
,"R_GadgetCooldown_Mini_L"
,"R_PowerCubeOnStart_S"
,"R_Damage_S"
,"R_Damage_E"
,"R_Damage_L"
,"R_SuperRate_S"
,"R_SuperRate_E"
,"R_ChargeSuperOnStart_E"
,"R_SuperRate_L"
,"R_Reload_S"
,"R_Reload_E"
,"R_AttackRange_E"
,"R_AttackRange_L"
,"R_MoveSpeed_S"
,"R_MoveSpeed_E"
,"R_RegenFaster_E"
,"R_MoveSpeed_L"
,"R_ProjectileSpeed_E"
"Piper_roguelite_deck","R_AttackRange_E"
,"R_BulletSize_Max_S"
,"R_BulletSize_Max_E"
,"R_BulletSize_Max_L"
,"R_MoveSpeed_S"
,"R_MoveSpeed_E"
,"R_SpeedUpOnAtk_E"
,"R_MoveSpeed_L"
,"R_PowerCubeOnStart_S"
,"R_Damage_Mini_S"
,"R_Damage_Mini_E"
,"R_ShootTwice_MainAtk_L"
,"R_SuperRate_S"
,"R_SeeThroghtBushOnSuper_E"
,"R_ChargeSuperOnStart_E"
,"R_AutoChargeUlti_Max_L"
,"R_MaxHp_Absolute_S"
,"R_MaxHp_Absolute_E"
,"R_RegenFaster_E"
,"R_MaxHp_Absolute_L"
,"R_GadgetCooldown_S"
,"R_GadgetCooldown_E"
,"R_Reload_E"
,"R_GadgetCooldown_L"
,"R_Reload_S"
"Generic_roguelite_deck","R_Reload_S"
,"R_BulletSize_S"
,"R_BulletSize_E"
,"R_BulletSize_L"
,"R_MoveSpeed_S"
,"R_MoveSpeed_E"
,"R_SpeedUpOnAtk_E"
,"R_MoveSpeed_L"
,"R_Damage_Mini_S"
,"R_Damage_Mini_E"
,"R_AttackRange_E"
,"R_ShootTwice_MainAtk_L"
,"R_SuperRate_S"
,"R_SeeThroghtBushOnSuper_E"
,"R_ChargeSuperOnStart_E"
,"R_AutoChargeUlti_Max_L"
,"R_MaxHp_Absolute_S"
,"R_MaxHp_Absolute_E"
,"R_RegenFaster_E"
,"R_MaxHp_Absolute_L"
,"R_GadgetCooldown_S"
,"R_GadgetCooldown_E"
,"R_Reload_E"
,"R_GadgetCooldown_L"
,"R_PowerCubeOnStart_S"
