"Name","OfferType","AcceptToOffers","AcceptToChallengeRewards","AcceptToChallengeFallbackRewards","AcceptToQuestRewards","AcceptToQuestFallbackRewards","IconFrameNumber","MaxResourcePerFrame","ShopItemAsset","ShopItemAssetBig","PopupItemAsset","PopupItemAssetHighlight","MiniOfferAsset","SeparatedSectionOfferAsset","SeparatedSectionTeaseAsset","SeasonalEventOfferAsset","LegendaryOfferAsset","ClubShopItemAsset","OfferAssetSolo","OfferAssetHalf","OfferAssetQuarter","OfferAssetHeroLayout","OfferAssetSoloHighlight","OfferAssetHalfHighlight","OfferAssetQuarterHighlight","OfferAssetHeroLayoutHighlight","SoloOfferBgFrames","BrawlPassAssetPaid","BrawlPassAssetFree","BrawlPassAssetPlus","MasteryTrackAsset","MasterySmallRewardAsset","TrophyRankRewardProfile","SameSizeForCollected","TrophyRewardMediumThreshold","TrophyRewardLargeThreshold","TrophyRankRewardTiny","TrophyRankRewardSmall","TrophyRankRewardMedium","TrophyRankRewardLarge","TrophyWorldReward","TrophyWorldIconFrameNumber","TrophyWorldMaxResourcePerFrame","ChainOfferMiniItemSmall","ChainOfferMiniItemMedium","ChainOfferMiniItemLarge","RankedRewardAsset","RankedGoalAsset","RankedGoalQuestAsset","ClubCollabAsset","RewardDescTID","ChallengeRewardFrame","ChallengeRewardAsset","RecordsPopupRewards","CustomGachaScreenOverride"
"String","int","boolean","boolean","boolean","boolean","boolean","int","int","String","String","String","String","String","String","String","String","String","String","String","String","String","String","String","String","String","String","StringArray","String","String","String","String","String","String","Boolean","int","int","String","String","String","String","String","int","int","String","String","String","String","String","String","String","String","String","String","String","String"
"FreeBox",0,false,false,,false,,0,,"shop_item_resourses_boxes",,,,,,,,"shop_item_resourses_boxes","shop_item_resourses_boxes",,,,,,,,,,,,,,,"reward_profilebutton_14",,,,"reward_popupitem_collected_6","reward_popupitem_small_6",,,,0,,,,,,,,,"TID_SHOP_OFFER_TITLE_0","box",,,
"Ticket",7,false,false,,false,,0,10,,,"shop_popupitem_7",,,,,,,,,,,,,,,,,,,,,,"reward_profilebutton_7",,,,,,,,,0,10,,,,,,,,"TID_SHOP_OFFER_TITLE_7",,,,
,,,,,,,1,50,,,,,,,,,,,,,,,,,,,,,,,,,,,,,,,,,,1,50,,,,,,,,,,,,
,,,,,,,2,-1,,,,,,,,,,,,,,,,,,,,,,,,,,,,,,,,,,2,-1,,,,,,,,,,,,
"WildcardPower",12,false,false,,false,,,,,,"shop_popupitem_12",,,,,,,"shop_item_resourses_power_points","offer_item_power_points_big","offer_item_power_points_big","offer_item_power_points_small","offer_item_power_points_big",,,,,,"brawlpass_reward_premium_power_points","brawlpass_reward_free_power_points",,,,"reward_profilebutton_12",,,,"reward_popupitem_collected_12","reward_popupitem_small_12","reward_popupitem_medium_12","reward_popupitem_large_12",,,,,,,,"offer_item_power_points_small","offer_item_power_points_small","offer_item_power_points_small","TID_SHOP_OFFER_TITLE_12","resource","icon_powerpoints","offer_item_power_points_small",
"CoinDoubler",9,true,false,,false,,,,"shop_item_resourses_coin_doubler",,"shop_popupitem_9",,"shop_item_daily_freebie_token_doubler",,,,"shop_item_coin_doubler","shop_item_resourses_coin_doubler","offer_item_token_doubler_big","offer_item_token_doubler_big","offer_item_token_doubler_small","offer_item_token_doubler_big",,,,,,"reward_popupitem_large_9","reward_popupitem_small_9",,,,"reward_profilebutton_9",,1000,1000,"reward_popupitem_collected_9","reward_popupitem_small_9",,"reward_popupitem_large_9","reward_popupitem_large_9",,,,,,,"offer_item_token_doubler_small","offer_item_token_doubler_small","offer_item_token_doubler_small","TID_SHOP_OFFER_TITLE_9",,"reward_profilebutton_9","offer_item_token_doubler_small",
"Keys",11,false,false,,false,,,,,,,,,,,,,,,,,,,,,,,,,,,,,,,,,,,,,,,,,,,,,,,,,,
"EventSlot",13,false,false,,false,,,,,,,,,,,,,,,,,,,,,,,"reward_popupitem_large_13",,,,,"reward_profilebutton_13",,,,"reward_popupitem_collected_13",,,"reward_popupitem_large_13","sc/trophy_world_common.sc#reward_item_event_slot",,,,,,,,,,,,"reward_profilebutton_13",,
"AdBox",15,false,false,,false,,,,,,,,,,,,,,,,,,,,,,,,,,,,,,,,"reward_popupitem_collected_6","reward_popupitem_small_6",,,,,,,,,,,,,"TID_SHOP_OFFER_TITLE_15",,,,
"UpgradeMaterial",1,true,true,true,true,true,0,200,"shop_item_resourses_coins",,"shop_popupitem_1",,"shop_item_daily_freebie_coins",,,,"shop_item_resourses_coins","shop_item_resourses_coins","offer_item_coins_big","offer_item_coins_big","offer_item_coins_small","offer_item_coins_big",,,,,"offer_coins","brawlpass_reward_premium_coins","brawlpass_reward_free_coins",,"mastery_reward_coins","mastery_reward_small_coins","reward_profilebutton_1",true,150,9999,"reward_popupitem_collected_1","reward_popupitem_small_1","reward_popupitem_medium_1","reward_popupitem_large_1","sc/trophy_world_common.sc#reward_item_coin",0,200,,,,,"offer_item_coins_small","offer_item_coins_small","offer_item_coins_small","TID_SHOP_OFFER_TITLE_1","resource","icon_resource_coin","offer_item_coins_small",
,,,,,,,1,500,,,,,,,,,,,,,,,,,,,,,,,,,,,,,,,,,,1,500,,,,,,,,,,,,
,,,,,,,2,1500,,,,,,,,,,,,,,,,,,,,,,,,,,,,,,,,,,2,1500,,,,,,,,,,,,
,,,,,,,3,-1,,,,,,,,,,,,,,,,,,,,,,,,,,,,,,,,,,3,-1,,,,,,,,,,,,
"Gems",16,true,true,true,true,,0,30,"shop_item_resourses_gems","shop_item_resourses_gems_big","shop_popupitem_16",,,,,,"shop_item_resourses_gems","shop_item_resourses_gems","offer_item_gems_big","offer_item_gems_big","offer_item_gems_small","offer_item_gems_big",,,,,"offer_gems","brawlpass_reward_premium_gems","brawlpass_reward_free_gems",,,,"reward_profilebutton_16",,,,,"reward_popupitem_small_16",,,"reward_popupitem_small_16",0,30,,,,,"offer_item_gems_small","offer_item_gems_small","offer_item_gems_simple","TID_SHOP_OFFER_TITLE_16","resource","icon_resource_gem","offer_item_gems_small",
,,,,,,,1,80,,,,,,,,,,,,,,,,,,,,,,,,,,,,,,,,,,1,80,,,,,,,,,,,,
,,,,,,,2,170,,,,,,,,,,,,,,,,,,,,,,,,,,,,,,,,,,2,170,,,,,,,,,,,,
,,,,,,,3,360,,,,,,,,,,,,,,,,,,,,,,,,,,,,,,,,,,3,360,,,,,,,,,,,,
,,,,,,,4,950,,,,,,,,,,,,,,,,,,,,,,,,,,,,,,,,,,4,950,,,,,,,,,,,,
,,,,,,,5,2000,,,,,,,,,,,,,,,,,,,,,,,,,,,,,,,,,,5,2000,,,,,,,,,,,,
,,,,,,,5,-1,,,,,,,,,,,,,,,,,,,,,,,,,,,,,,,,,,5,-1,,,,,,,,,,,,
"StarPoints",17,false,true,,true,,0,500,,,,,"shop_item_daily_freebie_starpoints",,,,,,,,,,,,,,,,,,"mastery_reward_star_points","mastery_reward_small_star_points",,,,,,,,,,0,500,,,,"rank_reward_star_points","rank_reward_star_points","rank_reward_star_points",,"TID_SHOP_OFFER_TITLE_17","resource","icon_resource_starpt",,
,,,,,,,1,1000,,,,,,,,,,,,,,,,,,,,,,,,,,,,,,,,,,1,1000,,,,,,,,,,,,
,,,,,,,2,10000,,,,,,,,,,,,,,,,,,,,,,,,,,,,,,,,,,2,10000,,,,,,,,,,,,
,,,,,,,3,20000,,,,,,,,,,,,,,,,,,,,,,,,,,,,,,,,,,3,20000,,,,,,,,,,,,
,,,,,,,4,-1,,,,,,,,,,,,,,,,,,,,,,,,,,,,,,,,,,4,-1,,,,,,,,,,,,
"BrawlPassTokens",28,false,true,,true,,0,30,"shop_item_resourses_gems",,"shop_popupitem_16",,,,,,"shop_item_resourses_gems","shop_item_resourses_gems","offer_item_gems_big","offer_item_gems_big","offer_item_gems_small","offer_item_gems_big",,,,,"offer_gems","brawlpass_reward_premium_gems","brawlpass_reward_free_gems",,,,"reward_profilebutton_16",,,,,,,,,0,30,,,,,"offer_item_gems_small","offer_item_gems_small","offer_item_gems_small","TID_SHOP_OFFER_TITLE_16","resource","icon_resource_key","offer_item_gems_small",
"Emote",19,true,true,,true,,,,,,"shop_popupitem_19",,"shop_item_daily_freebie_pin",,,,,,"offer_item_emote_big","offer_item_emote_big","offer_item_emote_small","offer_item_emote_big",,,,,,"brawlpass_reward_premium_emote","brawlpass_reward_free_emote",,"mastery_reward_emote","mastery_reward_small_emote",,,,,"reward_popupitem_collected_19","reward_popupitem_small_19",,,,,,,,,,"offer_item_emote_small","offer_item_emote_small","offer_item_emote_small","TID_SHOP_OFFER_TITLE_19","pin","reward_profilebutton_3","offer_item_emote_small",
"EmoteBundle",20,true,false,,false,,,,,,"shop_popupitem_emote_bundle","shop_popupitem_22",,,,,,,"offer_item_emote_bundle_big","offer_item_emote_bundle_medium","offer_item_emote_bundle_small","offer_item_emote_bundle_medium","offer_item_emote_bundle_highlight_big","offer_item_emote_bundle_highlight_small","offer_item_emote_bundle_highlight_small","offer_item_emote_bundle_highlight_small","offer_pin_pack","brawlpass_reward_premium_emote_bundle","reward_popupitem_small_20",,,,"reward_popupitem_small_20",,,,"reward_popupitem_collected_20","reward_popupitem_small_20",,"reward_popupitem_small_20",,,,,,,,"offer_item_emote_bundle_small","offer_item_emote_bundle_small","offer_item_emote_bundle_small","TID_SHOP_OFFER_TITLE_20","box","reward_popupitem_small_20","offer_item_emote_bundle_small",
"RandomEmotes",21,true,false,,false,,,,,,"shop_popupitem_21",,,,,,,,"offer_item_random_emotes_big","offer_item_random_emotes_big","offer_item_random_emotes_small","offer_item_random_emotes_big",,,,,"offer_pin_pack","brawlpass_reward_premium_random_emotes","brawlpass_reward_free_random_emotes",,,,,,,,"reward_popupitem_collected_21","reward_popupitem_small_21",,,,,,,,,,"offer_item_random_emotes_small","offer_item_random_emotes_small","offer_item_random_emotes_small","TID_SHOP_OFFER_TITLE_21","box",,"offer_item_random_emotes_small",
"RandomEmotesForBrawler",22,true,false,,false,,,,,,"shop_popupitem_22",,,,,,,,"offer_item_random_emotes_for_brawler_big","offer_item_random_emotes_for_brawler_big","offer_item_random_emotes_for_brawler_small","offer_item_random_emotes_for_brawler_big",,,,,,,,,,,,,,,"reward_popupitem_collected_22","reward_popupitem_small_22",,,,,,,,,,"offer_item_random_emotes_for_brawler_small","offer_item_random_emotes_for_brawler_small","offer_item_random_emotes_for_brawler_small","TID_SHOP_OFFER_TITLE_22","box",,"offer_item_random_emotes_for_brawler_small",
"RandomEmoteOfRarity",23,true,false,,false,,,,,,"shop_popupitem_24",,,,,,,,"offer_item_random_rarity_emote_big","offer_item_random_rarity_emote_big","offer_item_random_rarity_emote_small","offer_item_random_rarity_emote_big",,,,,"offer_pin_pack",,,,,,,,,,,,,,,,,,,,,"offer_item_random_emote_of_rarity_small","offer_item_random_emote_of_rarity_small","offer_item_random_rarity_emote_small","TID_SHOP_OFFER_TITLE_23","pin",,"offer_item_random_rarity_emote_small",
,,,,,,,,,,,,,,,,,,,,,,,,,,,"offer_pin_pack",,,,,,,,,,,,,,,,,,,,,,,,,,,,
,,,,,,,,,,,,,,,,,,,,,,,,,,,"offer_random_epic",,,,,,,,,,,,,,,,,,,,,,,,,,,,
"RandomEmotesPackOfRarity",27,true,false,,false,,,,,,,,,,,,,,,,,,,,,,,,,,,,,,,,,,,,,,,,,,,,,,"TID_SHOP_OFFER_TITLE_27","box",,,
"PlayerThumbnail",25,true,true,,true,,,,"brawlpass_reward_premium_playericon",,"shop_popupitem_27",,,,,,,,"offer_item_profilepic_big","offer_item_profilepic_big","offer_item_profilepic_small","offer_item_profilepic_big",,,,,,"brawlpass_reward_premium_playericon","brawlpass_reward_free_playericon",,"mastery_reward_profile_icon","mastery_reward_small_profile_icon","brawlpass_reward_premium_playericon",,,,,,,,,,,,,,"item_player_thumbnail","item_player_thumbnail","item_player_thumbnail","offer_item_profilepic_small","TID_REWARD_DESC_PLAYER_ICON_REGULAR","resource","reward_profilebutton_3","offer_item_profilepic_small",
"GuaranteedBox",2,false,false,,false,,,,"shop_item_brawler",,"shop_popupitem_2",,,,,,"shop_item_brawler","shop_item_brawler","offer_item_guarantee_brawler_big","offer_item_guarantee_brawler_big","offer_item_guarantee_brawler_small","offer_item_guarantee_brawler_big",,,,,,,,,,,,,,,,,,,,,,,,,,"offer_item_guarantee_brawler_small","offer_item_guarantee_brawler_small","offer_item_guarantee_brawler_small",,,,"offer_item_guarantee_brawler_small",
"GuaranteedHero",3,true,true,,true,,,,,,"shop_popupitem_3",,,,,,,,"offer_item_brawler_big","offer_item_brawler_small","offer_item_skin_small","offer_item_skin_big",,,,,,"brawlpass_reward_premium_brawler","offer_item_skin_small",,,,"reward_profilebutton_3",,,,"reward_popupitem_collected_3",,,"reward_popupitem_large_3","sc/trophy_world_common.sc#reward_item_brawler",,,"offer_item_portrait_small","offer_item_portrait_big","offer_item_portrait_big",,"offer_item_skin_small","offer_item_skin_small","collab_offer_item_skin_small",,"brawler","reward_profilebutton_3","offer_item_skin_small",
"Skin",4,true,true,,false,,,,,,"shop_popupitem_4",,,"shop_item_skins","shop_item_skins_coming_soon","shop_item_event_skins","shop_item_legendary_skins","shop_item_skins","offer_item_brawler_big","offer_item_brawler_small","offer_item_skin_small","offer_item_skin_big",,,,,,"brawlpass_reward_premium_brawler","offer_item_skin_small",,,,"reward_profilebutton_3",,,,,,,"reward_popupitem_large_4",,,,"offer_item_skin_small","offer_item_skin_big","chain_offer_item_brawler_big",,"offer_item_skin_small","offer_item_skin_small","collab_offer_item_skin_small",,"skin","reward_profilebutton_3","offer_item_skin_small",
"SkinAndHero",24,false,true,,false,,,,,,"shop_popupitem_4",,,"shop_item_skins","shop_item_skins_coming_soon","shop_item_event_skins","shop_item_legendary_skins","shop_item_skins","offer_item_brawler_big","offer_item_brawler_small","offer_item_skin_small","offer_item_skin_big",,,,,,"brawlpass_reward_premium_brawler","offer_item_skin_small",,,,"reward_profilebutton_3",,,,,,,"reward_popupitem_large_3",,,,"offer_item_skin_small","offer_item_skin_big","chain_offer_item_brawler_big",,"offer_item_skin_small","offer_item_skin_small","collab_offer_item_skin_small",,"skin","reward_profilebutton_3","offer_item_skin_small",
"PurchaseOptionSkin",26,false,false,,false,,,,,,,,,,,,,,,,,,,,,,,,,,,,,,,,,,,,,,,,,,,"rank_midseason_reward_item",,,"TID_REWARD_DESC_PURCHASE_OPTION_SKIN","brawler",,,
"Item",5,true,false,,true,,,,,,"shop_popupitem_5",,,,,,,,"offer_item_star_power_big","offer_item_star_power_big","offer_item_star_power_small","offer_item_star_power_big",,,,,,,,,,,,,,,,,,,,,,,,,,"offer_item_star_power_small","offer_item_star_power_small","offer_item_star_power_small",,"resource",,"offer_item_star_power_small",
"ClubFeature",29,false,false,,false,,,,,,,,,,,,,,,,,,,,,,,"reward_popupitem_large_13",,,,,"reward_profilebutton_13",,,,,,,"reward_popupitem_large_13","sc/trophy_world_common.sc#reward_item_club",,,,,,,,,,,,"reward_profilebutton_13",,
"GuaranteedHeroWithLevel",30,true,false,,false,,,,,,"shop_popupitem_3",,,,,,,,"offer_item_brawler_big","offer_item_brawler_small","offer_item_skin_small","offer_item_brawler_small",,,,,,"brawlpass_reward_premium_brawler","offer_item_skin_small",,,,"reward_profilebutton_3",,,,,,,"reward_popupitem_large_3",,,,"offer_item_portrait_small","offer_item_portrait_big","offer_item_portrait_big",,"offer_item_skin_small","offer_item_skin_small","offer_item_skin_small",,"brawler","reward_profilebutton_3","offer_item_skin_small",
"GuaranteedBoxWithLevel",31,false,false,,false,,,,"shop_item_brawler",,"shop_popupitem_2",,,,,,"shop_item_brawler","shop_item_brawler","offer_item_guarantee_brawler_big","offer_item_guarantee_brawler_big","offer_item_guarantee_brawler_small","offer_item_guarantee_brawler_big",,,,,,,,,,,,,,,,,,,,,,,,,,"offer_item_guarantee_brawler_small","offer_item_guarantee_brawler_small","offer_item_guarantee_brawler_small",,,,"offer_item_guarantee_brawler_small",
"GearToken",32,false,false,,false,,,,,,,,,,,,,,,,,,,,,,,,,,,,,,,,,,,,,,,,,,,,,,,,,,
"GearScrap",33,false,false,,false,,0,50,,,,,,,,,,,,,,,,,,,,,,,,,,,,,,,,,,0,50,,,,,,,,,,,,
,,,,,,,1,100,,,,,,,,,,,,,,,,,,,,,,,,,,,,,,,,,,1,100,,,,,,,,,,,,
,,,,,,,2,200,,,,,,,,,,,,,,,,,,,,,,,,,,,,,,,,,,2,200,,,,,,,,,,,,
,,,,,,,3,-1,,,,,,,,,,,,,,,,,,,,,,,,,,,,,,,,,,3,-1,,,,,,,,,,,,
"Spray",35,true,true,,true,,,,,,"shop_popupitem_26",,,,,,,,"offer_item_spray_big","offer_item_spray_big","offer_item_spray_small","offer_item_spray_big",,,,,,"brawlpass_reward_premium_spray","brawlpass_reward_free_spray",,"mastery_reward_spray","mastery_reward_small_spray",,,,,,,,,,,,,,,,"offer_item_spray_small","offer_item_spray_small","offer_item_spray_small","TID_SHOP_OFFER_TITLE_35","spray",,"offer_item_spray_small",
"SprayBundle",36,false,false,,false,,,,,,,,,,,,,,,,,,,,,,,"reward_popupitem_large_36","reward_popupitem_small_36",,,,"reward_profilebutton_36",,,,"reward_popupitem_collected_36","reward_popupitem_small_36",,"reward_popupitem_large_36","sc/trophy_world_common.sc#reward_item_sprays",,,,,,,,,,,,,,
"SpraySlot",37,false,false,,false,,,,,,,,,,,,,,,,,,,,,,,"reward_popupitem_large_37","reward_popupitem_small_37",,,,"reward_profilebutton_37",,,,"reward_popupitem_collected_37","reward_popupitem_small_37",,"reward_popupitem_large_37","sc/trophy_world_common.sc#reward_item_sprays",,,,,,,,,,,,,,
"QuestsFeature",18,false,false,,false,,,,,,,,,,,,,,,,,,,,,,,,,,,,"reward_profilebutton_18",,,,"reward_popupitem_collected_18","reward_popupitem_small_18",,,"sc/trophy_world_common.sc#reward_item_season_quests",,,,,,,,,,,,,,
"RecruitToken",38,true,true,true,true,,0,50,"shop_item_resourses_recruit_tokens",,"shop_popupitem_38",,"shop_item_daily_freebie_recruit_tokens",,,,"shop_item_resourses_recruit_tokens","shop_item_resourses_recruit_tokens","offer_item_recruit_tokens_big","offer_item_recruit_tokens_big","offer_item_recruit_tokens_small","offer_item_recruit_tokens_big",,,,,"offer_recruit_tokens","brawlpass_reward_premium_recruit_tokens","brawlpass_reward_free_recruit_tokens",,"mastery_reward_recruit_tokens","mastery_reward_small_recruit_tokens","reward_profilebutton_38",true,100,900,"reward_popupitem_collected_38","reward_popupitem_small_38","reward_popupitem_small_38","reward_popupitem_large_38","sc/trophy_world_common.sc#reward_item_credit",0,50,,,,,"offer_item_recruit_tokens_small","offer_item_recruit_tokens_small","offer_item_recruit_tokens_small","TID_SHOP_OFFER_TITLE_38","resource","icon_resource_recruit_token","offer_item_recruit_tokens_small",
,,,,,,,1,2000,,,,,,,,,,,,,,,,,,,,,,,,,,,,,,,,,,1,2000,,,,,,,,,,,,
,,,,,,,2,-1,,,,,,,,,,,,,,,,,,,,,,,,,,,,,,,,,,2,-1,,,,,,,,,,,,
"ChromaticToken",39,true,true,,true,,0,50,"shop_item_resourses_chromatic_coins",,"shop_popupitem_39",,"shop_item_daily_freebie_chromatic_coins",,,,"shop_item_resourses_chromatic_coins","shop_item_resourses_chromatic_coins","offer_item_chromatic_coins_big","offer_item_chromatic_coins_big","offer_item_chromatic_coins_small","offer_item_chromatic_coins_big",,,,,"offer_chromatic_coins","brawlpass_reward_premium_chromatic_coins","brawlpass_reward_free_chromatic_coins",,"mastery_reward_chromatic_coins","mastery_reward_small_chromatic_coins","reward_profilebutton_39",true,100,900,"reward_popupitem_collected_39","reward_popupitem_small_39","reward_popupitem_small_39","reward_popupitem_large_39",,0,50,,,,,"offer_item_chromatic_coins_small","offer_item_chromatic_coins_small","offer_item_chromatic_coins_small","TID_SHOP_OFFER_TITLE_39","resource","icon_resource_chromatic_coin","offer_item_chromatic_coins_small",
,,,,,,,1,500,,,,,,,,,,,,,,,,,,,,,,,,,,,,,,,,,,1,500,,,,,,,,,,,,
,,,,,,,2,-1,,,,,,,,,,,,,,,,,,,,,,,,,,,,,,,,,,2,-1,,,,,,,,,,,,
"PowerPoints",41,true,true,true,true,,0,200,"shop_item_resourses_generic_power_points",,"shop_popupitem_12",,"shop_item_daily_freebie_powerpoints",,,,"shop_item_resourses_generic_power_points","shop_item_resourses_power_points","offer_item_generic_power_points_big","offer_item_generic_power_points_big","offer_item_generic_power_points_small","offer_item_generic_power_points_big",,,,,"offer_chromatic_coins","brawlpass_reward_premium_power_points","brawlpass_reward_free_power_points",,"mastery_reward_power_points","mastery_reward_small_power_points","reward_profilebutton_12",true,75,900,"reward_popupitem_collected_12","reward_popupitem_small_12","reward_popupitem_small_12","reward_popupitem_large_12","sc/trophy_world_common.sc#reward_item_powerpoint",0,200,,,,,"offer_item_generic_power_points_small","offer_item_generic_power_points_small","offer_item_generic_power_points_small","TID_SHOP_OFFER_TITLE_41","resource","icon_resource_powerpoints","offer_item_generic_power_points_small",
"BrawlPassTailReward",42,false,false,,false,,0,,"shop_item_resourses_boxes",,"shop_popupitem_10",,,,,,"shop_item_resourses_boxes","shop_item_resourses_boxes","brawlpass_reward_premium_tail_rewards","brawlpass_reward_premium_tail_rewards","brawlpass_reward_premium_tail_rewards","brawlpass_reward_premium_tail_rewards",,,,,"offer_recruit_tokens","brawlpass_reward_premium_tail_rewards","brawlpass_reward_premium_tail_rewards","brawlpass_reward_premium_random_reward",,,"reward_profilebutton_50",,,,"reward_popupitem_collected_10",,,"reward_popupitem_large_10",,0,,,,,,"brawlpass_reward_premium_tail_rewards","brawlpass_reward_premium_tail_rewards","brawlpass_reward_premium_tail_rewards",,"box","reward_profilebutton_42","brawlpass_reward_premium_tail_rewards",
"PlayerTitle",43,true,false,,false,,,,,,"shop_popupitem_43",,,,,,,,"offer_item_title_big","offer_item_title_big","offer_item_title_small","offer_item_title_big",,,,,,"brawlpass_reward_premium_title","brawlpass_reward_premium_title",,"mastery_reward_title","mastery_reward_small_title",,,,,,,,,,,,,,,,,,,"TID_SHOP_OFFER_TITLE_43",,,"offer_item_title_small",
"DailyQuests",44,false,false,,false,,,,,,,,,,,,,,,,,,,,,,,,,,,,"reward_profilebutton_18",,,,"reward_popupitem_collected_41","reward_popupitem_small_41",,,"sc/trophy_world_common.sc#reward_item_daily_quests",,,,,,,,,,,,,,
"Bling",45,true,true,true,true,,0,500,,,"shop_popupitem_45",,"shop_item_daily_freebie_cosmetic_coins",,,,,,"offer_item_cosmetic_coins_big","offer_item_cosmetic_coins_big","offer_item_cosmetic_coins_small","offer_item_cosmetic_coins_big",,,,,,"brawlpass_reward_premium_cosmetic_coins","brawlpass_reward_free_cosmetic_coins",,"mastery_reward_cosmetic_coins","mastery_reward_small_cosmetic_coins","reward_profilebutton_45",true,75,350,"reward_popupitem_collected_45","reward_popupitem_small_45","reward_popupitem_small_45","reward_popupitem_large_45","sc/trophy_world_common.sc#reward_item_bling",0,100,,,,"rank_reward_cosmetic_coins","offer_item_cosmetic_coins_small","offer_item_cosmetic_coins_small","offer_item_cosmetic_coins_small","TID_SHOP_OFFER_TITLE_45","resource","icon_resource_cosmetic_coins","offer_item_cosmetic_coins_small",
,,,,,,,1,2000,,,,,,,,,,,,,,,,,,,,,,,,,,,,,,,,,,1,200,,,,,,,,,,,,
,,,,,,,2,-1,,,,,,,,,,,,,,,,,,,,,,,,,,,,,,,,,,2,-1,,,,,,,,,,,,
"BrawlPassBundle",46,true,true,,true,,0,200,,,"shop_popupitem_45",,"shop_item_daily_freebie_cosmetic_coins",,,,,,"offer_item_cosmetic_coins_big","offer_item_cosmetic_coins_big","offer_item_cosmetic_coins_small","offer_item_cosmetic_coins_big",,,,,,"brawlpass_reward_premium_cosmetic_coins","brawlpass_reward_free_cosmetic_coins",,"mastery_reward_cosmetic_coins","mastery_reward_small_cosmetic_coins","reward_profilebutton_45",true,75,1500,"reward_popupitem_collected_45","reward_popupitem_small_45","reward_popupitem_small_45","reward_popupitem_large_45",,0,200,,,,,"offer_item_cosmetic_coins_small","offer_item_cosmetic_coins_small","offer_item_cosmetic_coins_small","TID_SHOP_OFFER_TITLE_46","resource","icon_resource_cosmetic_coins","offer_item_cosmetic_coins_small",
"OverchargeStarrDrop",47,true,true,true,true,,0,200,,,"shop_popupitem_47",,,,,,,,"offer_item_overcharge_star_big","offer_item_overcharge_star_big","offer_item_overcharge_star_small","offer_item_overcharge_star_big",,,,,,"brawlpass_reward_premium_random_reward","brawlpass_reward_free_random_reward",,,,"reward_profilebutton_50",true,,,"reward_popupitem_collected_50","reward_popupitem_small_50","reward_popupitem_small_50","reward_popupitem_large_50","sc/trophy_world_common.sc#reward_item_starrdrop",0,200,,,,,"offer_item_overcharge_star_small","offer_item_overcharge_star_small","offer_item_overcharge_star_small","TID_SHOP_OFFER_TITLE_47","resource","icon_resource_random_reward_overcharge","offer_item_overcharge_star_small",
"BrawlerUpgradeFromLevelToLevel",48,true,false,,false,,,,,,"shop_popupitem_48",,,,,,,,"offer_item_brawler_level_up_small","offer_item_brawler_level_up_small","offer_item_brawler_level_up_small","offer_item_brawler_level_up_small",,,,,,,,,,,,,,,,,,,,,,,,,,,,,"TID_SHOP_OFFER_TITLE_48",,,"offer_item_brawler_level_up_small",
"StarrDropContainer",49,true,true,,true,,,,,,"shop_popupitem_47",,,,,,,,"offer_item_random_reward_big","offer_item_random_reward_big","offer_item_random_reward_small","offer_item_random_reward_big",,,,,,"brawlpass_reward_premium_random_reward","brawlpass_reward_free_random_reward",,,,"reward_profilebutton_50",,,,"reward_popupitem_collected_50","reward_popupitem_small_50","reward_popupitem_small_50","reward_popupitem_large_50","sc/trophy_world_common.sc#reward_item_starrdrop",,,,,,,"offer_item_random_reward_small","offer_item_random_reward_small","collab_club_reward_milestone_random_reward","TID_SHOP_OFFER_TITLE_49","resource","icon_resource_random_reward","offer_item_random_reward_small",
"RandomStarrDrop",50,true,true,true,true,,,,,,"shop_popupitem_50",,,,,,,,"offer_item_random_reward_big","offer_item_random_reward_big","offer_item_random_reward_small","offer_item_random_reward_big",,,,,,"brawlpass_reward_premium_random_reward","brawlpass_reward_free_random_reward",,,,"reward_profilebutton_50",true,75,350,"reward_popupitem_collected_50","reward_popupitem_small_50","reward_popupitem_small_50","reward_popupitem_large_50","sc/trophy_world_common.sc#reward_item_starrdrop",,,,,,,"offer_item_random_reward_small","offer_item_random_reward_small","collab_club_reward_milestone_random_reward","TID_SHOP_OFFER_TITLE_50","resource","icon_resource_random_reward","offer_item_random_reward_small",
"BrawlPassUnlockBrawler",51,false,false,,false,,,,,,"brawlpass_reward_premium_brawler_unlock_any",,,,,,,,"brawlpass_reward_premium_brawler_unlock_any","brawlpass_reward_premium_brawler_unlock_any","brawlpass_reward_premium_brawler_unlock_any","brawlpass_reward_premium_brawler_unlock_any",,,,,,"brawlpass_reward_premium_brawler_unlock_any","brawlpass_reward_premium_brawler_unlock_any",,,,"reward_profilebutton_42",,,,,,,,,,,,,,,,,,,,,"brawlpass_reward_premium_brawler_unlock_any",
"BrawlPassPlusBundle",52,true,true,,true,,0,200,,,"shop_popupitem_45",,"shop_item_daily_freebie_cosmetic_coins",,,,,,"offer_item_cosmetic_coins_big","offer_item_cosmetic_coins_big","offer_item_cosmetic_coins_small","offer_item_cosmetic_coins_big",,,,,,"brawlpass_reward_premium_cosmetic_coins","brawlpass_reward_free_cosmetic_coins",,"mastery_reward_cosmetic_coins","mastery_reward_small_cosmetic_coins","reward_profilebutton_45",true,75,1500,"reward_popupitem_collected_45","reward_popupitem_small_45","reward_popupitem_small_45","reward_popupitem_large_45",,0,200,,,,,"offer_item_cosmetic_coins_small","offer_item_cosmetic_coins_small","offer_item_cosmetic_coins_small","TID_SHOP_OFFER_TITLE_52","resource","icon_resource_cosmetic_coins","offer_item_cosmetic_coins_small",
"RandomCollabDrop",53,true,false,,false,,0,1,,,"shop_popupitem_53",,,,,,,,"offer_item_collab_gacha_big","offer_item_collab_gacha_big","offer_item_collab_gacha_big","offer_item_collab_gacha_big",,,,,,,,,,,,,,,,,,,,0,1,,,,,,,,"TID_SHOP_OFFER_TITLE_53","resource","icon_resource_random_reward","offer_item_collab_gacha_big",
,,,,,,,1,2,,,,,,,,,,,,,,,,,,,,,,,,,,,,,,,,,,1,2,,,,,,,,,,,,
,,,,,,,2,5,,,,,,,,,,,,,,,,,,,,,,,,,,,,,,,,,,2,5,,,,,,,,,,,,
,,,,,,,3,11,,,,,,,,,,,,,,,,,,,,,,,,,,,,,,,,,,3,11,,,,,,,,,,,,
,,,,,,,4,23,,,,,,,,,,,,,,,,,,,,,,,,,,,,,,,,,,4,23,,,,,,,,,,,,
,,,,,,,5,-1,,,,,,,,,,,,,,,,,,,,,,,,,,,,,,,,,,5,-1,,,,,,,,,,,,
"SpecialEventTokens",54,false,true,,true,,,,"shop_item_resourses_gems",,"shop_popupitem_16",,,,,,"shop_item_resourses_gems","shop_item_resourses_gems","offer_item_gems_big","offer_item_gems_big","offer_item_gems_small","offer_item_gems_big",,,,,"offer_gems","brawlpass_reward_premium_gems","brawlpass_reward_free_gems",,,,"reward_profilebutton_16",,,,,,,,,,,,,,,"offer_item_gems_small","offer_item_gems_small","offer_item_gems_small",,"first_win","icon_first_win","offer_item_gems_small",
"MegaBox",55,true,true,,true,,0,1,,,"shop_popupitem_55",,,,,,,,"offer_item_mega_box_big","offer_item_mega_box_big","offer_item_mega_box_small","offer_item_mega_box_big",,,,,,,,,,,,,,,,,,,,0,1,,,,,,,,"TID_SHOP_OFFER_TITLE_55","resource","icon_resource_random_reward","offer_item_mega_box_big",
"ArchetypeItem",56,true,false,,false,,,,,,"shop_popupitem_5",,,,,,,,"offer_item_sb_big","offer_item_sb_big","offer_item_sb_small","offer_item_sb_big",,,,,,,,,,,,,,,,,,,,,,,,,,"offer_item_sb_small","offer_item_sb_small","offer_item_sb_small",,"resource",,"offer_item_sb_small",
"CollabPoints",57,true,true,,true,,0,0,,,"shop_popupitem_57",,,,,,,,"offer_item_collab_points_big","offer_item_collab_points_big","offer_item_collab_points_small","offer_item_collab_points_big",,,,,,,,,,,"reward_profilebutton_57",true,75,350,"reward_popupitem_collected_57","reward_popupitem_small_57","reward_popupitem_small_57","reward_popupitem_large_57",,0,0,,,,,"offer_item_collab_points_small","offer_item_collab_points_small","offer_item_collab_points_small","TID_SHOP_OFFER_TITLE_57","resource","icon_resource_currency_collab","offer_item_collab_points_small",
,,,,,,,1,24,,,,,,,,,,,,,,,,,,,,,,,,,,,,,,,,,,1,24,,,,,,,,,,,,
,,,,,,,2,99,,,,,,,,,,,,,,,,,,,,,,,,,,,,,,,,,,2,99,,,,,,,,,,,,
,,,,,,,3,299,,,,,,,,,,,,,,,,,,,,,,,,,,,,,,,,,,3,299,,,,,,,,,,,,
,,,,,,,4,-1,,,,,,,,,,,,,,,,,,,,,,,,,,,,,,,,,,4,-1,,,,,,,,,,,,
"AngelicStar",58,true,true,,true,,0,1,,,"shop_popupitem_58",,,,,,,,"offer_item_collab_gacha_angels","offer_item_collab_gacha_angels","offer_item_collab_gacha_angels_small","offer_item_collab_gacha_angels",,,,,,,,,,,,,,,,,,,,0,1,,,,,,,,"TID_SHOP_OFFER_TITLE_58","resource","icon_resource_random_reward","offer_item_collab_gacha_angels",
"DemonicStar",59,true,true,,true,,0,1,,,"shop_popupitem_59",,,,,,,,"offer_item_collab_gacha_demons","offer_item_collab_gacha_demons","offer_item_collab_gacha_demons_small","offer_item_collab_gacha_demons",,,,,,,,,,,,,,,,,,,,0,1,,,,,,,,"TID_SHOP_OFFER_TITLE_59","resource","icon_resource_random_reward","offer_item_collab_gacha_demons",
"RandomPresentDrop",60,true,true,,true,,0,1,,,"shop_popupitem_60",,,,,,,,"offer_item_gacha_present_drop_big","offer_item_gacha_present_drop_big","offer_item_gacha_present_drop_small","offer_item_gacha_present_drop_big",,,,,,,,,,,,,,,,,,,,0,1,,,,,,,,"TID_SHOP_OFFER_TITLE_60","resource","icon_resource_random_reward","offer_item_gacha_present_drop_small",
"CompetitivePassTailReward",61,false,false,,false,,0,,"shop_item_resourses_boxes",,"shop_popupitem_10",,,,,,"shop_item_resourses_boxes","shop_item_resourses_boxes","brawlpass_reward_premium_tail_rewards","brawlpass_reward_premium_tail_rewards","brawlpass_reward_premium_tail_rewards","brawlpass_reward_premium_tail_rewards",,,,,"offer_recruit_tokens","brawlpass_reward_premium_tail_rewards","brawlpass_reward_premium_tail_rewards","brawlpass_reward_premium_random_reward",,,"reward_profilebutton_50",,,,"reward_popupitem_collected_10",,,"reward_popupitem_large_10",,0,,,,,,"brawlpass_reward_premium_random_reward","brawlpass_reward_premium_random_reward","brawlpass_reward_premium_random_reward",,"box","reward_profilebutton_42","brawlpass_reward_premium_tail_rewards",
"ProgressionSkinLevelUp",62,false,false,,false,,0,1,,,,,,,,,,,,,,,,,,,,"competitive_pass_reward_premium_progression_skin","competitive_pass_reward_free_progression_skin",,,,,,,,,,,,,0,1,,,,,,,,,,,,
"CompetitivePassPoints",64,true,true,,true,,0,1,"offer_item_competitive_pass_points_big",,"reward_popupitem_large_64",,,,,,,,,,,,,,,,,"offer_item_competitive_pass_points_big","reward_popupitem_small_64",,,,,,,,,,,,,0,1,,,,,,,,"TID_COMPETITIVE_PASS_PRO_PASS_XP","resource","icon_resource_competitive_pass",,
"DailyStreak",65,true,false,,false,,0,-1,,,"shop_popupitem_45",,"shop_item_daily_freebie_cosmetic_coins",,,,,,"offer_item_cosmetic_coins_big","offer_item_cosmetic_coins_big","offer_item_cosmetic_coins_small","offer_item_cosmetic_coins_big",,,,,,"brawlpass_reward_premium_cosmetic_coins","brawlpass_reward_free_cosmetic_coins",,,,"reward_profilebutton_45",,,,"reward_popupitem_collected_45","reward_popupitem_small_45","reward_popupitem_small_45","reward_popupitem_large_45",,0,-1,,,,"rank_reward_cosmetic_coins","offer_item_cosmetic_coins_small","offer_item_cosmetic_coins_small","offer_item_cosmetic_coins_small","TID_SHOP_OFFER_TITLE_65","resource","icon_resource_cosmetic_coins","offer_item_cosmetic_coins_small",
"LevelUpgrade",34,true,false,,false,,0,-1,,,,,,,,,,,,,,,,,,,,,,,,,,,,,,,,,,0,-1,,,,,,,,"TID_SHOP_OFFER_TITLE_34",,,,
"RandomSushiDrop",66,true,true,,true,,0,1,,,"shop_popupitem_66",,,,,,,,"offer_item_gacha_sushi_big","offer_item_gacha_sushi_big","offer_item_gacha_sushi_small","offer_item_gacha_sushi_big",,,,,,,,,,,,,,,,,,,,0,1,,,,,,,,"TID_SHOP_OFFER_TITLE_66","resource","icon_resource_sushi","offer_item_gacha_sushi_small",
,,,,,,,1,2,,,,,,,,,,,,,,,,,,,,,,,,,,,,,,,,,,1,2,,,,,,,,,,,,
,,,,,,,2,3,,,,,,,,,,,,,,,,,,,,,,,,,,,,,,,,,,2,3,,,,,,,,,,,,
,,,,,,,3,9,,,,,,,,,,,,,,,,,,,,,,,,,,,,,,,,,,3,9,,,,,,,,,,,,
,,,,,,,4,14,,,,,,,,,,,,,,,,,,,,,,,,,,,,,,,,,,4,14,,,,,,,,,,,,
,,,,,,,5,25,,,,,,,,,,,,,,,,,,,,,,,,,,,,,,,,,,5,25,,,,,,,,,,,,
,,,,,,,6,-1,,,,,,,,,,,,,,,,,,,,,,,,,,,,,,,,,,6,-1,,,,,,,,,,,,
"TrophySeasonBox",67,true,false,,false,,,,,,"shop_popupitem_61",,,,,,,,"offer_item_trophy_box_big","offer_item_trophy_box_big","offer_item_trophy_box_small","offer_item_trophy_box_big",,,,,,,,,,,,,,,,,,,,,,,,,,"offer_item_trophy_box_small","offer_item_trophy_box_small","offer_item_trophy_box_small","TID_SHOP_OFFER_TITLE_67","resource","icon_resource_random_reward","offer_item_trophy_box_small",
"ChooseSuperRareBrawler",69,false,false,,false,,,,,,"brawlpass_reward_premium_brawler_unlock_any",,,,,,,,"brawlpass_reward_premium_brawler_unlock_any","brawlpass_reward_premium_brawler_unlock_any","brawlpass_reward_premium_brawler_unlock_any","brawlpass_reward_premium_brawler_unlock_any",,,,,,"brawlpass_reward_premium_brawler_unlock_any","brawlpass_reward_premium_brawler_unlock_any",,,,"reward_profilebutton_42",,,,,,,,"sc/trophy_world_common.sc#reward_item_brawler_choose",,,,,,,,,,"TID_SHOP_OFFER_TITLE_69",,,"brawlpass_reward_premium_brawler_unlock_any",
"RecordsFeature",70,false,false,,false,,,,,,,,,,,,,,,,,,,,,,,,,,,,"reward_profilebutton_70",,,,"reward_popupitem_collected_41","reward_popupitem_small_41",,,"sc/trophy_world_common.sc#reward_item_records",,,,,,,,,,,,,,
"BrawlerBox",71,true,true,,,,,,,,"shop_popupitem_71",,,,,,,,"offer_item_brawler_box_big","offer_item_brawler_box_big","offer_item_brawler_box_small","offer_item_brawler_box_big",,,,,,,,,,,,,,,,,,,,,,,,,,,,,"TID_SHOP_OFFER_TITLE_71",,,,
"CollabScore",72,true,true,,true,,0,0,,,"shop_popupitem_72",,,,,,,,"offer_item_subway_surfers_points_big","offer_item_subway_surfers_points_big","offer_item_subway_surfers_points_small","offer_item_subway_surfers_points_big",,,,,,,,,,,"reward_profilebutton_72",true,75,350,"reward_popupitem_collected_72","reward_popupitem_small_72","reward_popupitem_small_72","reward_popupitem_large_72",,0,0,,,,,"offer_item_subway_surfers_points_small","offer_item_subway_surfers_points_small","offer_item_subway_surfers_points_small","TID_SUBWAY_CONTEST_END_FLOW_REWARD","resource","icon_resource_currency_collab","offer_item_subway_surfers_points_small",
"GraffitiBox",73,true,true,,false,,0,1,,,"shop_popupitem_73",,,,,,,,"offer_item_graffiti_box_big","offer_item_graffiti_box_big","offer_item_graffiti_box_small","offer_item_graffiti_box_big",,,,,,,,,,,,,,,"reward_popupitem_collected_73","reward_popupitem_small_73","reward_popupitem_small_73","reward_popupitem_large_73",,0,1,,,,,"offer_item_graffiti_box_small","offer_item_graffiti_box_small","offer_item_graffiti_box_small","TID_SHOP_OFFER_TITLE_73","resource","icon_resource_random_reward","offer_item_graffiti_box_small",
"TrickBox",74,true,true,,true,,0,1,,,"shop_popupitem_74",,,,,,,,"offer_item_trick_box_big","offer_item_trick_box_big","offer_item_trick_box_small","offer_item_trick_box_big",,,,,,,,,,,,,,,"reward_popupitem_collected_74","reward_popupitem_small_74","reward_popupitem_small_74","reward_popupitem_large_74",,0,1,,,,,"offer_item_trick_box_small","offer_item_trick_box_small","offer_item_trick_box_small","TID_SHOP_OFFER_TITLE_74","resource","icon_resource_random_reward","offer_item_trick_box_small",
"CollabFeature",75,false,false,,false,,,,,,,,,,,,,,,,,,,,,,,,,,,,"reward_profilebutton_75",,,,,,,,"sc/trophy_world_common.sc#reward_item_season_quests",,,,,,,,,,,,,,
"CollabEventCurrency",76,true,true,,true,,0,0,,,"shop_popupitem_76",,,,,,,,"offer_item_currency_collab_big","offer_item_currency_collab_big","offer_item_currency_collab_small","offer_item_currency_collab_big",,,,,,,,,,,"reward_profilebutton_76",true,75,350,"reward_popupitem_collected_76","reward_popupitem_small_76","reward_popupitem_small_76","reward_popupitem_large_76",,0,0,,,,,"offer_item_currency_collab_small","offer_item_currency_collab_small","offer_item_currency_collab_small","TID_SHOP_OFFER_TITLE_76","resource","icon_resource_currency_collab","offer_item_currency_collab_small","gatcha_screen_collab_event_currency_drop"
,,,,,,,1,99,,,,,,,,,,,,,,,,,,,,,,,,,,,,,,,,,,1,24,,,,,,,,,,,,
,,,,,,,2,199,,,,,,,,,,,,,,,,,,,,,,,,,,,,,,,,,,2,99,,,,,,,,,,,,
,,,,,,,3,399,,,,,,,,,,,,,,,,,,,,,,,,,,,,,,,,,,3,299,,,,,,,,,,,,
,,,,,,,4,-1,,,,,,,,,,,,,,,,,,,,,,,,,,,,,,,,,,4,-1,,,,,,,,,,,,
"MechBox",77,true,true,,true,,,,,,"shop_popupitem_77",,,,,,,,"offer_item_mech_box_big","offer_item_mech_box_big","offer_item_mech_box_small","offer_item_mech_box_big",,,,,,,,,,,,,,,,,,,,,,,,,,"offer_item_mech_box_small","offer_item_mech_box_small","offer_item_mech_box_small",,,,"offer_item_mech_box_small",
"N_001_BrawlBox",6,true,false,,false,,0,,"shop_item_resourses_boxes",,"shop_popupitem_6",,"shop_item_boxes",,,,"shop_item_resourses_boxes","shop_item_resourses_boxes","icon_skins_lastbox","offer_item_boxes_big","offer_item_boxes_small","offer_item_boxes_big",,,,,"offer_boxes","brawlpass_reward_premium_brawl_box","brawlpass_reward_free_brawl_box",,,,"reward_profilebutton_6",,,,"reward_popupitem_collected_6","reward_popupitem_small_6",,,,,,,,,,"offer_item_boxes_small","offer_item_boxes_small",,"TID_SHOP_OFFER_TITLE_6","box","reward_profilebutton_6",,
"N_002_MediumBox",14,true,false,,false,,1,,"shop_item_resourses_boxes",,"shop_popupitem_14",,"shop_item_boxes",,,,"shop_item_resourses_boxes","shop_item_resourses_boxes","icon_skins_lastbox","offer_item_boxes_big","offer_item_boxes_small","offer_item_boxes_big",,,,,"offer_boxes","brawlpass_reward_premium_big_box","brawlpass_reward_free_big_box",,,,"reward_profilebutton_14",,,,"reward_popupitem_collected_14","reward_popupitem_small_14",,,,,,,,,,"offer_item_boxes_small","offer_item_boxes_small",,"TID_SHOP_OFFER_TITLE_14","box","reward_profilebutton_14",,
"N_003_BigBox",10,true,false,,false,,2,,"shop_item_resourses_boxes",,"shop_popupitem_10",,"shop_item_boxes",,,,"shop_item_resourses_boxes","shop_item_resourses_boxes","icon_skins_lastbox","offer_item_boxes_big","offer_item_boxes_small","offer_item_boxes_big",,,,,"offer_boxes","brawlpass_reward_premium_mega_box","brawlpass_reward_free_mega_box",,,,"reward_profilebutton_10",,,,"reward_popupitem_collected_10",,,"reward_popupitem_large_10",,,,,,,,"offer_item_boxes_small","offer_item_boxes_small",,"TID_SHOP_OFFER_TITLE_10","box","reward_profilebutton_10",,
"N_004_GigaBox",40,true,false,,false,,3,,"shop_item_resourses_boxes",,"shop_popupitem_10",,,,,,"shop_item_resourses_boxes","shop_item_resourses_boxes","icon_skins_lastbox","offer_item_boxes_big","offer_item_boxes_small","offer_item_boxes_big",,,,,"offer_boxes","brawlpass_reward_premium_mega_box","brawlpass_reward_free_mega_box",,,,,,,,"reward_popupitem_collected_10",,,"reward_popupitem_large_10",,,,,,,,"offer_item_boxes_small","offer_item_boxes_small",,"TID_SHOP_OFFER_TITLE_40","box",,,
