"Name","Logic","ChainStatusEffect","ChainStatusEffect2","StatusToApplyOnEnd","UseColorMod","RedAdd","GreenAdd","BlueAdd","FullScreenAdd","FullScreenMul","FullScreenEffectFile","FullScreenEffectName","StartEffect","LoopedEffect","LoopedEffectRemoveType","TriggerEffect","EndEffect"
"string","string","string","string","string","boolean","int","int","int","string","string","string","string","string","string","string","string","string"
"WhirlwindTrailFire","WhirlwindTrailFire","","","","TRUE","150","150","0","","","","","","poisoned_002","end","",""
"WhirlwindUltiTrailFire","WhirlwindUltiTrailFire","","","","TRUE","150","150","0","","","","","","poisoned_002","end","",""
"PetrolFire","PetrolFire","","","","TRUE","150","150","0","","","","","","poisoned_002","end","",""
"PetrolFireIce","PetrolFire","","","","TRUE","150","150","150","","","","","","poisoned_008","end","",""
"PetrolFireBubbles","PetrolFire","","","","TRUE","150","150","150","","","","","","poisoned_011","end","",""
"PetrolFireDark","PetrolFire","","","","TRUE","150","150","150","","","","","","amber_005_ulti_status","end","",""
"PetrolFireOvercharged","PetrolFireOvercharged","","","","TRUE","150","150","150","","","","","","poisoned_002","end","",""
"RollerFire","RollerFire","","","","TRUE","150","150","0","","","","","","poisoned_002","end","",""
"RollerFireIce","RollerFire","","","","TRUE","150","150","150","","","","","","poisoned_008","end","",""
"PuppeteerPoison","PuppeteerPoison","","","","TRUE","0","100","0","","","","","","willow_def_atk_poison","end","",""
"Puppeteer002Poison","PuppeteerPoison","","","","TRUE","0","100","0","","","","","","willow_def_atk_poison","end","",""
"Puppeteer003Poison","PuppeteerPoison","","","","TRUE","0","100","0","","","","","","poisoned_002","end","",""
"SharpenedAmmoBleed","SharpenedAmmoBleed","","","","TRUE","150","0","0","","","","","","status_blood","end","",""
"CollabAssassinBleed","CollabAssassinBleed","","","","TRUE","150","0","0","","","","","","status_blood","end","",""
"JesterUltiPoison","JesterUltiPoison","","","","TRUE","0","100","0","","","","","","poisoned_001","end","",""
"FleaPetDot","FleaPetDot","","","","TRUE","0","100","0","","","","","","poisoned_006","end","",""
"FleaPetHot","FleaPetHot","","","","","0","0","0","","","","","","heal_over_time_3","end","",""
"FleaExtraPetDot","FleaExtraPetDot","","","","TRUE","0","100","0","","","","","","poisoned_006","end","",""
"SamuraiShield","SamuraiShield","","","","","0","0","0","","","","","","buff_shield","remove","",""
"SamuraiHide","SamuraiHide","","","","","0","0","0","","","","","","","","",""
"SnakeOilDot","SnakeOilDot","","","","TRUE","0","100","0","","","","","","poisoned_001","end","",""
"SnakeOilHot","SnakeOilHot","","","","","0","0","0","","","","","","heal_over_time_3","end","",""
"SnakeOilGadgetDot","SnakeOilGadgetDot","","","","TRUE","0","100","0","","","","","","poisoned_001","end","",""
"SnakeOilGadgetHot","SnakeOilGadgetHot","","","","","0","0","0","","","","","","heal_over_time_3","end","",""
"CrowPoison","CrowPoison","","","","TRUE","0","100","0","","","","","","poisoned_001","end","",""
"CrowPoisonFire","CrowPoison","","","","TRUE","150","150","0","","","","","","poisoned_002","end","",""
"CrowPoisonShock","CrowPoison","","","","TRUE","0","100","0","","","","","","poisoned_005","end","",""
"CrowPoisonSparkle","CrowPoison","","","","TRUE","0","100","0","","","","","","poisoned_012","end","",""
"CrowPoisonStar","CrowPoison","","","","TRUE","100","100","0","","","","","","","end","",""
"CrowPoisonVirus","CrowPoison","","","","TRUE","100","100","0","","","","","","poisoned_014","end","",""
"CrowCrippleSP","CrowCrippleSP","","","","","","","","","","","","","crippled","end","",""
"LuchadorFire","LuchadorFire","","","","TRUE","150","150","0","","","","","","poisoned_002","end","",""
"ShadowMushroomHot","ShadowMushroomHot","","","","TRUE","0","100","0","","","","","","snake_oil_poison_1","end","",""
"ShadowMushroomDot","ShadowMushroomDot","","","","","0","0","0","","","","","","heal_over_time_3","end","",""
"AttacherUltiDot","AttacherUltiDot","","","","TRUE","0","100","0","","","","","","poisoned_001","end","",""
"CookerGadgetDot","CookerGadgetDot","","","","TRUE","150","150","0","","","","","","poisoned_002","end","",""
"CookerGadgetHot","CookerGadgetHot","","","","","0","0","0","","","","","","heal_over_time_3","end","",""
"GhostIncorporeal","GhostIncorporeal","","","","TRUE","255","255","255","","","","","","","","",""
"GhostShield","GhostShield","","","","","0","0","0","","","","","","buff_shield","remove","",""
"GhostDeadCenterReward","GhostDeadCenterReward","","","","","0","0","0","","","","","","buff_speedUp","remove","",""
"GhostSpooked","GhostSpooked","","","","","","","","","","","","","slowed","remove","",""
"MosquitoPoison","MosquitoPoison","","","","TRUE","0","100","0","","","","","","poisoned_001","end","",""
"MosquitoPoisonShock","MosquitoPoison","","","","TRUE","0","100","0","","","","","","poisoned_005","end","",""
"DemonicRitualCooldown","DemonicRitualCooldown","","","","","0","0","0","","","","","","","end","",""
"AngelicGraceCooldown","AngelicGraceCooldown","","","","","0","0","0","","","","","","","end","",""
"DemonicMomentum","DemonicMomentum","DemonicMomentum002","DemonicMomentumCooldown","","TRUE","100","0","100","","","","","DemonicMomentum_start","DemonicMomentum001","end","",""
"SpeedOfAnAngel","SpeedOfAnAngel","SpeedOfAnAngel002","","","","","","","","","","","","SpeedOfAnAngel001","end","",""
"SpeedOfAnAngel002","SpeedOfAnAngel002","SpeedOfAnAngel003","","","","0","0","0","","","","","","SpeedOfAnAngel002","end","",""
"LastBreathCooldown","LastBreathCooldown","","","","","0","0","0","","","","","","","end","",""
"LastBreath","LastBreath","LastBreathCooldown","","","TRUE","70","70","70","","","","","","Last_Breath_Shield","end","",""
"AngelicWrathCooldown","AngelicWrathCooldown","","","","","0","0","0","","","","","","","end","",""
"DemonicfireCooldown","DemonicfireCooldown","","","","","0","0","0","","","","","","","end","",""
"InvokDemonicPetAfterDying","InvokDemonicPetAfterDying","InvokeAngelicBigPetAfterDying","","","","0","0","0","","","","","","","end","",""
"InvokeAngelicBigPetAfterDying","InvokeAngelicBigPetAfterDying","","","","","0","0","0","","","","","","","end","",""
"VoodooGadgetSpeedUp","VoodooGadgetSpeedUp","","","","","0","0","0","","","","","","buff_speedUp","end","",""
"VoodooGadgetShield","VoodooGadgetShield","","","","","0","0","0","","","","","","buff_shield","end","",""
"SilencerUltiOvercharged","SilencerUltiOvercharged","","","","","","","","","","","","","stunned","end","",""
"BarrelbotShield","BarrelbotShield","","","","","","","","","","","","","buff_shield","remove","",""
"Barrelbot005Shield","BarrelbotShield","","","","","","","","","","","","","darryl_005_ulti_loop_2","remove","",""
"Barrelbot006Shield","BarrelbotShield","","","","","","","","","","","","","darryl_006_ulti_shield","remove","",""
"Barrelbot007Shield","BarrelbotShield","","","","","","","","","","","","","darryl_007_ulti_shield","remove","",""
"Barrelbot008Shield","BarrelbotShield","","","","","","","","","","","","","darryl_008_ulti_shield","remove","",""
"Barrelbot009Shield","BarrelbotShield","","","","","","","","","","","","","darryl_009_ulti_shield","remove","",""
"BarrelbotShieldOvercharged","BarrelbotShield","","","","","","","","","","","","","darryl_def_oc_ulti_shield","remove","",""
"BarrelbotAfterChargeShield","BarrelbotAfterChargeShield","","","","","","","","","","","","","buff_shield","remove","",""
"BarrelbotAfterShieldOvercharged","BarrelbotAfterChargeShield","","","","","","","","","","","","","darryl_def_oc_ulti_shield2","remove","",""
"Barrelbot005AfterChargeShield","BarrelbotAfterChargeShield","","","","","","","","","","","","","buff_shield","remove","",""
"Barrelbot006AfterChargeShield","BarrelbotAfterChargeShield","","","","","","","","","","","","","buff_shield","remove","",""
"Barrelbot007AfterChargeShield","BarrelbotAfterChargeShield","","","","","","","","","","","","","buff_shield","remove","",""
"Barrelbot008AfterChargeShield","BarrelbotAfterChargeShield","","","","","","","","","","","","","buff_shield","remove","",""
"Barrelbot009AfterChargeShield","BarrelbotAfterChargeShield","","","","","","","","","","","","","buff_shield","remove","",""
"DemonicMomentum002","DemonicMomentum002","DemonicMomentum003","DemonicMomentumCooldown","","TRUE","100","0","100","","","","","DemonicMomentum_start","DemonicMomentum002","end","",""
"DemonicMomentum003","DemonicMomentum003","DemonicMomentum004","DemonicMomentumCooldown","","TRUE","100","0","100","","","","","DemonicMomentum_start","DemonicMomentum003","end","",""
"DemonicMomentum004","DemonicMomentum004","","DemonicMomentumCooldown","","TRUE","100","0","100","","","","","DemonicMomentum_start","DemonicMomentum004","end","",""
"DemonicMomentumCooldown","DemonicMomentumCooldown","","","","","","","","","","","","","","","",""
"DemonicRevengeCooldown","DemonicRevengeCooldown","","","","","","","","","","","","","","","",""
"DemonicSoulCollectorCooldown","DemonicSoulCollectorCooldown","","","","","","","","","","","","","","","",""
"SpeedOfAnAngel003","SpeedOfAnAngel003","SpeedOfAnAngel004","","","TRUE","70","70","70","","","","","","SpeedOfAnAngel003","end","",""
"SpeedOfAnAngel004","SpeedOfAnAngel004","SpeedOfAnAngel005","","","","0","0","0","","","","","","SpeedOfAnAngel004","end","",""
"SpeedOfAnAngel005","SpeedOfAnAngel005","","","","","0","0","0","","","","","","SpeedOfAnAngel005","end","",""
"LightyearFire","LightyearFire","","","","TRUE","100","20","0","","","","","","poisoned_002","end","",""
"SkaterUltiTaunt","SkaterUltiTaunt","","","","","","","","","","","","","taunt_effect","end","",""
"SkaterUltiHCTaunt","SkaterUltiHCTaunt","","","","","","","","","","","","","","","",""
"SkaterUltiAmmoReductionSelf","SkaterUltiAmmoReductionSelf","","","","","","","","","","","","","","","",""
"SkaterGadgetJumpTaunt","SkaterGadgetJumpTaunt","","","","","","","","","","","","","taunt_effect","end","",""
"SkaterGadgetProjectileTaunt","SkaterGadgetProjectileTaunt","","","","","","","","","","","","","taunt_effect","end","",""
"MeepleSuperArea","MeepleSuperArea","","","","TRUE","100","0","100","","","","","","","","",""
"Invulnerable","Invulnerable","","","","","0","0","0","","","","","","","end","",""
"ArenaBuff","ArenaBuff","","","","","","","","","","","","","ArenaKaijuBuff","end","",""
"MorningstarSuperRoot","MorningstarSuperRoot","","","","","","","","","","","","","lumi_def_ulti_explosion_03_restriction","remove","",""
"MorningstarRecallSlow","MorningstarRecallSlow","","","","","","","","","","","","","slowed","end","",""
"Morningstar002RecallSlow","MorningstarRecallSlow","","","","","","","","","","","","","slowed","end","",""
"Morningstar003RecallSlow","MorningstarRecallSlow","","","","","","","","","","","","","slowed","end","",""
"GusOverchargedHealingProjectile","GusOverchargedHealingProjectile","","","","","0","0","0","","","","","","","end","",""
"ChronomancerTimebendSpeedReduce","ChronomancerTimebendSpeedReduce","","","","","","","","","","","","","finx_def_ulti_prj_buff_slow","remove","",""
"ChronomancerTimebendSpeedBoost","ChronomancerTimebendSpeedBoost","","","","","","","","","","","","","finx_def_ulti_prj_buff_fast","end","",""
"ChronomancerTimebendBoostSelf","ChronomancerTimebendBoostSelf","","","","","","","","","","","","","finx_def_ulti_prj_buff_fast","end","",""
"ChronomancerGadgetProjectileStasis","ChronomancerGadgetProjectileStasis","","","","","","","","","","","","","finx_def_gadget2_twinkle","end","",""
"CleanseInfiniteNoVFX","CleanseInfiniteNoVFX","","","","","","","","","","","","","","","",""
"AlternatorProjectileHeal","AlternatorProjectileHeal","","","","","","","","","","","","","heal_over_time_3","end","",""
"AlternatorHealAura","AlternatorHealAura","","","","","","","","","","","","","heal_over_time_3","end","",""
"AlternatorSpeedAura","AlternatorSpeedAura","","","","","","","","","","","","","buff_speedUp","remove","",""
"AlternatorDamageAura","AlternatorDamageAura","","","","","","","","","","","","","","","",""
"AlternatorSlowAura","AlternatorSlowAura","","","","","","","","","","","","","slowed","remove","",""
"AlternatorProjectileSpeedTrail","AlternatorProjectileSpeedTrail","","","","","","","","","","","","","buff_speedUp","remove","",""
"AlternatorProjectileSlowTrail","AlternatorProjectileSlowTrail","","","","","","","","","","","","","slowed","remove","",""
"AlternatorHealAuraOvercharged","AlternatorHealAuraOvercharged","","","","","","","","","","","","","heal_over_time_3","end","",""
"AlternatorSpeedAuraOvercharged","AlternatorSpeedAuraOvercharged","","","","","","","","","","","","","buff_speedUp","remove","",""
"GeishaStormDebuff","GeishaStormDebuff","","","","","","","","40;0;40","-150;-150;-150","sc/effects_brawler_kaze.sc","kaze_def_ulti_screen_glow_shadowed","","","","",""
"GeishaTransformedUltiDamageMark","GeishaTransformedUltiDamageMark","","","","","","","","","","","","","kaze_def_ulti2_mark","remove","","kaze_def_ulti2_mark_explosion"
"GeishaTransformedUltiDamageMarkSp","GeishaTransformedUltiDamageMarkSp","","","","","","","","","","","","","kaze_def_ulti2_mark","remove","","kaze_def_ulti2_mark_explosion"
"GeishaTransformedUltiDamageMarkOvercharged","GeishaTransformedUltiDamageMarkOvercharged","","","","","","","","","","","","","kaze_def_oc_ulti2_mark","remove","","kaze_def_oc_ulti2_mark_explosion"
"GeishaTransformedUltiDamageMarkSpOvercharged","GeishaTransformedUltiDamageMarkSpOvercharged","","","","","","","","","","","","","kaze_def_oc_ulti2_mark","remove","","kaze_def_oc_ulti2_mark_explosion"
"GeishaTransformSpeedBoost","GeishaTransformSpeedBoost","","","","","","","","","","","","","buff_speedUp","end","",""
"GeishaTransformInvisibility","GeishaTransformInvisibility","","","","","","","","","","","","","","","",""
"GeishaWeakSpotSlowdown","GeishaWeakSpotSlowdown","","","","","","","","","","","","","slowed","remove","",""
"SkaterMutantTaunt","SkaterMutantTaunt","","","","","","","","","","","","","taunt_effect","end","",""
"TriggerProjectileOnHittingCooldown","TriggerProjectileOnHittingCooldown","","","","","","","","","","","","","","","",""
"MegaBossVulnerableGen","MegaBossVulnerableGen","","","","TRUE","128","64","","","","","","","samurai_mega_stun","end","",""
"ForceShow","ForceShow","","","","","","","","","","","","","","","",""
"MutantRosaForceShow","MutantRosaForceShow","","","","","","","","","","","","","","","",""
"MutantGhostIncorporeal","MutantGhostIncorporeal","","","","TRUE","255","255","255","","","","","","","","",""
"SafeInvulnerability","SafeInvulnerability","","","","","","","","","","","","","buff_shield_heist","remove","",""
"Debug","DancerRootSp","","","","","","","","","","","","","lumi_def_ulti_explosion_03_restriction","remove","",""
"GusOverchargedDmgProjectile","GusOverchargedDmgProjectile","","","","","","","","","","","","","","","",""
"SpeedWhenUsingUltiAngels","SpeedWhenUsingUltiAngels","SpeedOfAnAngel003","","","","0","0","0","","","","","","SpeedOfAnAngel002","end","",""
"SpeedBoostOnKillDemons","SpeedBoostOnKillDemons","","","","TRUE","100","0","100","","","","","DemonicMomentum_start","DemonicMomentum004","end","",""
"ShootProjectileOnBasicAttackCooldown","ShootProjectileOnBasicAttackCooldown","","","","","","","","","","","","","","","",""
"DemonicStatusEffectForProjectiles","DemonicStatusEffectForProjectiles","","","","TRUE","150","150","0","","","","","","poisoned_002","end","",""
"CannonGirlOverchargedStun","CannonGirlOverchargedStun","","","","","","","","","","","","","stunned","end","",""
"DomainOnAreaBuff","DomainOnAreaBuff","","","","","","","","","","","","","buff_speedUp","","",""
"DomainDamageReduceSP","DomainDamageReduceSP","","","","","","","","","","","","","crippled","end","",""
"DomainForceShowSP","DomainForceShowSP","","","","","","","","","","","","","","","",""
"DomainInverseDamageGadget","DomainInverseDamageGadget","","","","","","","","","","","","","trunk_def_gadget2_shield","remove","",""
"DomainOverchargedUltiDamage","DomainOverchargedUltiDamage","","","","","","","","","","","","","trunk_def_oc_ulti_dotDamage","end","",""
"AngelicHot","AngelicHot","","","","","0","0","0","","","","","","heal_over_time_3","end","",""
"IceDudeHypothermia","IceDudeHypothermia","","","","","","","","","","","","","","","",""
"DuplicatorPetTooCloseCripple","DuplicatorPetTooCloseCripple","","","","","","","","","","","","","crippled","end","",""
"StalkerUltiInvisible","StalkerUltiInvisible","","","","","","","","","","","","","","","",""
"StalkerUltiDamageTargetCurrentHpBoost","StalkerUltiDamageTargetCurrentHpBoost","","","","","","","","","","","","","alli_def_ulti_hp_boost","","",""
"ElectroSniperCurse","ElectroSniperCurse","","","","","","","","","","","","","gen_debuff_curse","remove","",""
"DragonRaiderMark","DragonRaiderMark","","","","","","","","","","","","","gen_debuff_curse","remove","",""
"SplitterTag","SplitterTag","","","","","","","","","","","","","rt_def_atk_target","remove","",""
"Splitter002Tag","SplitterTag","","","","","","","","","","","","","rt_002_atk_target","remove","",""
"Splitter004Tag","SplitterTag","","","","","","","","","","","","","rt_004_atk_target","remove","",""
"Splitter005Tag","SplitterTag","","","","","","","","","","","","","rt_005_atk_target","remove","",""
"BullGadgetStun","BullGadgetStun","","","","","","","","","","","","","stunned","end","",""
"DodgeballDeathStun","DodgeballDeathStun","","","","","","","","","","","","","","end","",""
"SS_JetpackSlow","SS_JetpackSlow","","","","","","","","","","","","","slowed","end","",""
"TrailRunSpeedBoostOnKill","TrailRunSpeedBoostOnKill","","","","","","","","","","","","","trailrun_rubberspeed_3","end","",""
"TrailRunRubberBandSpeedBoost1","TrailRunRubberBandSpeedBoost1","","","","","","","","","","","","","trailrun_rubberspeed_1","end","",""
"TrailRunRubberBandSpeedBoost2","TrailRunRubberBandSpeedBoost2","","","","","","","","","","","","","trailrun_rubberspeed_1","end","",""
"TrailRunRubberBandSpeedBoost3","TrailRunRubberBandSpeedBoost3","","","","","","","","","","","","","trailrun_rubberspeed_2","end","",""
"FurySlowdown","FurySlowdown","","","","","","","","","","","","","slowed","end","",""
"StickyBombUltiSlow","StickyBombUltiSlow","","","","","","","","","","","","","slowed","end","",""
"MaisieUltiSlow","MaisieUltiSlow","","","","","","","","","","","","","slowed","end","",""
"SignalStrikeReload","SignalStrikeReload","","","","","","","","","","","","","","","",""
"MegaCrowPoisonVirus","MegaCrowPoison","","","","TRUE","100","100","0","","","","","","poisoned_014","end","",""
"MegaCrowPoisonVirusStrong","MegaCrowPoisonStrong","","","","TRUE","100","100","0","","","","","","poisoned_014","end","",""
"DancerRootSp","DancerRootSp","","","","","","","","","","","","","mina_def_sp2","remove","",""
"MeepleOverchargedPassWall","MeepleOverchargedPassWall","","","","TRUE","120","120","120","","","","","","","","",""
"MegaBossInvulnerability","SafeInvulnerability","","","","","","","","","","","","","buff_shield_boss_invincible","remove","",""
"MegaBossSplitterTag","MegaBossSplitterTag","","","","","","","","","","","","","rt_005_atk_target","remove","",""
"TrailRunRubberBandSpeedBoost4","TrailRunRubberBandSpeedBoost4","","","","","","","","","","","","","trailrun_rubberspeed_2","end","",""
"TrailRunRubberBandSpeedBoost5","TrailRunRubberBandSpeedBoost5","","","","","","","","","","","","","trailrun_rubberspeed_2","end","",""
"TrailRunRubberBandSpeedBoost6","TrailRunRubberBandSpeedBoost6","","","","","","","","","","","","","trailrun_rubberspeed_3","end","",""
"TrailRunRubberBandSpeedBoost7","TrailRunRubberBandSpeedBoost6","","","","","","","","","","","","","trailrun_rubberspeed_3","end","",""
"ActorPlaceholderRoot","ActorPlaceholderRoot","","","","","","","","","","","","","lumi_def_ulti_explosion_03_restriction","remove","",""
"MarksmanHitPoison_S","MarksmanHitPoison_S","","","","TRUE","0","50","0","","","","","","poisoned_001","end","",""
"MarksmanHitPoison_E","MarksmanHitPoison_E","","","","TRUE","0","100","0","","","","","","poisoned_001","end","",""
"MarksmanHitPoison_L","MarksmanHitPoison_L","","","","TRUE","0","150","0","","","","","","poisoned_001","end","",""
"MarksmanHitSlowdown","MarksmanHitSlowdown","","","","TRUE","115","115","115","","","","","","slowed","end","",""
"DaredevilWeaponSpeedup","DaredevilWeaponSpeedup","","","","","","","","","","","","","","","",""
"DaredevilSpUltiChargeRate","DaredevilSpUltiChargeRate","","","","","","","","","","","","","buff_extraUltiCharge","remove","",""
"RogueHitBurn_S","RogueHitBurn_S","","","","TRUE","80","12","0","","","","","","poisoned_002","end","",""
"RogueHitBurn_E","RogueHitBurn_E","","","","TRUE","90","18","0","","","","","","poisoned_002","end","",""
"RogueHitBurn_L","RogueHitBurn_L","","","","TRUE","110","22","0","","","","","","poisoned_002","end","",""
"RogueHitBurnHold_S","RogueHitBurnHold_S","","","","TRUE","90","18","0","","","","","","poisoned_002","end","",""
"RogueHitBurnHold_E","RogueHitBurnHold_E","","","","TRUE","90","18","0","","","","","","poisoned_002","end","",""
"RogueHitBurnHold_L","RogueHitBurnHold_L","","","","TRUE","110","22","0","","","","","","poisoned_002","end","",""
"PlaceholderParryStatusEffect","PlaceholderParryStatusEffect","","","","","0","0","0","","","","","","buff_shield","end","",""
"OneHPInvulnerability","OneHPInvulnerability","","","","","","","","","","","","","buff_shield_boss_invincible","remove","",""
"VecnaStunSmash","VecnaStunSmash","","","","","","","","","","","","","stunned","end","",""
