"Name","Disabled","FileName","ExportName","ParticleFileName","ParticleExportName","ParticleStyle","ParticleVariations","ThemeMusic","LoadingJingle","LoadingScreen","CustomButtonName"
"string","boolean","string","string","string","string","string","int","string","string","string","string"
"Default",,"sc/background_basic.sc","bgr",,,,,"MenuMusic",,,
"Winter","true","sc/background_basic.sc","bgr","sc/ui.sc","particle_snow_","Snow",2,"Snow_brawl",,,
"LNY","true","sc/background_lny.sc","bgr_cny",,,,,"Cnymenu_music",,,
"CR","true","sc/background_basic.sc","bgr_royale",,,,,"Brawl_royale_menu_music",,,
"Easter","true","sc/background_basic.sc","bgr",,,,,"MenuMusic",,,
"GoldenWeek","true","sc/background_gw.sc","bgr_gw",,,,,"Golden_Week_Menu",,,
"Retropolis","true","sc/background_retro.sc","bgr_retro",,,,,"Retropolis_menu",,,
"Mecha","true","sc/background_mecha.sc","bgr_mecha",,,,,"MechMenuMusic",,,
"Halloween","true","sc/background_brawloween.sc","bgr_brawloween",,,,,"Halloween_menu",,,
"Brawlidays","true","sc/background_brawlidays.sc","bgr_brawlidays",,,,,"Xmas_Pirate_Menu",,,
"LNY20","true","sc/background_lny_20.sc","bgr_lny20",,,,,"Brawlcade_Menu",,,
"PSG","true","sc/background_psg.sc","bgr_psg","sc/ui.sc",,,,"Footbrawl_menu_muzak",,,
"SC10","true","sc/background_s_anniversary.sc","bgr_s_anniversary",,,,,"10th_Anniversary_Menu",,,
"Bazaar","true","sc/background_t_bazaar.sc","bgr_t_bazaar",,,,,"Brawzaar_menu_muzak",,,
"Monsters","true","sc/background_scity.sc","bgr_scity",,,,,"Monsterbrawl_menu_muzak",,,
"Giftshop","true","sc/background_giftshop.sc","bgr_giftshop",,,,,"Starpark_Menu_Music",,,
"MoonFestival20","true","sc/background_moon_festival.sc","bgr_mf24",,,,,"Lunar_Menu_Music",,,
"WF20","true","sc/background_world_finals.sc","bgr_world_finals",,,,,"Elprimo_fire_menu",,,
"Brawloween_20","true","sc/background_brawloween.sc","bgr_brawloween",,,,,"Elprimo_fire_menu",,,
"Winter_20","true","sc/background_snowtel.sc","bgr_snowtel",,,,,"Snowtel_Menu",,,
"Winter_20_snow","true","sc/background_snowtel.sc","bgr_snowtel","sc/ui.sc","particle_snow_","Snow",2,"Xmas_menu",,,
"StarrForce","true","sc/background_ox.sc","bgr_ox",,,,,"Space_Brawl_Menu",,,
"LNY21","true","sc/background_lny.sc","bgr_lny21",,,,,"Space_Brawl_LNY_Menu",,,
"ActionShow","true","sc/background_basic.sc","bgr",,,,,"Action_Western_Menu",,,
"Ramadan","true","sc/background_ramadan.sc","bgr_ramadan",,,,,"Brawzaar_menu_muzak",,,
"China_Anniversary","true","sc/background_c1a.sc","bgr_c1a",,,,,"Cnymenu_music",,,
"Velocirapids","true","sc/background_vp.sc","bgr_vp",,,,,"Summer_Brawl_Menu_Muzak",,,
"Punk","true","sc/background_punk.sc","bgr_punk",,,,,"Bad_Randoms_Music",,,
"FairyTale","true","sc/background_ft.sc","bgr_ft","sc/ui.sc","particle_ember_","Ember",2,"Fairytale_Menu","sfx/fairytale_load_01.ogg",,
"MoonFestival21","true","sc/background_mf.sc","bgr_mf24",,,,,"Lunar_Menu_Music",,,
"Retropolis21","true","sc/background_retro.sc","bgr_retro",,,,,"Retropolis_menu",,,
"Brawloween_21","true","sc/background_brawloween.sc","bgr_brawloween",,,,,"Halloween_menu","sfx/brawloween_load_01.ogg","sc/loading_brawloween.sc",
"Singlesday_21","true","sc/background_sd.sc","bgr_sd",,,,,"Brawlywood_Menu","sfx/brawlywood_load_01.ogg",,
"BlackFriday_2121","true","sc/background_bf.sc","bgr_bf",,,,,"Brawlywood_Menu","sfx/brawlywood_load_01.ogg",,
"Brawlywood","true","sc/background_brawlywood.sc","bgr_brawlywood",,,,,"Brawlywood_Menu","sfx/brawlywood_load_01.ogg",,
"Brawlidays_2021","true","sc/background_brawlidays2021.sc","bgr_brawlidays2021",,,,,"Xmas_menu","sfx/brawl_xmas_load_01.ogg","sc/loading_brawlidays.sc",
"Brawlidays_2021_snow","true","sc/background_brawlidays2021.sc","bgr_brawlidays2021","sc/ui.sc","particle_snow_","Snow",2,"Xmas_menu","sfx/brawl_xmas_load_01.ogg","sc/loading_brawlidays.sc",
"Brawlentines","true","sc/background_stv.sc","bgr_stv",,,,,"Brawlywood_Menu","sfx/brawl_fighting_load_01.ogg",,
"LNY22","true","sc/background_lny22.sc","bgr_lny22",,,,,"Retro_Fight_Menu","sfx/brawl_fighting_load_01.ogg",,
"Biodome","true","sc/background_biodome.sc","bgr_biodome",,,,,"Biodome_Menu","sfx/brawly_biome_loading_01.ogg",,
"Ramadan22","true","sc/background_ramadan22.sc","bgr_ramadan22",,,,,"Brawzaar_menu_muzak",,,
"Easter22","true","sc/background_easter22.sc","bgr_easter22",,,,,"MenuMusic",,,
"GoldenWeek22","true","sc/background_gw22.sc","bgr_gw",,,,,"Lunar_Menu_Music",,,
"Stuntshow","true","sc/background_stuntshow.sc","bgr_stuntshow",,,,,"Pinstuntbrawl_Menu",,,
"Villains","true","sc/background_villains.sc","bgr_villains",,,,,"Space_Brawl_Menu",,,
"Deepsea","true","sc/background_deepsea.sc","bgr_deepsea",,,,,"Deepsea_Beastieboys_Menu","sfx/brawl_underwater_load_01.ogg",,
"Bt21","true","sc/background_basic.sc","bgr_bt21",,,,,"MenuMusic",,,
"MechaMortis","true","sc/background_mecha.sc","bgr_mecha",,,,,"MechMenuMusic",,,
"MoonFestival2022","true","sc/background_mf.sc","bgr_mf24",,,,,"Lunar_Menu_Music",,,
"Brawloween2022","true","sc/background_brawloween22.sc","bgr_brawloween",,,,,"Halloween_menu","sfx/brawloween_load_01.ogg","sc/loading_brawloween2022.sc",
"RobotFactory","true","sc/background_outlaw.sc","bgr_outlaw",,,,,"Robotfactory_Menu",,,
"GhostTrain","true","sc/background_ghosttrain.sc","bgr_ghosttrain",,,,,"Ghosttrain_Menu","sfx/ghost_train_load_01.ogg",,
"ActionHeroes","true","sc/background_action.sc","bgr_action",,,,,"TopGun_Action_Menu",,,
"LastBox","true","sc/background_lastbox.sc","bgr_lastbox",,,,,"MenuMusic",,,
"Candyland","true","sc/background_candyland.sc","bgr_candyland",,,,,"Mandy_Candy_Menu","sfx/candy_land_load_01.ogg",,
"4thAnniversary","true","sc/background_basic.sc","bgr_4thanniversary",,,,,"MenuMusic",,,
"Brawlentines23","true","sc/background_brawlentines.sc","bgr_brawlentines",,,,,"Brawlentines_Menu",,,
"LNY23","true","sc/background_lny23.sc","bgr_lny23",,,,,"Retro_Fight_Menu","sfx/brawl_fighting_load_01.ogg",,
"LNY23red","true","sc/background_lny23.sc","bgr_lny23red",,,,,"Retro_Fight_Menu","sfx/brawl_fighting_load_01.ogg",,
"Darkmas","true","sc/background_darkmas.sc","bgr_darkmas","sc/ui.sc","particle_snow_","Snow",2,"Krampus_Menu","sfx/dark_xmas_load_01.ogg","sc/loading_darkmas.sc",
"Masks","true","sc/background_masks.sc","bgr_masks",,,,,"Mask_Dance_Menu","sfx/brawl_mask_dance_loading_jingle_01.ogg",,
"Easter2023","true","sc/background_easter_2023.sc","bgr_easter2023",,,,,"MenuMusic",,,
"Popstar","true","sc/background_popstar.sc","bgr_popstar",,,,,"MenuMusic",,,
"Ramadan2023","true","sc/background_ramadan2023.sc","bgr_ramadan2023",,,,,"Brawzaar_menu_muzak",,,
"Hub","true","sc/background_hub.sc","bgr_hub",,,,,"Scifi_Noir_Menu",,,
"Olympus","true","sc/background_olympus.sc","bgr_olympus",,,,,"Brawlympus_Menu","sfx/brawlympus_loading_01.ogg","sc/loading_olympus.sc",
"GoldenWeek2023","true","sc/background_gw2023.sc","bgr_gw2023",,,,,"Lunar_Menu_Music",,,
"Jungle","true","sc/background_jungle.sc","bgr_jungle",,,,,"Brawl_Jungle_Menu","sfx/brawl_jungle_loading_01.ogg",,
"Deepsea2023","true","sc/background_deepsea.sc","bgr_deepsea",,,,,"Deepsea_Beastieboys_Menu","sfx/brawl_underwater_load_01.ogg",,
"Enchanted","true","sc/background_enchantedforest.sc","bgr_enchanted",,,,,"Brawl_Enchanted_Forest_Menu","sfx/enchanted_forest_loading_01.ogg",,
"Phoenix","true","sc/background_phoenix.sc","bgr_phoenix","sc/ui.sc","particle_ember_","Ember",2,"Action_Western_Menu",,,
"Velocirapids2023","true","sc/background_velocirapids2023.sc","bgr_velocirapids2023",,,,,"Summer_Brawl_Menu_Muzak",,,
"Cursedpirates","true","sc/background_cursedpirates.sc","bgr_cursedpirates",,,,,"Brawl_Cursed_Pirates_Menu","sfx/cursed_pirates_loading_01.ogg","sc/loading_cursed.sc",
"Football2023","true","sc/background_football2023.sc","bgr_football2023",,,,,"Footbrawl_menu_muzak",,,
"Mechaedgar","true","sc/background_mecha_edgar.sc","bgr_mecha_edgar",,,,,"MechMenuMusic",,"sc/loading_mechaedgar.sc",
"Brawloween2023","true","sc/background_ghosttrain.sc","bgr_ghosttrain",,,,,"Ghosttrain_Menu","sfx/ghost_train_load_01.ogg",,
"Wasteland","true","sc/background_wasteland.sc","bgr_wasteland",,,,,"Wasteland_Menu","sfx/wasteland_loading_01.ogg",,
"University","true","sc/background_university.sc","bgr_university",,,,,"Highschool_Menu","sfx/monster_university_loading_01.ogg","sc/loading_university.sc",
"MoonFestival2023","true","sc/background_mf2023.sc","bgr_mf24",,,,,"Lunar_Menu_Music",,,
"Retropolis2023","true","sc/background_retropolis.sc","bgr_retropolis",,,,,"Retropolis_menu",,"sc/loading_retropolis.sc","button_cctv"
"WF2023","true","sc/background_wf2023.sc","bgr_wf2023",,,,,"MenuMusic","sfx/brawlywood_load_01.ogg","sc/loading_wf2023.sc","button_cctv"
"Hindu","true","sc/background_hindu.sc","bgr_hindu",,,,,"Hindu_Menu","sfx/hindu_brawl_loading_01.ogg","sc/loading_hindu.sc","button_cctv"
"Halloween2023","true","sc/background_brawloween2023.sc","bgr_brawloween",,,,,"Halloween_menu","sfx/brawloween_load_01.ogg","sc/loading_brawloween2023.sc",
"Circus","true","sc/background_circus.sc","bgr_circus",,,,,"Circus_Menu","sfx/hindu_circus_loading_01.ogg",,"button_cctv"
"Brawlidays2023","true","sc/background_brawlidays2023.sc","bgr_brawlidays2023",,,,,"Xmas_menu","sfx/brawl_xmas_load_01.ogg",,"button_cctv"
"LNY24","true","sc/background_lny24.sc","bgr_lny24",,,,,"Retro_Fight_Menu","sfx/brawl_fighting_load_01.ogg","sc/loading_lny2024.sc",
"Cartoon","true","sc/background_cartoon.sc","bgr_cartoon",,,,,"Brawly_Toonz_Menu","sfx/brawly_toonz_loading_01.ogg","sc/loading_cartoon.sc",
"Superbrawl","true","sc/background_superbrawl.sc","bgr_superbrawl",,,,,"Highschool_Menu","sfx/monster_university_loading_01.ogg","sc/loading_lny2024.sc",
"Carnaval","true","sc/background_carnaval.sc","bgr_carnaval","sc/ui.sc","particle_snow_","Snow",2,"Footbrawl_menu_muzak","sfx/brawl_fighting_load_01.ogg","sc/loading_lny2024.sc",
"Sands","true","sc/background_sands.sc","bgr_sands",,,,,"Brawzaar_menu_muzak","sfx/hindu_brawl_loading_01.ogg","sc/loading_sands.sc",
"Ragnarok","true","sc/background_ragnarok.sc","bgr_ragnarok",,,,,"Ragnarok_Menu","sfx/ragnarok_load_01.ogg","sc/loading_ragnarok.sc",
"LoveSwamp","true","sc/background_love_swamp.sc","bgr_loveswamp",,,,,"Loveswamp_Menu","sfx/swampoflove_load_01.ogg",,
"Melody","true","sc/background_melody.sc","bgr_melody",,,,,"Kpop_Menu","sfx/kpop_load_01.ogg","sc/loading_melodie.sc",
"BabyShark","true","sc/background_babyshark.sc","bgr_babyshark",,,,,"Babyshark_Menu","sfx/babyshark_load_01.ogg","sc/loading_babyshark.sc",
"MechaLeon","true","sc/background_mecha_leon.sc","bgr_mecha_leon",,,,,"MechMenuMusic","sfx/brawl_robotfactory_load_01.ogg","sc/loading_leon_mecha.sc",
"Enchanted2024","true","sc/background_enchantedforest.sc","bgr_enchanted",,,,,"Brawl_Enchanted_Forest_Menu","sfx/enchanted_forest_loading_01.ogg",,
"Godzilla","true","sc/background_godzilla.sc","bgr_godzilla",,,,,"Godzilla_Menu","sfx/brawl_godzilla_load_01.ogg","sc/loading_godzilla.sc",
"Hackers","true","sc/background_hackers.sc","bgr_hackers",,,,,"Brawl_Haxx0r_M3nu","sfx/brawl_cyberhax_load_01.ogg","sc/loading_hackers.sc",
"Madevil","true","sc/background_madevil.sc","bgr_madevil","sc/ui.sc","particle_ember_","Ember",2,"Draco_Madevil_Menu","sfx/brawl_metal_load_01.ogg","sc/loading_draco.sc",
"Velocirapids2024","true","sc/background_velocirapids2023.sc","bgr_velocirapids2023",,,,,"Summer_Brawl_Menu_Muzak","sfx/brawl_jungle_loading_01.ogg","sc/loading_velocirapids.sc",
"Berry","true","sc/background_candyland.sc","bgr_candyland",,,,,"Mandy_Candy_Menu","sfx/candy_land_load_01.ogg",,
"Greek","true","sc/background_olympus.sc","bgr_olympus",,,,,"Brawlympus_Menu","sfx/brawlympus_loading_01.ogg","sc/loading_greek.sc",
"Classic","true",,,,,,,"MenuMusic",,"sc/loading_classic.sc",
"Clancy","true","sc/background_deepsea.sc","bgr_deepsea",,,,,"Deepsea_Beastieboys_Menu","sfx/brawl_underwater_load_01.ogg","sc/loading_clancy.sc",
"Deepsea2024","true","sc/background_deepsea.sc","bgr_deepsea",,,,,"Deepsea_Beastieboys_Menu","sfx/brawl_underwater_load_01.ogg","sc/loading_deepsea.sc",
"Pirates2024","true","sc/background_cursedship.sc","bgr_cursedpirates",,,,,"Brawl_Cursed_Pirates_Menu","sfx/cursed_pirates_loading_01.ogg","sc/loading_cursedship.sc",
"Dynamic","true","sc/background_basic.sc","bgr",,,,,"MenuMusic",,,
"Digger","true","sc/background_digger.sc","bgr_digger",,,,,"Ragnarok_Menu","sfx/ragnarok_load_01.ogg",,
"Spongebob","true","sc/background_spongebob.sc","bgr_sb",,,,,"Spongebrawl_Menu_Musings","sfx/spongebrawl_loading_01.ogg","sc/loading_spongebob.sc",
"Samurai","true","sc/background_samurai.sc","bgr_samurai",,,,,"Katana_Brawl_Menu","sfx/brawl_mask_dance_loading_jingle_01.ogg","sc/loading_samurai.sc",
"DarkOnceUpon","true","sc/background_darkonceupon.sc","bgr_dark",,,,,"Dark_Once_Upon_Menu","sfx/fairytale_load_01.ogg","sc/loading_darkonceupon.sc",
"Zombie","true","sc/background_zombie.sc","bgr_zombie",,,,,"Ghosttrain_Menu","sfx/ghost_train_load_01.ogg","sc/loading_shade.sc",
"Angels","true","sc/background_angel.sc","bgr_angel",,,,,"Angelic_Menu_Music","sfx/angel_demon_load_01.ogg","sc/loading_demonsangels.sc",
"Demons","true","sc/background_demon.sc","bgr_demon",,,,,"Demonic_Menu_Music","sfx/angel_demon_load_01.ogg","sc/loading_demonsangels.sc",
"Selena","true","sc/background_selena.sc","bgr_selena",,,,,"Juju_Menu_Music","sfx/juju_loading_jingle_01.ogg",,
"Toons2","true","sc/background_toons2.sc","bgr_toons2",,,,,"Brawly_Toonz_Menu","sfx/brawly_toonz_loading_01.ogg","sc/loading_toons2.sc",
"Shade","true","sc/background_ghosttrain.sc","bgr_ghosttrain",,,,,"Ghosttrain_Menu","sfx/ghost_train_load_01.ogg","sc/loading_shade.sc",
"ToyStory","true","sc/background_toystory.sc","bgr_toystory",,,,,"Disney_Buzz_Menu","sfx/brawl_story_logo_01.ogg",,
"Arcade","true","sc/background_arcade.sc","bgr_arcade",,,,,"Retro_Fight_Menu","sfx/brawl_fighting_load_01.ogg","sc/loading_starrforcemeeple.sc",
"Ollie","true","sc/background_ollie.sc","bgr_ollie",,,,,"Skatebeat_Menu_Music","sfx/ollie_load_jingle_01.ogg","sc/loading_ollie.sc",
"GoodRandoms","true","sc/background_goodrandoms.sc","bgr_goodrandoms",,,,,"Good_Randoms_Menu","sfx/goodrandoms_load_01.ogg","sc/loading_goodrandoms.sc",
"DarkSands","true","sc/background_darksands.sc","bgr_darksands",,,,,"Brawzaar_menu_muzak","sfx/hindu_brawl_loading_01.ogg","sc/loading_darksands.sc",
"Finx","true","sc/background_finnx.sc","bgr_finnx",,,,,"Finx_Menu_Music","sfx/finx_loading_jingle_01.ogg",,
"Superheroes","true","sc/background_superheroes.sc","bgr_superheroes",,,,,"Make_Heroes_Menu_Music","sfx/make_heroes_jingle_01.ogg","sc/loading_superheroes.sc",
"Lumi","true","sc/background_lumi.sc","bgr_lumi",,,,,"Lumi_Menu_Music","sfx/lumi_loading_jingle_01.ogg","sc/loading_lumi.sc",
"Uno","true","sc/background_aprilfools.sc","bgr_aprilfools",,,,,"Uno_Menu_Music","sfx/uno_loading_jingle_01.ogg","sc/loading_uno.sc",
"Retropolis25","true","sc/background_superheroes.sc","bgr_superheroes",,,,,"Retropolis_menu",,"sc/loading_retropolis25.sc",
"Jae","true","sc/background_jae.sc","bgr_jae",,,,,"Jae_Menu_Music","sfx/jae_load_01.ogg",,
"FeudalJapan","true","sc/background_feudaljapan_1.sc","bgr_feudaljapan_1",,,,,"Feudal_Japan_Menu_Music","sfx/feudal_japan_load_01.ogg","sc/loading_feudaljapan.sc",
"Kaze","true","sc/background_kaze.sc","bgr_kaze",,,,,"Kotomi_Kaze_Menu_Music","sfx/kotomi_kaze_load_01.ogg","sc/loading_kaze.sc",
"Kaiju","true","sc/background_kaiju.sc","bgr_kaiju",,,,,"MechaChime_Menu","sfx/kaiju_loading_jingle_01.ogg","sc/loading_kaiju.sc",
"Moba","true","sc/background_kaiju.sc","bgr_kaiju",,,,,"Broba_Menu","sfx/brawl_robotfactory_load_01.ogg","sc/loading_moba.sc",
"Graffiti","true","sc/background_graffiti.sc","bgr_graffiti",,,,,"Skatebeat_Menu_Music","sfx/ollie_load_jingle_01.ogg","sc/loading_kaiju.sc",
"FeudalJapan2","true","sc/background_feudaljapan_2.sc","bgr_feudaljapan_2",,,,,"Feudal_Japan_Menu_Music","sfx/feudal_japan_load_01.ogg","sc/loading_feudaljapan.sc",
"FeudalJapan3","true","sc/background_feudaljapan_3.sc","bgr_feudaljapan_3",,,,,"Feudal_Japan_Menu_Music","sfx/feudal_japan_load_01.ogg","sc/loading_feudaljapan.sc",
"FeudalJapan4","true","sc/background_feudaljapan_4.sc","bgr_feudaljapan_4",,,,,"Feudal_Japan_Menu_Music","sfx/feudal_japan_load_01.ogg","sc/loading_feudaljapan.sc",
"Alli","true","sc/background_allie.sc","bgr_alli",,,,,"Alli_Menu_Music","sfx/alli_loading_brawl_01.ogg","sc/loading_alli.sc",
"DarkGreek","true","sc/background_darkgreek.sc","bgr_darkgreek",,,,,"Dark_Greek_Menu","sfx/mortis_dark_greek_brawl_jingle_01.ogg",,
"Trunk","true","sc/background_trunk.sc","bgr_trunk",,,,,"Trunk_Menu_Music","sfx/trunk_loading_brawl_01.ogg","sc/loading_trunk.sc",
"Fantasy","true","sc/background_fantasy.sc","bgr_fantasy",,,,,"D&D_Brawl","sfx/dandd_loading_brawl_01.ogg","sc/loading_fantasy.sc",
"Angels2025","true","sc/background_angel.sc","bgr_angel",,,,,"Angelic_Menu_Music","sfx/angel_demon_load_01.ogg","sc/loading_angel.sc",
"Demons2025","true","sc/background_demon.sc","bgr_demon",,,,,"Demonic_Menu_Music","sfx/angel_demon_load_01.ogg","sc/loading_demon.sc",
"StarrPark25","true","sc/background_kaiju.sc","bgr_kaiju",,,,,"Brawlsurfers_Menu","sfx/brawlsurfers_load_01.ogg","sc/loading_starrpark.sc",
"Rio","true","sc/background_rio.sc","bgr_rio",,,,,"Brawlsurfers_Rio_Menu","sfx/brawlsurfers_load_01.ogg","sc/loading.sc",
"Tokyo","true","sc/background_tokyo.sc","bgr_tokyo",,,,,"Brawlsurfers_Tokyo_Menu","sfx/brawlsurfers_load_01.ogg","sc/loading_street.sc",
"Berlin","true","sc/background_berlin.sc","bgr_berlin",,,,,"Brawlsurfers_Berlin_Menu","sfx/brawlsurfers_load_01.ogg","sc/loading_street.sc",
"NewYork","true","sc/background_newyork.sc","bgr_newyork",,,,,"Brawlsurfers_Ny_Menu","sfx/brawlsurfers_load_01.ogg",,
"CarretaBrawl","true","sc/background_carretabrawl.sc","bgr_carretabrawl",,,,,"Mina_Menu","sfx/mina_load_01.ogg","sc/loading_carretabrawl.sc",
"Brawloween2025",,"sc/background_brawloween2025.sc","bgr_brawloween25",,,,,"Halloween_menu","sfx/brawloween_load_01.ogg","sc/loading_ziggy.sc",
"MoonFestival2025","true","sc/background_mf2025.sc","bgr_mf25",,,,,"Lunar_Menu_Music","sfx/lunar_brawl_menu_01","sc/loading_brawloween25.sc",
"Ziggy","true","sc/background_ziggy.sc","bgr_ziggy",,,,,"Ziggy_Menu","sfx/ziggy_load_01.ogg","sc/loading_ziggy.sc",
"Mina","true","sc/background_mina.sc","bgr_mina",,,,,"Mina_Menu","sfx/mina_load_01.ogg","sc/loading_mina.sc",
"Strangerthings",,"sc/background_strangerthings.sc","bgr_strangerthings",,,,,"Stranger_Things_Menu","sfx/stranger_brawl_load_01.ogg",,
"Mechas2025",,"sc/background_mechas2025.sc","bgr_mechas2025",,,,,"Mech_Brawl_Menu","sfx/mech_loading_jingle_01.ogg","sc/loading_mecha.sc",
"Gigi",,"sc/background_gigi.sc","bgr_gigi",,,,,"Gigi_Menu_Music","sfx/gigi_loading_jingle_01.ogg","sc/loading_gigi.sc",
"Gym",,"sc/background_gym.sc","bgr_gym",,,,,"Pinstuntbrawl_Menu",,"sc/loading_mecha.sc",
"StrangerthingsUpside",,"sc/background_strangerthings.sc","bgr_strangerthings",,,,,"Stranger_Things_Menu","sfx/stranger_brawl_load_01.ogg","sc/loading_stranger2.sc",
