"Name","Target","MetaType","ServerOnly","NeverRemove","Stackable","Type","Value","Projectile","AreaEffect","Character","Skill","StatusEffect","SecondProjectile","SecondAreaEffect","OverchargeActive"
"string","string","int","boolean","boolean","boolean","string","int","string","string","string","string","string","string","string","boolean"
"elPrimo1","Luchador",7,,,"TRUE","IncreaseMaxHp",10,,,,,,,,
"elPrimo2","Luchador",7,,,,"OverrideChargeSpeed",2600,,,,,,,,
"elPrimo3","Luchador",7,,,,"OverrideUltiCharge",150,,,,,,,,
"Bea1","BeeSniper",7,,,,"TriggerProjectileOnHittingEnemy",500,"BeeSniperCirclingProjectile",,,,,,,
"Lola1","Duplicator",7,,,,"OverrideMaxSpawns",2,,,,,,,,
"Lola2","Duplicator",7,,,,"OverrideNumSpawns",2,,,,,,,,
"Lola3","Duplicator",7,,,,"OverrideUltiCharge",115,,,,,,,,
"Lola4","Duplicator",7,,,,"OverrideSpawnCharacterRandomDist",350,,,,,,,,
"Angelo1","InsectMan",7,,,,"OverrideSpreadBasicAttack",80,,,,,,,,
"Angelo2","InsectMan",7,,,,"OverrideNumBulletsInBasicAttack",3,,,,,,,,
"Nita1","Shaman",7,,,,"OverrideMaxSpawns",2,,,,,,,,
"Nita2","Shaman",7,,,,"OverrideNumSpawns",2,,,,,,,,
"Nita3","Shaman",7,,,,"OverrideSpawnCharacterRandomDist",300,,,,,,,,
"Penny1","ArtilleryDude",7,,,,"OverrideMaxSpawns",2,,,,,,,,
"Penny2","ArtilleryDude",7,,,,"OverrideNumSpawns",2,,,,,,,,
"Griff1","AssaultShotgun",7,,,,"OverrideSpreadUlti",300,,,,,,,,
"Griff2","AssaultShotgun",7,,,,"OverrideNumBulletsInUlti",10,,,,,,,,
"Max1","Speedy",7,,,,"OverrideBasicAttackRechargeTime",100,,,,,,,,
"Tick1","ClusterBombDude",7,,,,"OverrideMaxSpawns",3,,,,,,,,
"Tick2","ClusterBombDude",7,,,,"OverrideNumSpawns",3,,,,,,,,
"Frank1","HammerDude",7,,,,"IncreaseMaxHp",10,,,,,,,,
"Frank2","HammerDude",7,,,,"IncreaseSpeedPercent",20,,,,,,,,
"Frank3","HammerDude",7,,,,"OverridePierceEnvironment",1,,,,,,,,
"Spike1","Cactus",7,,,,"OverrideNumBulletsInBasicAttackBulletExplosion",8,,,,,,,,
"Spike2","Cactus",7,,,,"OverrideBulletExplosionCurvature",180,,,,,,,,
"Spike3","Cactus",7,,,,"OverrideBulletExplosionCurvatureAddedDistance",1000,,,,,,,,
"Gale1","Blower",7,,,,"OverrideNumBulletsInUlti",12,,,,,,,,
"Shelly1","ShotgunGirl",7,,,,"OverrideRapidFireAttackPatternUlti",19,,,,,,,,
"Shelly2","ShotgunGirl",7,,,,"OverrideNumBulletsInUlti",30,,,,,,,,
"Shelly3","ShotgunGirl",7,,,,"OverrideSpreadUlti",200,,,,,,,,
"Crow1","Crow",7,,,,"OverridePiercesCharacters",1,,,,,,,,
"Crow2","Crow",7,,,,"OverrideBasicAttackIsBoomerang",1,,,,,,,,
"Bo1","BowDude",7,,,,"OverrideUltiCharge",125,,,,,,,,
"Bo2","BowDude",7,,,,"OverrideNumMaxItems",99,,,,,,,,
"Carl1","Whirlwind",7,,,,"OverrideSpeedProjectile",3500,,,,,,,,
"Melodie1","AxeJuggler",7,,,,"OverrideBasicAttackSteerLifeTime",300,,,,,,,,
"Melodie2","AxeJuggler",7,,,,"AddChainBulletsMaxProjectile",2,,,,,,,,
"Poco1","DeadMariachi",7,,,,"TriggerAreaEffectWhenReceivingDmg",,,"PocoMutantRegenArea",,,,,,
"Brock1","RocketGirl",7,,,,"OverrideSpawnAreaEffect2BasicAttack",,,"MorningstarUltiArea3SP",,,,,,
"Brock2","RocketGirl",7,,,,"OverrideAreaEffect2DamagePercent",150,,,,,,,,
"Meg1","MechaDude",7,,,,"OverrideBasicAttackCastingRange",32,,,,,,,,
"Meg1_Transform","MechaDudeBig",7,,,,"OverrideBasicAttackCastingRange",32,,,,,,,,
"Meg2_Transform","MechaDudeBig",7,,,,"OverrideSpreadBasicAttack",50,,,,,,,,
"Colt1","Gunslinger",7,,,,"OverridePierceEnvironment",1,,,,,,,,
"Colt2","Gunslinger",7,,,,"OverrideBasicAttackCastingRange",35,,,,,,,,
"Sprout1","Wally",7,,,,"OverrideMaxDistanceAddBounces",4,,,,,,,,
"Sprout2","Wally",7,,,,"OverrideDistanceAddFromBounce",1500,,,,,,,,
"Sprout3","Wally",7,,,,"ChainProjectileTriggersSpawnAreaEffect",,,,,,,,,
"Sprout4","Wally",7,,,,"ProjectileBounceTriggersSpawnAreaEffect",,,,,,,,,
"Ruffs1","Ruffs",7,,,,"OverrideMaxDistanceAddBounces",6,,,,,,,,
"Ruffs2","Ruffs",7,,,,"OverrideDistanceAddFromBounce",2300,,,,,,,,
"Ruffs3","Ruffs",7,,,,"OverrideNumBulletsInBasicAttack",3,,,,,,,,
"Gray1","DoorMan",7,,,,"SpawnAreaEffectWhenGoingThrowPortal",,,"GrayMutationArea",,,,,,
"Gray2","DoorMan",7,,,,"OverrideUltiCharge",130,,,,,,,,
"Squeak1","StickyBomb",7,,,,"OverrideUltiCharge",110,,,,,,,,
"Mandy1","Beamer",7,,,,"OverrideNumBulletsInUlti",3,,,,,,,,
"Mandy2","Beamer",7,,,,"OverrideSpreadUlti",200,,,,,,,,
"Hank1","FishTank",7,,,,"TriggerAreaEffectWhenReceivingDmg",,,"FishTankUltiArea",,,,,,
"Rosa1","Rosa",7,,,,"TriggerAreaEffectOnBasicAttack",,,"MutantBushGrowArea",,,,,,
"Rosa2","Rosa",7,,,,"ApplyStatusEffectToEnemiesAllTime",,,,,,"MutantRosaForceShow",,,
"Rico1","TrickshotDude",7,,,,"OverrideMaxDistanceAddBounces",5,,,,,,,,
"Rico2","TrickshotDude",7,,,,"OverrideDistanceAddFromBounce",2000,,,,,,,,
"Eve1","Flea",7,,,,"SpawnCharacterOnHit",1,,,"FleaPet",,,,,
"Belle1","ElectroSniper",7,,,,"OverrideChainTravelDistance",12,,,,,,,,
"Belle2","ElectroSniper",7,,,,"OverrideNumsChainsForward",5,,,,,,,,
"Belle3","ElectroSniper",7,,,,"OverrideChainProjectile",,"ElectroSniperMutantProjectile",,,,,,,
"Belle4","ElectroSniper",7,,,,"OverrideChainProjectileTravelType",13,,,,,,,,
"Ash1","Knight",7,,,,"OverrideMaxSpawns",20,,,,,,,,
"Ash2","Knight",7,,,,"OverrideNumSpawns",2,,,,,,,,
"ASh3","Knight",7,,,,"OverrideUltiCharge",150,,,,,,,,
"Piper1","Sniper",7,,,,"OverrideMsBetweenBasicAttacks",200,,,,,,,,
"Piper2","Sniper",7,,,,"OverrideActiveTimeBasicAttack",400,,,,,,,,
"Janet1","JetpackGirl",7,,,,"OverrideMsBetweenAttackUlti",460,,,,,,,,
"Janet2","JetpackGirl",7,,,,"OverrideUltiCharge",85,,,,,,,,
"Buzz1","RopeDude",7,,,,"OverrideUltiCastingRange",60,,,,,,,,
"Buzz2","RopeDude",7,,,,"IncreaseMaxHp",20,,,,,,,,
"Buzz3","RopeDude",7,,,,"OverrideUltiCharge",120,,,,,,,,
"Grom1","CrossBomber",7,,,,"OverrideUltiCharge",80,,,,,,,,
"Grom2","CrossBomber",7,,,,"OverrideNumBulletsInUltiExplosionUlti",8,,,,,,,,
"Bonnie1","CannonGirl",7,,,,"OverrideNumBulletsInBasicAttack",3,,,,,,,,
"Bonnie2","CannonGirl",7,,,,"OverrideSpreadBasicAttack",150,,,,,,,,
"Bonnie3","CannonGirlSmall",7,,,,"TriggerStunWithCharge",10,,,,,,,,
"Carl2","Whirlwind",7,,,,"IncreaseSpeedWhileSkillActive",1000,,,,"WhirlwindUlti",,,,
"Emz1","Mummy",7,,,,"OverridePushBack",50,,,,,,,,
"Stu1","Roller",7,,,,"TriggerAreaEffectWhenUlti",,,"RollerMutationArea",,,,,,
"8bit1","Arcade",7,,,,"OverrideMaxSpawns",6,,,,,,,,
"8bit2","Arcade",7,,,,"OverrideUltiCharge",170,,,,,,,,
"8bit3","Arcade",7,,,,"AddExtraHealthToSummonedMinions",2000,,,,,,,,
"Gene1","HookDude",7,,,,"OverrideUltiCharge",120,,,,,,,,
"Gene2","HookDude",7,,,,"AddUltiSteerStrength",20,,,,,,,,
"Gene3","HookDude",7,,,,"OverrideUltiSteerIgnoreTicks",5,,,,,,,,
"Gene4","HookDude",7,,,,"OverrideUltiHomeDistance",20,,,,,,,,
"Gene5","HookDude",7,,,,"OverrideUltiSteerLifeTime",15,,,,,,,,
"Gene6","HookDude",7,,,,"OverrideUltiTravelType",4,,,,,,,,
"Berry1","Painter",7,,,,"SpawnAreaEffectWhileMoving",20,,"PainterAreaEffectMutant",,,,,,
"Charlie1","Cocooner",7,,,,"SpawnCharacterWhileMoving",40,,,"CocoonerPet",,,,,
"Bull1","BullDude",7,,,,"AddChargeUltiAutomaticallyPerSecond",500,,,,,,,,
"Jessie1","Mechanic",7,,,,"OverrideRapidFireAttackPatternForPets",20,,,,,,,,
"Jessie2","Mechanic",7,,,,"AddExtraHealthToSummonedMinions",2000,,,,,,,,
"Jessie3","Mechanic",7,,,,"AddExtraScaleToPets",100,,,,,,,,
"Finx1","Chronomancer",7,,,,"AddAreaEffectThatFollows",,,"ChronomancerUltiTimebend",,,,,,
"Kenji1","Samurai",7,,,,"OverrideBasicAttackRechargeTime",100,,,,,,,,
"Juju1","Voodoo",7,,,,"AddExtraHealthToSummonedMinions",5000,,,,,,,,
"Juju2","Voodoo",7,,,,"AddExtraScaleToPets",140,,,,,,,,
"Lily1","Ambusher",7,,,,"OverrideMaxDistanceAddBouncesUlti",8,,,,,,,,
"Lily2","Ambusher",7,,,,"OverrideDistanceAddFromBounceUlti",5000,,,,,,,,
"Lily3","Ambusher",7,,,,"OverrideIsBouncing",1,,,,,,,,
"Lily4","Ambusher",7,,,,"OverrideUltiCastingRange",50,,,,,,,,
"Barley1","Barkeep",7,,,,"OverrideChainAreaEffectBasicAttack",,,"BarleyMutationAreaEffect",,,,,,
"Leon1","Ninja",7,,,,"SpawnCharacterOnUlti",2,,,"NinjaMutation",,,,,
"Leon2","Ninja",7,,,,"OverrideMaxSpawns",6,,,,,,,,
"Leon3","Ninja",7,,,,"OverrideSpawnCharacterRandomDist",600,,,,,,,,
"Leon4","Ninja",7,,,,"OverrideUltiCharge",125,,,,,,,,
"Leon5","Ninja",7,,,,"OverrideUltiSkillTargetSelf",,,,,,,,,
"Tara1","BlackHole",7,,,,"SpawnCharacterOnUlti",3,,,"BlackHolePet",,,,,
"Tara2","BlackHole",7,,,,"OverrideMaxSpawns",10,,,,,,,,
"Tara3","BlackHole",7,,,,"OverrideSpawnCharacterRandomDist",600,,,,,,,,
"Tara4","BlackHole",7,,,,"OverrideUltiCharge",100,,,,,,,,
"Gus1","SoulCollector",7,,,,"OverrideChargeUpMax",1,,,,,,,,
"Gus2","SoulCollector",7,,,,"OverrideChargeUp",1,,,,,,,,
"Gus3","SoulCollector",7,,,,"IgnoreChargeReset",1,,,,,,,,
"Olli1","Skater",7,,,,"OverrideAreaEffectStatusEffectEnemy",,,"SkaterUltiTaunt",,,"SkaterMutantTaunt",,,
"Olli2","Skater",7,,,,"IncreaseMaxHp",20,,,,,,,,
"MrP1","SpawnerDude",7,,,,"OverrideSpawnAreaEffect1BasicAttack",,,"MrpMutationArea",,,,,,
"Draco1","DragonRider",7,,,,"OverrideMountUpDurationTicks",-1,,,,,,,,
"Amber1","FireDude",7,,,,"OverrideSpreadBasicAttack",20,,,,,,,,
"Amber2","FireDude",7,,,,"OverrideNumBulletsInBasicAttack",2,,,,,,,,
"Amber3","FireDude",7,,,,"SpawnAreaEffectWhileMoving",10,,"PetrolDistributionTrail",,,,,,
"Byron1","SnakeOil",7,,,,"OverrideSpreadBasicAttack",60,,,,,,,,
"Byron2","SnakeOil",7,,,,"OverrideNumBulletsInBasicAttack",3,,,,,,,,
"Edgar1","Enrager",7,,,,"OverrideChargeSpeed",4000,,,,,,,,
"Edgar2","Enrager",7,,,,"OverrideUltiCastingRange",50,,,,,,,,
"Fang1","KickerDude",7,,,,"OverrideChainChargeRange",60,,,,,,,,
"Fang2","KickerDude",7,,,,"OverrideUltiCharge",110,,,,,,,,
"Fang3","KickerDude",7,,,,"IncreaseMaxHp",15,,,,,,,,
"Meeple1","Meeple",7,,,,"AddBasicAttackSteerStrength",10,,,,,,,,
"Meeple2","Meeple",7,,,,"OverrideBasicAttackSteerIgnoreTicks",8,,,,,,,,
"Meeple3","Meeple",7,,,,"OverrideBasicAttackHomeDistance",40,,,,,,,,
"Meeple4","Meeple",7,,,,"OverrideBasicAttackSteerLifeTime",15,,,,,,,,
"Meeple5","Meeple",7,,,,"OverrideNumBulletsInBasicAttack",3,,,,,,,,
"Meeple6","Meeple",7,,,,"OverrideSpreadBasicAttack",250,,,,,,,,
"Meeple7","Meeple",7,,,,"OverrideBasicAttackCastingRange",25,,,,,,,,
"Colette1","Percenter",7,,,,"SpawnAreaEffectWhileCharging",5,,"PercenterAreaEffectMutant",,,,,,
"Colette2","Percenter",7,,,,"BulletExplosionAlignBrawlerFacing",,,,,,,,,
"Shade1","Ghost",7,,,,"ApplyStatusEffectWhenDeadCenter",,,,,,"MutantGhostIncorporeal",,,
"Shade2","Ghost",7,,,,"OverrideUltiCharge",120,,,,,,,,
"Surge1","PowerLeveler",7,,,,"OverrideLvlUpValue",3,,,,,,,,
"Surge2","PowerLeveler",7,,,,"OverrideBasicAttackRechargeTime",500,,,,,,,,
"Jae1","Alternator",7,,,,"SpawnAreaEffectWhileMoving",8,,"AlternatorProjectileSpeedTrail",,,,,,
"Jae2","Alternator",7,,,,"OverrideUltiCharge",300,,,,,,,,
"Mortis1","Undertaker",7,,,,"ShootProjectileIfChargeUpReadyOnBasicAttack",1500,"UndertakerUltiProjectile",,,,,,,
"Moe1","Digger",7,,,,"OverrideTransformTicks",500,,,,,,,,
"Moe1_Transform","DiggerDrill",7,,,,"OverrideTransformTicks",500,,,,,,,,
"Moe2","Digger",7,,,,"OverrideChargeSpeed",4500,,,,,,,,
"Maisie1","Maisie",7,,,,"AddBasicAttackSteerStrength",10,,,,,,,,
"Maisie2","Maisie",7,,,,"OverrideBasicAttackSteerIgnoreTicks",8,,,,,,,,
"Maisie3","Maisie",7,,,,"OverrideBasicAttackHomeDistance",40,,,,,,,,
"Maisie4","Maisie",7,,,,"OverrideBasicAttackSteerLifeTime",15,,,,,,,,
"Maisie5","Maisie",7,,,,"OverrideBasicAttackTravelType",4,,,,,,,,
"Maisie6","Maisie",7,,,,"OverrideMsBetweenBasicAttacks",300,,,,,,,,
"Maisie7","Maisie",7,,,,"OverrideActiveTimeBasicAttack",600,,,,,,,,
"Pearl1","Cooker",7,,,,"OverrideChargeUp",12000,,,,,,,,
"Pearl2","Cooker",7,,,,"IgnoreChargeReset",1,,,,,,,,
"Pearl3","Cooker",7,,,,"PreventLosingCharge",1,,,,,,,,
"Penny4","ArtilleryDude",7,,,,"OverrideSpawnCharacterRandomDist",350,,,,,,,,
"Tick3","ClusterBombDude",7,,,,"OverrideSpawnCharacterRandomDist",480,,,,,,,,
"Angels1_1",,10,,,,"AddChargeUltiAutomaticallyPerSecond",200,,,,,,,,
"Angels1_2",,10,,,,"AddReloadSpeedBuffToPets",20,,,,,,,,
"Angels2_1",,10,,,,"ChargeUltiByHealing",30,,,,,,,,
"Angels2_2",,10,,,,"AddStatusEffectToProjectileForAllies",,"AngelicProjectile",,,,"AngelicHot",,,
"Angels3_1",,10,,,,"ShootProjectileOnBasicAttack",,"AngelicProjectile",,,,"ShootProjectileOnBasicAttackCooldown",,,
"Angels4_1",,10,,,,"ApplyStatusEffectWhenUsingUlti",,,,,,"SpeedWhenUsingUltiAngels",,,
"Angels4_2",,10,,,,"SpawnCharacterOnAreaEffect",,,"AngelicAreaEffect","AngelicPet",,,,,
"Angels5_1",,10,,,,"AddConsumabeShieldWhenDealinDmg",10,,,,,,,,
"Angels5_2",,10,,,,"AddExtraHealthToSummonedMinions",2000,,,,,,,,
"Angels6_1",,10,,,,"SpawnAreaEffectWhileMoving",100,,"AngelicAreaEffect",,,,,,
"Angels7_1",,10,,,,"TriggerAreaEffectWhenUlti",,,"AngelicAreaEffect",,,"SpeedWhenUsingUltiAngels",,,
"Angels8_1",,10,,,,"AddReloadSpeedPercent",60,,,,,,,,
"Angels8_2",,10,,,,"AddChainAreaEffectToAreaEffect",,,"AngelicBulletAreaEffect",,,,,"AngelicAreaEffect",
"Demons1_1",,10,,,,"SetInvisibleOnKill",50,,,,,,,,
"Demons1_2",,10,,,,"AddChainProjectileToProjectile",,"DemonicProjectileBoomerang",,,,,"DemonicProjectile",,
"Demons1_3",,10,,,,"AddBoomerangToProjectile",1,"DemonicProjectile",,,,,,,
"Demons2_1",,10,,,,"ApplyStatusEffectToAlliesAllTime",,,,,,"InvokDemonicPetAfterDying",,,
"Demons2_2",,10,,,,"AddChainAreaEffectToProjectile",,"DemonicProjectile","DemonicAreaEffect",,,,,,
"Demons3_1",,10,,,,"ChargeUltiWhenReceivingDmg",20,,,,,,,,
"Demons3_2",,10,,,,"AddDeathAreaEffectToPets",,,"DemonicAreaEffect",,,,,,
"Demons4_1",,10,,,,"ShootProjectileOnBasicAttack",,"DemonicProjectile",,,,"ShootProjectileOnBasicAttackCooldown",,,
"Demons5_1",,10,,,,"TriggerAreaEffectWhenUlti",,,"DemonicBulletAreaEffect",,,,,,
"Demons6_1",,10,,,,"BoostUltiCharge",20,,,,,,,,
"Demons6_2",,10,,,,"AddExtraHealthToSummonedMinions",2000,,,,,,,,
"Demons7_1",,10,,,,"SpawnAreaEffectOnKillX",,,"DemonicAreaEffect",,,"InvokDemonicPetAfterDying",,,
"Demons8_1",,10,,,,"SpawnCharacterOnKill",1,,,"DemonicPet",,,,,
"Demons8_2",,10,,,,"AddChainAreaEffectToAreaEffect",,,"DemonicAreaEffectFire",,,,,"DemonicAreaEffect",
"DuplicatorPet1",,,,"TRUE",,"PetTooClose",3,,,,,"DuplicatorPetTooCloseCripple",,,
"StalkerSkillRange",,,,"TRUE",,"CastingRangeMultByMoveSpeed",250,,,,,,,,
"ColtSpeedSp",,4,,"TRUE","TRUE","IncreaseSpeedPercent",13,,,,,,,,
"R_MaxHp_S",,10,,,"TRUE","IncreaseMaxHp",20,,,,,,,,
"R_MaxHp_E",,10,,,"TRUE","IncreaseMaxHp",30,,,,,,,,
"R_MaxHp_L",,10,,,"TRUE","IncreaseMaxHp",50,,,,,,,,
"R_MaxHp_Absolute_S",,10,,,"TRUE","IncreaseMaxHpAbsolute",1000,,,,,,,,
"R_MaxHp_Absolute_E",,10,,,"TRUE","IncreaseMaxHpAbsolute",1500,,,,,,,,
"R_MaxHp_Absolute_L",,10,,,"TRUE","IncreaseMaxHpAbsolute",2500,,,,,,,,
"R_MaxHp_Absolute_ULTRA",,10,,,"TRUE","IncreaseMaxHpAbsolute",10000,,,,,,,,
"R_MaxHp_Absolute_Mini_S",,10,,,"TRUE","IncreaseMaxHpAbsolute",500,,,,,,,,
"R_MaxHp_Absolute_Mini_E",,10,,,"TRUE","IncreaseMaxHpAbsolute",1000,,,,,,,,
"R_MaxHp_Absolute_Mini_L",,10,,,"TRUE","IncreaseMaxHpAbsolute",2000,,,,,,,,
"R_Reload_S",,10,,,"TRUE","AddReloadSpeedPercent",20,,,,,,,,
"R_Reload_E",,10,,,"TRUE","AddReloadSpeedPercent",30,,,,,,,,
"R_Reload_L",,10,,,"TRUE","AddReloadSpeedPercent",50,,,,,,,,
"R_Reload_Mini_S",,10,,,"TRUE","AddReloadSpeedPercent",10,,,,,,,,
"R_Reload_Mini_E",,10,,,"TRUE","AddReloadSpeedPercent",20,,,,,,,,
"R_Reload_Mini_L",,10,,,"TRUE","AddReloadSpeedPercent",40,,,,,,,,
"R_MoveSpeed_S",,10,,,"TRUE","IncreaseSpeedPercent",10,,,,,,,,
"R_MoveSpeed_E",,10,,,"TRUE","IncreaseSpeedPercent",20,,,,,,,,
"R_MoveSpeed_L",,10,,,"TRUE","IncreaseSpeedPercent",30,,,,,,,,
"R_MoveSpeed_Max_L",,10,,,"TRUE","IncreaseSpeedPercent",50,,,,,,,,
"R_MoveSpeed_WithPet_S",,10,,,"TRUE","IncreasePetSpeedPercent",10,,,,,,,,
"R_MoveSpeed_WithPet_E",,10,,,"TRUE","IncreasePetSpeedPercent",20,,,,,,,,
"R_MoveSpeed_WithPet_L",,10,,,"TRUE","IncreasePetSpeedPercent",30,,,,,,,,
"R_MoveSpeed_Mini_S",,10,,,"TRUE","IncreaseSpeedPercent",15,,,,,,,,
"R_MoveSpeed_Mini_E",,10,,,"TRUE","IncreaseSpeedPercent",20,,,,,,,,
"R_MoveSpeed_Mini_L",,10,,,"TRUE","IncreaseSpeedPercent",25,,,,,,,,
"R_Damage_S",,10,,,"TRUE","AddDamagePercent",15,,,,,,,,
"R_Damage_E",,10,,,"TRUE","AddDamagePercent",25,,,,,,,,
"R_Damage_L",,10,,,"TRUE","AddDamagePercent",35,,,,,,,,
"R_Damage_ULTRA",,10,,,"TRUE","AddDamagePercent",100,,,,,,,,
"R_Damage_Mini_S",,10,,,"TRUE","AddDamagePercent",10,,,,,,,,
"R_Damage_Mini_E",,10,,,"TRUE","AddDamagePercent",20,,,,,,,,
"R_Damage_Mini_L",,10,,,"TRUE","AddDamagePercent",30,,,,,,,,
"R_SuperRate_S",,10,,,"TRUE","AddUltiOnlyChargePercent",30,,,,,,,,
"R_SuperRate_E",,10,,,"TRUE","AddUltiOnlyChargePercent",60,,,,,,,,
"R_SuperRate_L",,10,,,"TRUE","AddUltiOnlyChargePercent",100,,,,,,,,
"R_HCRate_S",,10,,,"TRUE","AddHCOnlyChargePercent",30,,,,,,,,
"R_HCRate_E",,10,,,"TRUE","AddHCOnlyChargePercent",60,,,,,,,,
"R_HCRate_L",,10,,,"TRUE","AddHCOnlyChargePercent",100,,,,,,,,
"R_SuperRate_Mini_S",,10,,,"TRUE","AddUltiOnlyChargePercent",25,,,,,,,,
"R_SuperRate_Mini_E",,10,,,"TRUE","AddUltiOnlyChargePercent",50,,,,,,,,
"R_SuperRate_Mini_L",,10,,,"TRUE","AddUltiOnlyChargePercent",75,,,,,,,,
"R_HCRate_Mini_S",,10,,,"TRUE","AddHCOnlyChargePercent",25,,,,,,,,
"R_HCRate_Mini_E",,10,,,"TRUE","AddHCOnlyChargePercent",50,,,,,,,,
"R_HCRate_Mini_L",,10,,,"TRUE","AddHCOnlyChargePercent",75,,,,,,,,
"R_AttackRange_E",,10,,,"TRUE","AddCastingRange",1,,,,,,,,
"R_AttackRange_L",,10,,,"TRUE","AddCastingRange",2,,,,,,,,
"R_AttackRange_ULTRA",,10,,,"TRUE","AddCastingRange",2,,,,,,,,
"R_AttackRange_Max_L",,10,,,"TRUE","AddCastingRange",3,,,,,,,,
"R_AttackRange_Mini_L",,10,,,"TRUE","AddCastingRange",1,,,,,,,,
"R_AttackRange_Cone_E_1",,10,,,"TRUE","AddCastingRange",1,,,,,,,,
"R_AttackRange_Cone_E_2",,10,,,"TRUE","AddSpreadBasicAttackPercent",-15,,,,,,,,
"R_AttackRange_Cone_E_3",,10,,,"TRUE","AddSpreadUltiAttackPercent",-15,,,,,,,,
"R_AttackRange_Cone_L_1",,10,,,"TRUE","AddCastingRange",2,,,,,,,,
"R_AttackRange_Cone_L_2",,10,,,"TRUE","AddSpreadBasicAttackPercent",-35,,,,,,,,
"R_AttackRange_Cone_L_3",,10,,,"TRUE","AddSpreadUltiAttackPercent",-35,,,,,,,,
"R_AttackRange_Cone_Mini_L_1",,10,,,"TRUE","AddCastingRange",1,,,,,,,,
"R_AttackRange_Cone_Mini_L_2",,10,,,"TRUE","AddSpreadBasicAttackPercent",-40,,,,,,,,
"R_AttackRange_Cone_Mini_L_3",,10,,,"TRUE","AddSpreadUltiAttackPercent",-40,,,,,,,,
"R_ProjectileSpeed_S",,10,,,"TRUE","AddProjectileSpeedPercent",15,,,,,,,,
"R_ProjectileSpeed_E",,10,,,"TRUE","AddProjectileSpeedPercent",25,,,,,,,,
"R_ProjectileSpeed_L",,10,,,"TRUE","AddProjectileSpeedPercent",35,,,,,,,,
"R_ProjectileSpeed_Max_S",,10,,,"TRUE","AddProjectileSpeedPercent",20,,,,,,,,
"R_ProjectileSpeed_Max_E",,10,,,"TRUE","AddProjectileSpeedPercent",35,,,,,,,,
"R_ProjectileSpeed_Max_L",,10,,,"TRUE","AddProjectileSpeedPercent",50,,,,,,,,
"R_GadgetCooldown_S",,10,,,"TRUE","DecreaseGadgetCooldownPercent",20,,,,,,,,
"R_GadgetCooldown_E",,10,,,"TRUE","DecreaseGadgetCooldownPercent",30,,,,,,,,
"R_GadgetCooldown_L",,10,,,"TRUE","DecreaseGadgetCooldownPercent",50,,,,,,,,
"R_GadgetCooldown_Mini_S",,10,,,"TRUE","DecreaseGadgetCooldownPercent",15,,,,,,,,
"R_GadgetCooldown_Mini_E",,10,,,"TRUE","DecreaseGadgetCooldownPercent",25,,,,,,,,
"R_GadgetCooldown_Mini_L",,10,,,"TRUE","DecreaseGadgetCooldownPercent",50,,,,,,,,
"R_BulletSize_S",,10,,,"TRUE","AddBulletSizePercent",20,,,,,,,,
"R_BulletSize_E",,10,,,"TRUE","AddBulletSizePercent",35,,,,,,,,
"R_BulletSize_L",,10,,,"TRUE","AddBulletSizePercent",50,,,,,,,,
"R_BulletSize_ULTRA",,10,,,"TRUE","AddBulletSizePercent",150,,,,,,,,
"R_BulletSize_Mini_S",,10,,,"TRUE","AddBulletSizePercent",15,,,,,,,,
"R_BulletSize_Mini_E",,10,,,"TRUE","AddBulletSizePercent",25,,,,,,,,
"R_BulletSize_Mini_L",,10,,,"TRUE","AddBulletSizePercent",40,,,,,,,,
"R_BulletSizeArea_Mini_WithItem_S",,10,,,"TRUE","AddAreaEffectPercent",5,,,,,,,,
"R_BulletSizeArea_Mini_WithItem_E",,10,,,"TRUE","AddAreaEffectPercent",10,,,,,,,,
"R_BulletSizeArea_Mini_WithItem_L",,10,,,"TRUE","AddAreaEffectPercent",15,,,,,,,,
"R_AreaEffectSize_S",,10,,,"TRUE","AddAreaEffectPercent",20,,,,,,,,
"R_AreaEffectSize_E",,10,,,"TRUE","AddAreaEffectPercent",30,,,,,,,,
"R_AreaEffectSize_L",,10,,,"TRUE","AddAreaEffectPercent",50,,,,,,,,
"R_AreaEffectSize_ULTRA",,10,,,"TRUE","AddAreaEffectPercent",100,,,,,,,,
"R_AreaEffectSize_Mini_S",,10,,,"TRUE","AddAreaEffectPercent",10,,,,,,,,
"R_AreaEffectSize_Mini_E",,10,,,"TRUE","AddAreaEffectPercent",20,,,,,,,,
"R_AreaEffectSize_Mini_L",,10,,,"TRUE","AddAreaEffectPercent",35,,,,,,,,
"R_AreaEffectSize_Melee_S",,10,,,"TRUE","AddAreaEffectPercent",15,,,,,,,,
"R_AreaEffectSize_Melee_E",,10,,,"TRUE","AddAreaEffectPercent",20,,,,,,,,
"R_AreaEffectSize_Melee_L",,10,,,"TRUE","AddAreaEffectPercent",25,,,,,,,,
"R_AreaEffect_BulletSize_S_1",,10,,,"TRUE","AddBulletSizePercent",15,,,,,,,,
"R_AreaEffect_BulletSize_S_2",,10,,,"TRUE","AddAreaEffectPercent",10,,,,,,,,
"R_AreaEffect_BulletSize_E_1",,10,,,"TRUE","AddBulletSizePercent",25,,,,,,,,
"R_AreaEffect_BulletSize_E_2",,10,,,"TRUE","AddAreaEffectPercent",20,,,,,,,,
"R_AreaEffect_BulletSize_L_1",,10,,,"TRUE","AddBulletSizePercent",35,,,,,,,,
"R_AreaEffect_BulletSize_L_2",,10,,,"TRUE","AddAreaEffectPercent",30,,,,,,,,
"R_BulletSizeThrower_S",,10,,,"TRUE","AddBulletSizePercent",15,,,,,,,,
"R_BulletSizeThrower_E",,10,,,"TRUE","AddBulletSizePercent",25,,,,,,,,
"R_BulletSizeThrower_L",,10,,,"TRUE","AddBulletSizePercent",40,,,,,,,,
"R_AreaEffectSizeThrower_S",,10,,,"TRUE","AddAreaEffectPercent",15,,,,,,,,
"R_AreaEffectSizeThrower_E",,10,,,"TRUE","AddAreaEffectPercent",25,,,,,,,,
"R_AreaEffectSizeThrower_L",,10,,,"TRUE","AddAreaEffectPercent",35,,,,,,,,
"R_BulletSizeThrower_Mini_S",,10,,,"TRUE","AddBulletSizePercent",10,,,,,,,,
"R_BulletSizeThrower_Mini_E",,10,,,"TRUE","AddBulletSizePercent",20,,,,,,,,
"R_BulletSizeThrower_Mini_L",,10,,,"TRUE","AddBulletSizePercent",30,,,,,,,,
"R_AreaEffectSizeThrower_Mini_S",,10,,,"TRUE","AddAreaEffectPercent",10,,,,,,,,
"R_AreaEffectSizeThrower_Mini_E",,10,,,"TRUE","AddAreaEffectPercent",20,,,,,,,,
"R_AreaEffectSizeThrower_Mini_L",,10,,,"TRUE","AddAreaEffectPercent",30,,,,,,,,
"R_DamageReduction_S",,10,,,"TRUE","DamageReductionPercent",15,,,,,,,,
"R_DamageReduction_E",,10,,,"TRUE","DamageReductionPercent",25,,,,,,,,
"R_DamageReduction_L",,10,,,"TRUE","DamageReductionPercent",30,,,,,,,,
"R_DamageReduction_Max_L",,10,,,"TRUE","DamageReductionPercent",40,,,,,,,,
"R_DamageReduction_Effect_E",,10,,,,"TriggerFollowAreaEffectWhenReceivingDmg_1",,,"RoguelikeShieldAreaEffect_E",,,,,,
"R_DamageReduction_Effect_L",,10,,,,"TriggerFollowAreaEffectWhenReceivingDmg_2",,,"RoguelikeShieldAreaEffect_L",,,,,,
"R_DamageReduction_Mini_S",,10,,,"TRUE","DamageReductionPercent",5,,,,,,,,
"R_DamageReduction_Mini_E",,10,,,"TRUE","DamageReductionPercent",10,,,,,,,,
"R_DamageReduction_Mini_L",,10,,,"TRUE","DamageReductionPercent",20,,,,,,,,
"R_LifeSteal_S",,10,,,"TRUE","LifeStealFromDamagePercent",15,,,,,,,,
"R_LifeSteal_E",,10,,,"TRUE","LifeStealFromDamagePercent",20,,,,,,,,
"R_LifeSteal_L",,10,,,"TRUE","LifeStealFromDamagePercent",30,,,,,,,,
"R_LifeSteal_Mini_S",,10,,,"TRUE","LifeStealFromDamagePercent",10,,,,,,,,
"R_LifeSteal_Mini_E",,10,,,"TRUE","LifeStealFromDamagePercent",15,,,,,,,,
"R_LifeSteal_Mini_L",,10,,,"TRUE","LifeStealFromDamagePercent",25,,,,,,,,
"R_LifeSteal_Pet_S",,10,,,"TRUE","LifeStealFromDamagePercent",15,,,,,,,,
"R_LifeSteal_Pet_E",,10,,,"TRUE","LifeStealFromDamagePercent",20,,,,,,,,
"R_LifeSteal_Pet_L",,10,,,"TRUE","LifeStealFromDamagePercent",30,,,,,,,,
"R_RegenFaster",,10,,,,"AddRegenSpeed",50,,,,,,,,
"R_ConsShield_Mini",,10,,,,"AddConsumabeShieldWhenDealinDmg",30,,,,,,,,
"R_ConsShield",,10,,,,"AddConsumabeShieldWhenDealinDmg",35,,,,,,,,
"R_SpawnBushOnMove",,10,,,,"SpawnAreaEffectWhileMoving",5,,"TankBushGrowArea",,,,,,
"R_SpawnBushOnAttack_L",,10,,,,"TriggerAreaEffectOnBasicAttack",,,"TankBushGrowAreaLarge",,,,,,
"R_HealOnKill",,10,,,,"SpawnAreaEffectSelfOnKill",2000,,"OnKillHealArea",,,,,,
"R_InvisibleOnKill",,10,,,,"SetInvisibleOnKill",60,,,,,,,,
"R_PowerCubeOnUlti",,10,,,,"DropPowercubeOnUlti",5,,,,,,,,
"R_HealOnMove",,10,,,,"SpawnAreaEffectWhileMoving",8,,"HealOnMove",,,,,,
"R_SpeedUpOnAtk",,10,,,,"TriggerAreaEffectOnBasicAttack",,,"OnHitSpeedyUpArea",,,,,,
"R_SpeedUpOnSuper",,10,,,,"TriggerAreaEffectWhenUlti",,,"OnHitSpeedyUpArea",,,,,,
"R_KnockbackOnTakeDmg",,10,,,,"TriggerAreaEffectWhenReceivingDmg",1,,"KnockBackReceivingDmg",,,,,,
"R_SeeThroghtBushOnSuper",,10,,,,"TriggerAreaEffectWhenUlti",,,"ControllerVisionArea",,,,,,
"R_SlowDownOnHit",,10,,,,"AddStatusEffectToEnermyOnHit_1",,,,,,"MarksmanHitSlowdown",,,
"R_PoisonOnHit_S",,10,,,,"AddStatusEffectToEnermyOnHit_1",,,,,,"MarksmanHitPoison_S",,,
"R_PoisonOnHit_E",,10,,,,"AddStatusEffectToEnermyOnHit_2",,,,,,"MarksmanHitPoison_E",,,
"R_PoisonOnHit_L",,10,,,,"AddStatusEffectToEnermyOnHit_1",,,,,,"MarksmanHitPoison_L",,,
"R_BurnOnHit_S",,10,,,,"AddStatusEffectToEnermyOnHit_1",,,,,,"RogueHitBurn_S",,,
"R_BurnOnHit_E",,10,,,,"AddStatusEffectToEnermyOnHit_2",,,,,,"RogueHitBurn_E",,,
"R_BurnOnHit_L",,10,,,,"AddStatusEffectToEnermyOnHit_1",,,,,,"RogueHitBurn_L",,,
"R_BurnOnHit_Hold_S",,10,,,,"AddStatusEffectToEnermyOnHit_1",,,,,,"RogueHitBurnHold_S",,,
"R_BurnOnHit_Hold_E",,10,,,,"AddStatusEffectToEnermyOnHit_2",,,,,,"RogueHitBurnHold_E",,,
"R_BurnOnHit_Hold_L",,10,,,,"AddStatusEffectToEnermyOnHit_1",,,,,,"RogueHitBurnHold_L",,,
"R_AutoChargeUlti_E",,10,,,"TRUE","AddChargeUltiAutomaticallyPerSecond",100,,,,,,,,
"R_AutoChargeUlti_L",,10,,,"TRUE","AddChargeUltiAutomaticallyPerSecond",144,,,,,,,,
"R_AutoChargeUlti_Max_L",,10,,,"TRUE","AddChargeUltiAutomaticallyPerSecond",300,,,,,,,,
"R_AutoChargeUlti_Max_E",,10,,,"TRUE","AddChargeUltiAutomaticallyPerSecond",500,,,,,,,,
"R_AutoChargeUlti_Sam_E",,10,,,"TRUE","AddChargeUltiAutomaticallyPerSecond",1000,,,,,,,,
"R_HomeInOnAtk_1",,10,,,,"AddBasicAttackSteerStrength",3,,,,,,,,
"R_HomeInOnAtk_2",,10,,,,"OverrideBasicAttackSteerIgnoreTicks",4,,,,,,,,
"R_HomeInOnAtk_3",,10,,,,"OverrideBasicAttackHomeDistance",5,,,,,,,,
"R_HomeInOnAtk_4",,10,,,,"OverrideBasicAttackTravelType",4,,,,,,,,
"R_HomeInOnAtk_Max_1",,10,,,,"AddBasicAttackSteerStrength",5,,,,,,,,
"R_HomeInOnUlti_1",,10,,,,"AddUltiSteerStrength",3,,,,,,,,
"R_HomeInOnUlti_2",,10,,,,"OverrideUltiSteerIgnoreTicks",5,,,,,,,,
"R_HomeInOnUlti_3",,10,,,,"OverrideUltiHomeDistance",5,,,,,,,,
"R_HomeInOnUlti_4",,10,,,,"OverrideUltiTravelType",4,,,,,,,,
"R_HomeInOnAtk_Melee_1",,10,,,,"AddBasicAttackSteerStrength",6,,,,,,,,
"R_HomeInOnAtk_Melee_2",,10,,,,"OverrideBasicAttackSteerIgnoreTicks",0,,,,,,,,
"R_HomeInOnAtk_Melee_3",,10,,,,"OverrideBasicAttackHomeDistance",5,,,,,,,,
"R_HomeInOnAtk_Melee_4",,10,,,,"OverrideBasicAttackTravelType",4,,,,,,,,
"R_DestroyEnvironment",,10,,,,"OverridePierceEnvironment",1,,,,,,,,
"R_PassEnvironment",,10,,,,"OverridePassEnvironment",1,,,,,,,,
"R_PierceCharacter",,10,,,,"OverridePiercesCharacters",1,,,,,,,,
"R_HealBuff_S",,10,,,"TRUE","HealingBuff",30,,,,,,,,
"R_HealBuff_E",,10,,,"TRUE","HealingBuff",50,,,,,,,,
"R_HealBuff_L",,10,,,"TRUE","HealingBuff",80,,,,,,,,
"R_HealBuff_Mini_S",,10,,,"TRUE","HealingBuff",20,,,,,,,,
"R_HealBuff_Mini_E",,10,,,"TRUE","HealingBuff",30,,,,,,,,
"R_HealBuff_Mini_L",,10,,,"TRUE","HealingBuff",50,,,,,,,,
"R_VisionInBush_S",,10,,,"TRUE","AddVisionInBush",1,,,,,,,,
"R_VisionInBush_E",,10,,,"TRUE","AddVisionInBush",2,,,,,,,,
"R_VisionInBush_L",,10,,,"TRUE","AddVisionInBush",3,,,,,,,,
"R_MoveSpeedInBush_S",,10,,,"TRUE","IncreaseSpeedInBushPercent",15,,,,,,,,
"R_MoveSpeedInBush_E",,10,,,"TRUE","IncreaseSpeedInBushPercent",30,,,,,,,,
"R_MoveSpeedInBush_Mini_E",,10,,,"TRUE","IncreaseSpeedInBushPercent",15,,,,,,,,
"R_PowerCubeOnKill",,10,,,,"DropPowercubeOnKill",1,,,,,,,,
"R_SpeedUpOnGadget_S",,10,,,,"TriggerAreaEffectOnGadget",,,"OnGadgetSpeedyUpArea",,,,,,
"R_PowerCubeEffective_E",,10,,,,"PowerCubeMoreEffective",25,,,,,,,,
"R_PowerCubeEffective_L",,10,,,,"PowerCubeMoreEffective",50,,,,,,,,
"R_PowerCubeDouble_L",,10,,,,"PowerCubeDouble",,,,,,,,,
"R_PowerCubeOnStart_S",,10,,,,"StartWithPowerCube_S",1,,,,,,,,
"R_PowerCubeOnStart_E",,10,,,,"StartWithPowerCube_E",2,,,,,,,,
"R_PowerCubeOnStart_L",,10,,,,"StartWithPowerCube_L",3,,,,,,,,
"R_PowerCubeOnKillDouble_L",,10,,,,"MultiplyPowerCubeOnKill",2,,,,,,,,
"R_HighHealthDamage_L",,10,,,"TRUE","AddHighHealthDamage",50,,,,,,,,
"R_LowHealthDamage_L",,10,,,"TRUE","AddLowHealthDamage",50,,,,,,,,
"R_LowHealthDamage_Mini_L",,10,,,"TRUE","AddLowHealthDamage",35,,,,,,,,
"R_LowHealthDamage_E",,10,,,"TRUE","AddLowHealthDamage",20,,,,,,,,
"R_ChargeSuperOnStart_S",,10,,,,"InstantChargeSuperPercent",50,,,,,,,,
"R_ChargeSuperOnStart_E",,10,,,,"InstantChargeSuperPercent",100,,,,,,,,
"R_ChargeHCOnStart_E",,10,,,,"InstantChargeHCPercent",50,,,,,,,,
"R_ChargeHCOnStart_Mini_L",,10,,,,"InstantChargeHCPercent",60,,,,,,,,
"R_ChargeHCOnStart_L",,10,,,,"InstantChargeHCPercent",75,,,,,,,,
"R_FireBallAround_E",,10,,,,"SpawnProjectileOnStartOrSelectPerk_1",3,"RogueliteCirclingProjectileClose",,,,,,,
"R_FireBallAround_L",,10,,,,"SpawnProjectileOnStartOrSelectPerk_2",5,"RogueliteCirclingProjectileFar",,,,,,,
"R_DashSpeed_Mini_E",,10,,,"TRUE","AddChargeSpeedPercentage",25,,,,,,,,
"R_DashSpeed_E",,10,,,"TRUE","AddChargeSpeedPercentage",50,,,,,,,,
"R_DashSpeed_Mini_L",,10,,,"TRUE","AddChargeSpeedPercentage",50,,,,,,,,
"R_PetMoveSpeed_S",,10,,,"TRUE","IncreasePetSpeedPercent",30,,,,,,,,
"R_PetMoveSpeed_E",,10,,,"TRUE","IncreasePetSpeedPercent",50,,,,,,,,
"R_PetMaxHP_S_1",,10,,,"TRUE","AddExtraHealthToSummonedMinionsPercent",40,,,,,,,,
"R_PetMaxHP_S_2",,10,,,"TRUE","AddExtraScaleToPets",18,,,,,,,,
"R_PetMaxHP_E_1",,10,,,"TRUE","AddExtraHealthToSummonedMinionsPercent",60,,,,,,,,
"R_PetMaxHP_E_2",,10,,,"TRUE","AddExtraScaleToPets",28,,,,,,,,
"R_PetMaxHP_L_1",,10,,,"TRUE","AddExtraHealthToSummonedMinionsPercent",80,,,,,,,,
"R_PetMaxHP_L_2",,10,,,"TRUE","AddExtraScaleToPets",50,,,,,,,,
"R_PetNumber_L_1",,10,,,"TRUE","AddMaxSpawns",1,,,,,,,,
"R_PetNumber_L_2",,10,,,"TRUE","AddNumSpawns",1,,,,,,,,
"R_ShootTwice_MainAtk_L_1",,10,,,,"ActiveTimeBasicAttackAddPercent",400,,,,,,,,
"R_ShootTwice_MainAtk_L_2",,10,,,,"MsBetweenBasicAttacksMultiply",4,,,,,,,,
"R_ShootTwice_Throw_L",,10,,,,"ActiveTimeBasicAttackAddPercent",100,,,,,,,,
"R_TriggerSuper_MoreTimes_Pet_L_1",,10,,,,"AddUltiUse",1,,,,,,,,
"R_TriggerSuper_MoreTimes_Pet_L_2",,10,,,,"OverrideMaxSpawns",2,,,,,,,,
"R_TriggerSuper_MoreTimes_1_L",,10,,,,"AddUltiUse",1,,,,,,,,
"R_Eve_TriggerSuper_MoreTimes_L_1",,10,,,,"AddUltiUse",1,,,,,,,,
"R_Eve_TriggerSuper_MoreTimes_L_2",,10,,,,"OverrideMaxSpawns",20,,,,,,,,
"R_Boomerang_L",,10,,,,"OverrideBasicAttackIsBoomerang",1,,,,,,,,
"R_ChargeUpSpeed_L",,10,,,"TRUE","AddHoldChargeUpTimePercent",100,,,,,,,,
"R_Spread_L",,10,,,,"AddSpreadBasicAttackPercent",200,,,,,,,,
"R_DOT_E",,10,,,"TRUE","AddStatusEffectTimePercentage",50,,,,,,,,
"R_DOT_L",,10,,,"TRUE","AddStatusEffectTimePercentage",75,,,,,,,,
"R_Berry_L",,10,,,,"TriggerAreaEffectWhenReceivingDmg",,,"PainterAreaEffectMutant",,,,,,
"R_Lumi_L",,10,,,,"IncreaseMaxHp",1,,,,,,,,
"R_Nita_L",,10,,,,"IncreaseMaxHp",1,,,,,,,,
"R_Bull_L",,10,,,,"IncreaseMaxHp",1,,,,,,,,
"R_Rico_Bounce_S_1",,10,,,"TRUE","AddNormalDistanceAddFromBouncePercent",50,,,,,,,,
"R_Rico_Bounce_S_2",,10,,,"TRUE","AddUltiDistanceAddFromBouncePercent",30,,,,,,,,
"R_Rico_Bounce_S_3",,10,,,,"OverrideMaxDistanceAddBounces",5,,,,,,,,
"R_Rico_Bounce_S_4",,10,,,,"OverrideMaxDistanceAddBouncesUlti",6,,,,,,,,
"R_Rico_Bounce_E_1",,10,,,"TRUE","AddNormalDistanceAddFromBouncePercent",100,,,,,,,,
"R_Rico_Bounce_E_2",,10,,,"TRUE","AddUltiDistanceAddFromBouncePercent",60,,,,,,,,
"R_Rico_Bounce_E_3",,10,,,,"OverrideMaxDistanceAddBounces",5,,,,,,,,
"R_Rico_Bounce_E_4",,10,,,,"OverrideMaxDistanceAddBouncesUlti",6,,,,,,,,
"R_Rico_Bounce_L_1",,10,,,"TRUE","AddNormalDistanceAddFromBouncePercent",200,,,,,,,,
"R_Rico_Bounce_L_2",,10,,,"TRUE","AddUltiDistanceAddFromBouncePercent",150,,,,,,,,
"R_Rico_Bounce_L_3",,10,,,,"OverrideMaxDistanceAddBounces",5,,,,,,,,
"R_Rico_Bounce_L_4",,10,,,,"OverrideMaxDistanceAddBouncesUlti",6,,,,,,,,
"R_Ruff_Bounce_S_1",,10,,,"TRUE","AddNormalDistanceAddFromBouncePercent",50,,,,,,,,
"R_Ruff_Bounce_S_2",,10,,,,"OverrideMaxDistanceAddBounces",4,,,,,,,,
"R_Ruff_Bounce_E_1",,10,,,"TRUE","AddNormalDistanceAddFromBouncePercent",100,,,,,,,,
"R_Ruff_Bounce_E_2",,10,,,,"OverrideMaxDistanceAddBounces",4,,,,,,,,
"R_Ruff_Bounce_L_1",,10,,,"TRUE","AddNormalDistanceAddFromBouncePercent",250,,,,,,,,
"R_Ruff_Bounce_L_2",,10,,,,"OverrideMaxDistanceAddBounces",4,,,,,,,,
"R_Gus_L_1",,10,,,,"OverrideChargeUpMax",1,,,,,,,,
"R_Gus_L_2",,10,,,,"OverrideChargeUp",1,,,,,,,,
"R_Gus_L_3",,10,,,,"IgnoreChargeReset",1,,,,,,,,
"R_Brock_L",,10,,,,"OverrideActiveTimeBasicAttack",300,,,,,,,,
"R_Mortis_Dash_E_1",,10,,,"TRUE","AddCastingRange",1,,,,,,,,
"R_Mortis_Dash_E_2",,10,,,"TRUE","AddChargeSpeedPercentage",50,,,,,,,,
"R_Mortis_Dash_L_1",,10,,,"TRUE","AddCastingRange",2,,,,,,,,
"R_Mortis_Dash_L_2",,10,,,"TRUE","AddChargeSpeedPercentage",100,,,,,,,,
"R_Tick_BulleNumber_E",,10,,,"TRUE","AddBulletExplosionNumber",1,,,,,,,,
"R_Tick_BulleNumber_L",,10,,,"TRUE","AddBulletExplosionNumber",2,,,,,,,,
"R_Shelly_L_1",,10,,,,"OverrideNumBulletsInUlti",14,,,,,,,,
"R_Shelly_L_2",,10,,,,"OverrideSpreadUlti",200,,,,,,,,
"R_Hank_L",,10,,,,"TriggerAreaEffectWhenReceivingDmg",,,"FishTankOnHitArea",,,,,,
"R_Primo_L",,10,,,,"TriggerAreaEffectWhenReceivingDmg",,,"LuchadorMeteorSpawnSmall",,,,,,
"R_Draco_Super_L",,10,,,,"OverrideMountUpDurationTicks",-1,,,,,,,,
"R_Barley_Slow_L",,10,,,,"SpawnAreaEffectWhileMoving",20,,"BarkeepSlowPuddleSmall",,,,,,
"R_Carl_Reload_L",,10,,,"TRUE","AddReloadSpeedPercent",75,,,,,,,,
"R_Emz_Area_L",,10,,,"TRUE","AddAreaEffectPercent",35,,,,,,,,
"R_8Bit_Speed_L",,10,,,"TRUE","IncreaseSpeedPercent",50,,,,,,,,
"R_Frank_HP_L",,10,,,"TRUE","IncreaseMaxHp",50,,,,,,,,
"R_Angelo_Area_L",,10,,,"TRUE","AddAreaEffectPercent",100,,,,,,,,
"R_Ash_PetNumber_L_1",,10,,,"TRUE","AddMaxSpawns",1,,,,,,,,
"R_Ash_PetNumber_L_2",,10,,,"TRUE","AddNumSpawns",10,,,,,,,,
"R_Eve_PetNumber_L_1",,10,,,"TRUE","AddMaxSpawns",1,,,,,,,,
"R_Eve_PetNumber_L_2",,10,,,"TRUE","AddNumSpawns",1,,,,,,,,
"R_Poco_Heal_L",,10,,,,"TriggerAreaEffectWhenReceivingDmg",,,"PocoRogueliteRegenArea",,,,,,
"R_Meeple_HomeInMore_L",,10,,,,"AddBasicAttackSteerStrength",4,,,,,,,,
"R_Angelo_HoldTime_L",,10,,,,"AddHoldChargeUpTimePercent",100,,,,,,,,
"R_Gale_MoreBullet_S",,10,,,"TRUE","AddBasicAttackNumBullets",2,,,,,,,,
"R_Gale_MoreBullet_E_1",,10,,,"TRUE","AddBasicAttackNumBullets",4,,,,,,,,
"R_Gale_MoreBullet_E_2",,10,,,"TRUE","AddUltiAttackNumBullets",1,,,,,,,,
"R_Gale_MoreBullet_L_1",,10,,,"TRUE","AddBasicAttackNumBullets",6,,,,,,,,
"R_Gale_MoreBullet_L_2",,10,,,"TRUE","AddUltiAttackNumBullets",3,,,,,,,,
"R_Dynamike_Delay_L",,10,,,"TRUE","ReduceTriggerWithDelayMs",60,,,,,,,,
"R_Olli_Bullet_L",,10,,,"TRUE","AddBasicAttackNumBullets",3,,,,,,,,
"R_Olli_Spread_L",,10,,,"TRUE","AddSpreadBasicAttackPercent",300,,,,,,,,
"R_Janet_ActiveTime_L",,10,,,"TRUE","AddActiveTimeUltiAttackPercentage",60,,,,,,,,
"R_Buster_ActiveTime_L",,10,,,,"AddActiveTimeUltiAttackPercentage",100,,,,,,,,
"R_Chuck_Super_E",,10,,,"TRUE","AddChargeUltiAutomaticallyPerSecond",500,,,,,,,,
"R_Gene_SuperRange_L",,10,,,,"OverrideUltiCastingRange",150,,,,,,,,
"R_Bea_Shield_L",,10,,,,"AddOneHPShield",1,,"OneHPShieldPushback",,,"OneHPInvulnerability",,,
"R_Byron_StatusEffect_L",,10,,,"TRUE","AddStatusEffectTimePercentage",50,,,,,,,,
"R_Spike_BulletMore_E",,10,,,,"AddBulletExplosionNumber",1,,,,,,,,
"R_Spike_BulletMore_L",,10,,,,"AddBulletExplosionNumber",2,,,,,,,,
"R_Sprout_GadgetCooldown_L",,10,,,,"DecreaseGadgetCooldownPercent",80,,,,,,,,
"R_Charlie_Spider_L",,10,,,,"SpawnCharacterWhileMoving",60,,,"CocoonerPet",,,,,
"R_Bo_InfinateMine_L",,10,,,,"OverrideNumMaxItems",99,,,,,,,,
"R_Codilus_MainAtk_L",,10,,,,"ActiveTimeBasicAttackAddPercent",50,,,,,,,,
"R_Shade_SuperLastTime_L",,10,,,,"AddActiveTimeUltiAttackPercentage",100,,,,,,,,
"R_Melodie_Notes_L",,10,,,"TRUE","AddChainBulletsMaxProjectile",2,,,,,,,,
"R_Buzz_SuperRange_L_1",,10,,,,"OverrideUltiCastingRange",60,,,,,,,,
"R_Buzz_SuperRange_L_2",,10,,,,"AddProjectileSpeedPercent",60,,,,,,,,
"R_Bo_MainAtkMore_L",,10,,,,"ActiveTimeBasicAttackAddPercent",30,,,,,,,,
"R_Squeak_SpawnAreaE_L",,10,,,,"TriggerAreaEffectWhenUlti",,,"RogueliteLCardSqueak",,,,,,
"R_Colt_MoreBullet_L",,10,,,,"ActiveTimeBasicAttackAddPercent",45,,,,,,,,
"R_Nani_Bullets_L_1",,10,,,"TRUE","AddBasicAttackNumBullets",2,,,,,,,,
"R_Nani_Bullets_L_2",,10,,,"TRUE","AddSpreadBasicAttackPercent",80,,,,,,,,
"R_Nani_Super_E",,10,,,"TRUE","AddUltiSteerLifeTimePercent",50,,,,,,,,
"R_Nani_Super_L",,10,,,"TRUE","AddUltiSteerLifeTimePercent",150,,,,,,,,
"R_Hank_Range_S_1",,10,,,"TRUE","AddCastingRangePercent",10,,,,,,,,
"R_Hank_Range_S_2",,10,,,"TRUE","AddAreaEffectPercent",10,,,,,,,,
"R_Hank_Range_S_3",,10,,,"TRUE","AddEffectSizePercent",10,,,,,,,,
"R_Hank_Range_E_1",,10,,,"TRUE","AddCastingRangePercent",15,,,,,,,,
"R_Hank_Range_E_2",,10,,,"TRUE","AddAreaEffectPercent",15,,,,,,,,
"R_Hank_Range_E_3",,10,,,"TRUE","AddEffectSizePercent",15,,,,,,,,
"R_Hank_Range_L_1",,10,,,"TRUE","AddCastingRangePercent",25,,,,,,,,
"R_Hank_Range_L_2",,10,,,"TRUE","AddAreaEffectPercent",25,,,,,,,,
"R_Hank_Range_L_3",,10,,,"TRUE","AddEffectSizePercent",25,,,,,,,,
"R_Add_Bullets_BasicAttack_ULTRA_1",,10,,,"TRUE","AddBasicAttackNumBullets",4,,,,,,,,
"R_Add_Bullets_BasicAttack_ULTRA_2",,10,,,"TRUE","AddSpreadBasicAttack",80,,,,,,,,
"R_Add_Bullets_BasicAttack_L_1",,10,,,"TRUE","AddBasicAttackNumBullets",1,,,,,,,,
"R_Add_Bullets_BasicAttack_L_2",,10,,,"TRUE","AddSpreadBasicAttack",30,,,,,,,,
"R_Kit_PowerCube_E",,10,,,,"StartWithPowerCube_E",1,,,,,,,,
"R_Mina_Shield_L",,10,,,,"TriggerAreaEffectWhenUlti",,,"RogueliteDancerBlockProjectiles",,,,,,
"R_Chuck_Pole_E",,10,,,"TRUE","AddNumMaxItems",1,,,,,,,,
"R_Chuck_Pole_L",,10,,,"TRUE","AddNumMaxItems",2,,,,,,,,
"R_Clancy_Level_L",,10,,,"TRUE","StartWithLevel",7,,,,,,,,
"R_Kit_AttackRange_L_1",,10,,,"TRUE","AddCastingRange",1,,,,,,,,
"R_Kit_AttackRange_L_2",,10,,,"TRUE","AddSpreadBasicAttackPercent",-40,,,,,,,,
"R_Kit_AttackRange_L_3",,10,,,"TRUE","AddEffectSizePercent",35,,,,,,,,
"R_Shade_AttackRange_L_1",,10,,,"TRUE","AddCastingRange",1,,,,,,,,
"R_Shade_AttackRange_L_2",,10,,,"TRUE","AddEffectSizePercent",15,,,,,,,,
"R_Otis_ActiveTime_L",,10,,,"TRUE","ActiveTimeBasicAttackAddPercent",20,,,,,,,,
"R_PowerCubeOnStart_ULTRA",,10,,,,"StartWithPowerCube_ULTRA",20,,,,,,,,
"R_MoveSpeed_ULTRA",,10,,,"TRUE","IncreaseSpeedPercent",45,,,,,,,,
"ActorPlaceholderTrait",,7,,"TRUE","TRUE","IncreaseMaxHp",10,,,,,,,,
"DemogorgonLifeSteal",,,,"TRUE",,"LifeStealFromDamagePercent",30,,,,,,,,
"R_God_ScaleUp",,10,,,"TRUE","AddExtraScale",40,,,,,,,,
"R_God_Max_ScaleUp",,10,,,"TRUE","AddExtraScale",100,,,,,,,,
"R_Leon_Super_L",,10,,,"TRUE","AddActiveTimeUltiAttackPercentage",200,,,,,,,,
"R_Bibi_Range_L_1",,10,,,"TRUE","AddCastingRange",1,,,,,,,,
"R_Bibi_Range_L_2",,10,,,"TRUE","AddEffectSizePercent",50,,,,,,,,
"R_MaxHp_Absolute_Mini_Mini_S",,10,,,"TRUE","IncreaseMaxHpAbsolute",800,,,,,,,,
"R_MaxHp_Absolute_Mini_Mini_E",,10,,,"TRUE","IncreaseMaxHpAbsolute",1000,,,,,,,,
"R_MaxHp_Absolute_Mini_Mini_L",,10,,,"TRUE","IncreaseMaxHpAbsolute",1500,,,,,,,,
"R_GadgetCooldown_Mini_Min_S",,10,,,"TRUE","DecreaseGadgetCooldownPercent",15,,,,,,,,
"R_GadgetCooldown_Mini_Min_E",,10,,,"TRUE","DecreaseGadgetCooldownPercent",25,,,,,,,,
"R_GadgetCooldown_Mini_Min_L",,10,,,"TRUE","DecreaseGadgetCooldownPercent",40,,,,,,,,
"R_HCTime_L",,10,,,"TRUE","AddHCActiveTimePercent",120,,,,,,,,
"R_MoveSpeed_Mini_Mini_S",,10,,,"TRUE","IncreaseSpeedPercent",10,,,,,,,,
"R_MoveSpeed_Mini_Mini_E",,10,,,"TRUE","IncreaseSpeedPercent",15,,,,,,,,
"R_MoveSpeed_Mini_Mini_L",,10,,,"TRUE","IncreaseSpeedPercent",20,,,,,,,,
"R_Frank_Scale_S",,10,,,"TRUE","AddExtraScale",5,,,,,,,,
"R_Frank_Scale_E",,10,,,"TRUE","AddExtraScale",15,,,,,,,,
"R_Frank_Scale_L",,10,,,"TRUE","AddExtraScale",30,,,,,,,,
"R_Melodie_Notes_E",,10,,,"TRUE","AddChainBulletsMaxProjectile",1,,,,,,,,
"R_BulletSize_Max_S",,10,,,"TRUE","AddBulletSizePercent",30,,,,,,,,
"R_BulletSize_Max_E",,10,,,"TRUE","AddBulletSizePercent",45,,,,,,,,
"R_BulletSize_Max_L",,10,,,"TRUE","AddBulletSizePercent",60,,,,,,,,
"R_Janet_ActiveTime_E",,10,,,"TRUE","AddActiveTimeUltiAttackPercentage",30,,,,,,,,
"R_Frank_SpeedDown_S",,10,,,"TRUE","IncreaseSpeedPercent",-4,,,,,,,,
"R_Frank_SpeedDown_E",,10,,,"TRUE","IncreaseSpeedPercent",-7,,,,,,,,
"R_Frank_SpeedDown_L",,10,,,"TRUE","IncreaseSpeedPercent",-11,,,,,,,,
"R_MoveSpeedInBush_Mini_S",,10,,,"TRUE","IncreaseSpeedInBushPercent",10,,,,,,,,
"R_Kaze_EffectSize_S",,10,,,"TRUE","AddEffectSizePercent",15,,,,,,,,
"R_Kaze_EffectSize_E",,10,,,"TRUE","AddEffectSizePercent",25,,,,,,,,
"R_Kaze_EffectSize_L",,10,,,"TRUE","AddEffectSizePercent",45,,,,,,,,
"R_MaxHp_Absolute_Meg_S",,10,,,"TRUE","IncreaseMaxHpAbsolute",500,,,,,,,,
"R_MaxHp_Absolute_Meg_E",,10,,,"TRUE","IncreaseMaxHpAbsolute",800,,,,,,,,
"R_MaxHp_Absolute_Meg_L",,10,,,"TRUE","IncreaseMaxHpAbsolute",1000,,,,,,,,
"R_HighHealthDamage_E",,10,,,"TRUE","AddHighHealthDamage",25,,,,,,,,
